<?xml version="1.0" encoding="UTF-8"?>
<kml xmlns="http://www.opengis.net/kml/2.2">
  <Document>
    <name>DIVIETI</name>
    <Style id="icon-1541-0F9D58-normal">
      <IconStyle>
        <color>ff589d0f</color>
        <scale>1</scale>
        <Icon>
          <href>https://www.gstatic.com/mapspro/images/stock/503-wht-blank_maps.png</href>
        </Icon>
      </IconStyle>
      <LabelStyle>
        <scale>0</scale>
      </LabelStyle>
    </Style>
    <Style id="icon-1541-0F9D58-highlight">
      <IconStyle>
        <color>ff589d0f</color>
        <scale>1</scale>
        <Icon>
          <href>https://www.gstatic.com/mapspro/images/stock/503-wht-blank_maps.png</href>
        </Icon>
      </IconStyle>
      <LabelStyle>
        <scale>1</scale>
      </LabelStyle>
    </Style>
    <StyleMap id="icon-1541-0F9D58">
      <Pair>
        <key>normal</key>
        <styleUrl>#icon-1541-0F9D58-normal</styleUrl>
      </Pair>
      <Pair>
        <key>highlight</key>
        <styleUrl>#icon-1541-0F9D58-highlight</styleUrl>
      </Pair>
    </StyleMap>
    <Style id="icon-1541-757575-normal">
      <IconStyle>
        <color>ff757575</color>
        <scale>1</scale>
        <Icon>
          <href>https://www.gstatic.com/mapspro/images/stock/503-wht-blank_maps.png</href>
        </Icon>
      </IconStyle>
      <LabelStyle>
        <scale>0</scale>
      </LabelStyle>
    </Style>
    <Style id="icon-1541-757575-highlight">
      <IconStyle>
        <color>ff757575</color>
        <scale>1</scale>
        <Icon>
          <href>https://www.gstatic.com/mapspro/images/stock/503-wht-blank_maps.png</href>
        </Icon>
      </IconStyle>
      <LabelStyle>
        <scale>1</scale>
      </LabelStyle>
    </Style>
    <StyleMap id="icon-1541-757575">
      <Pair>
        <key>normal</key>
        <styleUrl>#icon-1541-757575-normal</styleUrl>
      </Pair>
      <Pair>
        <key>highlight</key>
        <styleUrl>#icon-1541-757575-highlight</styleUrl>
      </Pair>
    </StyleMap>
    <Style id="icon-1541-795548-normal">
      <IconStyle>
        <color>ff485579</color>
        <scale>1</scale>
        <Icon>
          <href>https://www.gstatic.com/mapspro/images/stock/503-wht-blank_maps.png</href>
        </Icon>
      </IconStyle>
      <LabelStyle>
        <scale>0</scale>
      </LabelStyle>
    </Style>
    <Style id="icon-1541-795548-highlight">
      <IconStyle>
        <color>ff485579</color>
        <scale>1</scale>
        <Icon>
          <href>https://www.gstatic.com/mapspro/images/stock/503-wht-blank_maps.png</href>
        </Icon>
      </IconStyle>
      <LabelStyle>
        <scale>1</scale>
      </LabelStyle>
    </Style>
    <StyleMap id="icon-1541-795548">
      <Pair>
        <key>normal</key>
        <styleUrl>#icon-1541-795548-normal</styleUrl>
      </Pair>
      <Pair>
        <key>highlight</key>
        <styleUrl>#icon-1541-795548-highlight</styleUrl>
      </Pair>
    </StyleMap>
    <Style id="icon-1541-880E4F-normal">
      <IconStyle>
        <color>ff4f0e88</color>
        <scale>1</scale>
        <Icon>
          <href>https://www.gstatic.com/mapspro/images/stock/503-wht-blank_maps.png</href>
        </Icon>
      </IconStyle>
      <LabelStyle>
        <scale>0</scale>
      </LabelStyle>
    </Style>
    <Style id="icon-1541-880E4F-highlight">
      <IconStyle>
        <color>ff4f0e88</color>
        <scale>1</scale>
        <Icon>
          <href>https://www.gstatic.com/mapspro/images/stock/503-wht-blank_maps.png</href>
        </Icon>
      </IconStyle>
      <LabelStyle>
        <scale>1</scale>
      </LabelStyle>
    </Style>
    <StyleMap id="icon-1541-880E4F">
      <Pair>
        <key>normal</key>
        <styleUrl>#icon-1541-880E4F-normal</styleUrl>
      </Pair>
      <Pair>
        <key>highlight</key>
        <styleUrl>#icon-1541-880E4F-highlight</styleUrl>
      </Pair>
    </StyleMap>
    <Style id="icon-1541-9C27B0-normal">
      <IconStyle>
        <color>ffb0279c</color>
        <scale>1</scale>
        <Icon>
          <href>https://www.gstatic.com/mapspro/images/stock/503-wht-blank_maps.png</href>
        </Icon>
      </IconStyle>
      <LabelStyle>
        <scale>0</scale>
      </LabelStyle>
    </Style>
    <Style id="icon-1541-9C27B0-highlight">
      <IconStyle>
        <color>ffb0279c</color>
        <scale>1</scale>
        <Icon>
          <href>https://www.gstatic.com/mapspro/images/stock/503-wht-blank_maps.png</href>
        </Icon>
      </IconStyle>
      <LabelStyle>
        <scale>1</scale>
      </LabelStyle>
    </Style>
    <StyleMap id="icon-1541-9C27B0">
      <Pair>
        <key>normal</key>
        <styleUrl>#icon-1541-9C27B0-normal</styleUrl>
      </Pair>
      <Pair>
        <key>highlight</key>
        <styleUrl>#icon-1541-9C27B0-highlight</styleUrl>
      </Pair>
    </StyleMap>
    <Style id="icon-1541-C2185B-normal">
      <IconStyle>
        <color>ff5b18c2</color>
        <scale>1</scale>
        <Icon>
          <href>https://www.gstatic.com/mapspro/images/stock/503-wht-blank_maps.png</href>
        </Icon>
      </IconStyle>
      <LabelStyle>
        <scale>0</scale>
      </LabelStyle>
    </Style>
    <Style id="icon-1541-C2185B-highlight">
      <IconStyle>
        <color>ff5b18c2</color>
        <scale>1</scale>
        <Icon>
          <href>https://www.gstatic.com/mapspro/images/stock/503-wht-blank_maps.png</href>
        </Icon>
      </IconStyle>
      <LabelStyle>
        <scale>1</scale>
      </LabelStyle>
    </Style>
    <StyleMap id="icon-1541-C2185B">
      <Pair>
        <key>normal</key>
        <styleUrl>#icon-1541-C2185B-normal</styleUrl>
      </Pair>
      <Pair>
        <key>highlight</key>
        <styleUrl>#icon-1541-C2185B-highlight</styleUrl>
      </Pair>
    </StyleMap>
    <Style id="icon-1541-E65100-normal">
      <IconStyle>
        <color>ff0051e6</color>
        <scale>1</scale>
        <Icon>
          <href>https://www.gstatic.com/mapspro/images/stock/503-wht-blank_maps.png</href>
        </Icon>
      </IconStyle>
      <LabelStyle>
        <scale>0</scale>
      </LabelStyle>
    </Style>
    <Style id="icon-1541-E65100-highlight">
      <IconStyle>
        <color>ff0051e6</color>
        <scale>1</scale>
        <Icon>
          <href>https://www.gstatic.com/mapspro/images/stock/503-wht-blank_maps.png</href>
        </Icon>
      </IconStyle>
      <LabelStyle>
        <scale>1</scale>
      </LabelStyle>
    </Style>
    <StyleMap id="icon-1541-E65100">
      <Pair>
        <key>normal</key>
        <styleUrl>#icon-1541-E65100-normal</styleUrl>
      </Pair>
      <Pair>
        <key>highlight</key>
        <styleUrl>#icon-1541-E65100-highlight</styleUrl>
      </Pair>
    </StyleMap>
    <Style id="icon-1541-FF5252-normal">
      <IconStyle>
        <color>ff5252ff</color>
        <scale>1</scale>
        <Icon>
          <href>https://www.gstatic.com/mapspro/images/stock/503-wht-blank_maps.png</href>
        </Icon>
      </IconStyle>
      <LabelStyle>
        <scale>0</scale>
      </LabelStyle>
    </Style>
    <Style id="icon-1541-FF5252-highlight">
      <IconStyle>
        <color>ff5252ff</color>
        <scale>1</scale>
        <Icon>
          <href>https://www.gstatic.com/mapspro/images/stock/503-wht-blank_maps.png</href>
        </Icon>
      </IconStyle>
      <LabelStyle>
        <scale>1</scale>
      </LabelStyle>
    </Style>
    <StyleMap id="icon-1541-FF5252">
      <Pair>
        <key>normal</key>
        <styleUrl>#icon-1541-FF5252-normal</styleUrl>
      </Pair>
      <Pair>
        <key>highlight</key>
        <styleUrl>#icon-1541-FF5252-highlight</styleUrl>
      </Pair>
    </StyleMap>
    <Style id="icon-1574-9C27B0-normal">
      <IconStyle>
        <color>ffb0279c</color>
        <scale>1</scale>
        <Icon>
          <href>https://www.gstatic.com/mapspro/images/stock/503-wht-blank_maps.png</href>
        </Icon>
      </IconStyle>
      <LabelStyle>
        <scale>0</scale>
      </LabelStyle>
    </Style>
    <Style id="icon-1574-9C27B0-highlight">
      <IconStyle>
        <color>ffb0279c</color>
        <scale>1</scale>
        <Icon>
          <href>https://www.gstatic.com/mapspro/images/stock/503-wht-blank_maps.png</href>
        </Icon>
      </IconStyle>
      <LabelStyle>
        <scale>1</scale>
      </LabelStyle>
    </Style>
    <StyleMap id="icon-1574-9C27B0">
      <Pair>
        <key>normal</key>
        <styleUrl>#icon-1574-9C27B0-normal</styleUrl>
      </Pair>
      <Pair>
        <key>highlight</key>
        <styleUrl>#icon-1574-9C27B0-highlight</styleUrl>
      </Pair>
    </StyleMap>
    <Style id="icon-1608-0F9D58-normal">
      <IconStyle>
        <color>ff589d0f</color>
        <scale>1</scale>
        <Icon>
          <href>https://www.gstatic.com/mapspro/images/stock/503-wht-blank_maps.png</href>
        </Icon>
      </IconStyle>
      <LabelStyle>
        <scale>0</scale>
      </LabelStyle>
    </Style>
    <Style id="icon-1608-0F9D58-highlight">
      <IconStyle>
        <color>ff589d0f</color>
        <scale>1</scale>
        <Icon>
          <href>https://www.gstatic.com/mapspro/images/stock/503-wht-blank_maps.png</href>
        </Icon>
      </IconStyle>
      <LabelStyle>
        <scale>1</scale>
      </LabelStyle>
    </Style>
    <StyleMap id="icon-1608-0F9D58">
      <Pair>
        <key>normal</key>
        <styleUrl>#icon-1608-0F9D58-normal</styleUrl>
      </Pair>
      <Pair>
        <key>highlight</key>
        <styleUrl>#icon-1608-0F9D58-highlight</styleUrl>
      </Pair>
    </StyleMap>
    <Style id="icon-1685-006064-normal">
      <IconStyle>
        <color>ff646000</color>
        <scale>1</scale>
        <Icon>
          <href>https://www.gstatic.com/mapspro/images/stock/503-wht-blank_maps.png</href>
        </Icon>
      </IconStyle>
      <LabelStyle>
        <scale>0</scale>
      </LabelStyle>
    </Style>
    <Style id="icon-1685-006064-highlight">
      <IconStyle>
        <color>ff646000</color>
        <scale>1</scale>
        <Icon>
          <href>https://www.gstatic.com/mapspro/images/stock/503-wht-blank_maps.png</href>
        </Icon>
      </IconStyle>
      <LabelStyle>
        <scale>1</scale>
      </LabelStyle>
    </Style>
    <StyleMap id="icon-1685-006064">
      <Pair>
        <key>normal</key>
        <styleUrl>#icon-1685-006064-normal</styleUrl>
      </Pair>
      <Pair>
        <key>highlight</key>
        <styleUrl>#icon-1685-006064-highlight</styleUrl>
      </Pair>
    </StyleMap>
    <Style id="icon-1899-E65100-normal">
      <IconStyle>
        <color>ff0051e6</color>
        <scale>1</scale>
        <Icon>
          <href>https://www.gstatic.com/mapspro/images/stock/503-wht-blank_maps.png</href>
        </Icon>
        <hotSpot x="32" xunits="pixels" y="64" yunits="insetPixels"/>
      </IconStyle>
      <LabelStyle>
        <scale>0</scale>
      </LabelStyle>
    </Style>
    <Style id="icon-1899-E65100-highlight">
      <IconStyle>
        <color>ff0051e6</color>
        <scale>1</scale>
        <Icon>
          <href>https://www.gstatic.com/mapspro/images/stock/503-wht-blank_maps.png</href>
        </Icon>
        <hotSpot x="32" xunits="pixels" y="64" yunits="insetPixels"/>
      </IconStyle>
      <LabelStyle>
        <scale>1</scale>
      </LabelStyle>
    </Style>
    <StyleMap id="icon-1899-E65100">
      <Pair>
        <key>normal</key>
        <styleUrl>#icon-1899-E65100-normal</styleUrl>
      </Pair>
      <Pair>
        <key>highlight</key>
        <styleUrl>#icon-1899-E65100-highlight</styleUrl>
      </Pair>
    </StyleMap>
    <Style id="line-0F9D58-3325-normal">
      <LineStyle>
        <color>ff589d0f</color>
        <width>3.325</width>
      </LineStyle>
    </Style>
    <Style id="line-0F9D58-3325-highlight">
      <LineStyle>
        <color>ff589d0f</color>
        <width>4.9875</width>
      </LineStyle>
    </Style>
    <StyleMap id="line-0F9D58-3325">
      <Pair>
        <key>normal</key>
        <styleUrl>#line-0F9D58-3325-normal</styleUrl>
      </Pair>
      <Pair>
        <key>highlight</key>
        <styleUrl>#line-0F9D58-3325-highlight</styleUrl>
      </Pair>
    </StyleMap>
    <Style id="line-0F9D58-4100-normal">
      <LineStyle>
        <color>ff589d0f</color>
        <width>4.1</width>
      </LineStyle>
    </Style>
    <Style id="line-0F9D58-4100-highlight">
      <LineStyle>
        <color>ff589d0f</color>
        <width>6.15</width>
      </LineStyle>
    </Style>
    <StyleMap id="line-0F9D58-4100">
      <Pair>
        <key>normal</key>
        <styleUrl>#line-0F9D58-4100-normal</styleUrl>
      </Pair>
      <Pair>
        <key>highlight</key>
        <styleUrl>#line-0F9D58-4100-highlight</styleUrl>
      </Pair>
    </StyleMap>
    <Style id="line-795548-3131-normal">
      <LineStyle>
        <color>ff485579</color>
        <width>3.131</width>
      </LineStyle>
    </Style>
    <Style id="line-795548-3131-highlight">
      <LineStyle>
        <color>ff485579</color>
        <width>4.6965</width>
      </LineStyle>
    </Style>
    <StyleMap id="line-795548-3131">
      <Pair>
        <key>normal</key>
        <styleUrl>#line-795548-3131-normal</styleUrl>
      </Pair>
      <Pair>
        <key>highlight</key>
        <styleUrl>#line-795548-3131-highlight</styleUrl>
      </Pair>
    </StyleMap>
    <Style id="line-795548-4100-normal">
      <LineStyle>
        <color>ff485579</color>
        <width>4.1</width>
      </LineStyle>
    </Style>
    <Style id="line-795548-4100-highlight">
      <LineStyle>
        <color>ff485579</color>
        <width>6.15</width>
      </LineStyle>
    </Style>
    <StyleMap id="line-795548-4100">
      <Pair>
        <key>normal</key>
        <styleUrl>#line-795548-4100-normal</styleUrl>
      </Pair>
      <Pair>
        <key>highlight</key>
        <styleUrl>#line-795548-4100-highlight</styleUrl>
      </Pair>
    </StyleMap>
    <Style id="line-880E4F-3906-normal">
      <LineStyle>
        <color>ff4f0e88</color>
        <width>3.906</width>
      </LineStyle>
    </Style>
    <Style id="line-880E4F-3906-highlight">
      <LineStyle>
        <color>ff4f0e88</color>
        <width>5.859</width>
      </LineStyle>
    </Style>
    <StyleMap id="line-880E4F-3906">
      <Pair>
        <key>normal</key>
        <styleUrl>#line-880E4F-3906-normal</styleUrl>
      </Pair>
      <Pair>
        <key>highlight</key>
        <styleUrl>#line-880E4F-3906-highlight</styleUrl>
      </Pair>
    </StyleMap>
    <Style id="line-880E4F-4100-normal">
      <LineStyle>
        <color>ff4f0e88</color>
        <width>4.1</width>
      </LineStyle>
    </Style>
    <Style id="line-880E4F-4100-highlight">
      <LineStyle>
        <color>ff4f0e88</color>
        <width>6.15</width>
      </LineStyle>
    </Style>
    <StyleMap id="line-880E4F-4100">
      <Pair>
        <key>normal</key>
        <styleUrl>#line-880E4F-4100-normal</styleUrl>
      </Pair>
      <Pair>
        <key>highlight</key>
        <styleUrl>#line-880E4F-4100-highlight</styleUrl>
      </Pair>
    </StyleMap>
    <Style id="line-880E4F-4681-normal">
      <LineStyle>
        <color>ff4f0e88</color>
        <width>4.681</width>
      </LineStyle>
    </Style>
    <Style id="line-880E4F-4681-highlight">
      <LineStyle>
        <color>ff4f0e88</color>
        <width>7.0215</width>
      </LineStyle>
    </Style>
    <StyleMap id="line-880E4F-4681">
      <Pair>
        <key>normal</key>
        <styleUrl>#line-880E4F-4681-normal</styleUrl>
      </Pair>
      <Pair>
        <key>highlight</key>
        <styleUrl>#line-880E4F-4681-highlight</styleUrl>
      </Pair>
    </StyleMap>
    <Style id="line-880E4F-5263-normal">
      <LineStyle>
        <color>ff4f0e88</color>
        <width>5.263</width>
      </LineStyle>
    </Style>
    <Style id="line-880E4F-5263-highlight">
      <LineStyle>
        <color>ff4f0e88</color>
        <width>7.8945</width>
      </LineStyle>
    </Style>
    <StyleMap id="line-880E4F-5263">
      <Pair>
        <key>normal</key>
        <styleUrl>#line-880E4F-5263-normal</styleUrl>
      </Pair>
      <Pair>
        <key>highlight</key>
        <styleUrl>#line-880E4F-5263-highlight</styleUrl>
      </Pair>
    </StyleMap>
    <Style id="line-880E4F-5456-normal">
      <LineStyle>
        <color>ff4f0e88</color>
        <width>5.456</width>
      </LineStyle>
    </Style>
    <Style id="line-880E4F-5456-highlight">
      <LineStyle>
        <color>ff4f0e88</color>
        <width>8.184</width>
      </LineStyle>
    </Style>
    <StyleMap id="line-880E4F-5456">
      <Pair>
        <key>normal</key>
        <styleUrl>#line-880E4F-5456-normal</styleUrl>
      </Pair>
      <Pair>
        <key>highlight</key>
        <styleUrl>#line-880E4F-5456-highlight</styleUrl>
      </Pair>
    </StyleMap>
    <Style id="line-880E4F-5650-normal">
      <LineStyle>
        <color>ff4f0e88</color>
        <width>5.65</width>
      </LineStyle>
    </Style>
    <Style id="line-880E4F-5650-highlight">
      <LineStyle>
        <color>ff4f0e88</color>
        <width>8.475</width>
      </LineStyle>
    </Style>
    <StyleMap id="line-880E4F-5650">
      <Pair>
        <key>normal</key>
        <styleUrl>#line-880E4F-5650-normal</styleUrl>
      </Pair>
      <Pair>
        <key>highlight</key>
        <styleUrl>#line-880E4F-5650-highlight</styleUrl>
      </Pair>
    </StyleMap>
    <Style id="line-9C27B0-3906-normal">
      <LineStyle>
        <color>ffb0279c</color>
        <width>3.906</width>
      </LineStyle>
    </Style>
    <Style id="line-9C27B0-3906-highlight">
      <LineStyle>
        <color>ffb0279c</color>
        <width>5.859</width>
      </LineStyle>
    </Style>
    <StyleMap id="line-9C27B0-3906">
      <Pair>
        <key>normal</key>
        <styleUrl>#line-9C27B0-3906-normal</styleUrl>
      </Pair>
      <Pair>
        <key>highlight</key>
        <styleUrl>#line-9C27B0-3906-highlight</styleUrl>
      </Pair>
    </StyleMap>
    <Style id="line-C2185B-4100-normal">
      <LineStyle>
        <color>ff5b18c2</color>
        <width>4.1</width>
      </LineStyle>
    </Style>
    <Style id="line-C2185B-4100-highlight">
      <LineStyle>
        <color>ff5b18c2</color>
        <width>6.15</width>
      </LineStyle>
    </Style>
    <StyleMap id="line-C2185B-4100">
      <Pair>
        <key>normal</key>
        <styleUrl>#line-C2185B-4100-normal</styleUrl>
      </Pair>
      <Pair>
        <key>highlight</key>
        <styleUrl>#line-C2185B-4100-highlight</styleUrl>
      </Pair>
    </StyleMap>
    <Style id="line-C2185B-4294-normal">
      <LineStyle>
        <color>ff5b18c2</color>
        <width>4.294</width>
      </LineStyle>
    </Style>
    <Style id="line-C2185B-4294-highlight">
      <LineStyle>
        <color>ff5b18c2</color>
        <width>6.441</width>
      </LineStyle>
    </Style>
    <StyleMap id="line-C2185B-4294">
      <Pair>
        <key>normal</key>
        <styleUrl>#line-C2185B-4294-normal</styleUrl>
      </Pair>
      <Pair>
        <key>highlight</key>
        <styleUrl>#line-C2185B-4294-highlight</styleUrl>
      </Pair>
    </StyleMap>
    <Style id="line-C2185B-4875-normal">
      <LineStyle>
        <color>ff5b18c2</color>
        <width>4.875</width>
      </LineStyle>
    </Style>
    <Style id="line-C2185B-4875-highlight">
      <LineStyle>
        <color>ff5b18c2</color>
        <width>7.3125</width>
      </LineStyle>
    </Style>
    <StyleMap id="line-C2185B-4875">
      <Pair>
        <key>normal</key>
        <styleUrl>#line-C2185B-4875-normal</styleUrl>
      </Pair>
      <Pair>
        <key>highlight</key>
        <styleUrl>#line-C2185B-4875-highlight</styleUrl>
      </Pair>
    </StyleMap>
    <Style id="line-E65100-10300-normal">
      <LineStyle>
        <color>ff0051e6</color>
        <width>10.3</width>
      </LineStyle>
    </Style>
    <Style id="line-E65100-10300-highlight">
      <LineStyle>
        <color>ff0051e6</color>
        <width>15.45</width>
      </LineStyle>
    </Style>
    <StyleMap id="line-E65100-10300">
      <Pair>
        <key>normal</key>
        <styleUrl>#line-E65100-10300-normal</styleUrl>
      </Pair>
      <Pair>
        <key>highlight</key>
        <styleUrl>#line-E65100-10300-highlight</styleUrl>
      </Pair>
    </StyleMap>
    <Style id="line-E65100-2744-normal">
      <LineStyle>
        <color>ff0051e6</color>
        <width>2.744</width>
      </LineStyle>
    </Style>
    <Style id="line-E65100-2744-highlight">
      <LineStyle>
        <color>ff0051e6</color>
        <width>4.116</width>
      </LineStyle>
    </Style>
    <StyleMap id="line-E65100-2744">
      <Pair>
        <key>normal</key>
        <styleUrl>#line-E65100-2744-normal</styleUrl>
      </Pair>
      <Pair>
        <key>highlight</key>
        <styleUrl>#line-E65100-2744-highlight</styleUrl>
      </Pair>
    </StyleMap>
    <Style id="line-E65100-2938-normal">
      <LineStyle>
        <color>ff0051e6</color>
        <width>2.938</width>
      </LineStyle>
    </Style>
    <Style id="line-E65100-2938-highlight">
      <LineStyle>
        <color>ff0051e6</color>
        <width>4.407</width>
      </LineStyle>
    </Style>
    <StyleMap id="line-E65100-2938">
      <Pair>
        <key>normal</key>
        <styleUrl>#line-E65100-2938-normal</styleUrl>
      </Pair>
      <Pair>
        <key>highlight</key>
        <styleUrl>#line-E65100-2938-highlight</styleUrl>
      </Pair>
    </StyleMap>
    <Style id="line-E65100-3131-normal">
      <LineStyle>
        <color>ff0051e6</color>
        <width>3.131</width>
      </LineStyle>
    </Style>
    <Style id="line-E65100-3131-highlight">
      <LineStyle>
        <color>ff0051e6</color>
        <width>4.6965</width>
      </LineStyle>
    </Style>
    <StyleMap id="line-E65100-3131">
      <Pair>
        <key>normal</key>
        <styleUrl>#line-E65100-3131-normal</styleUrl>
      </Pair>
      <Pair>
        <key>highlight</key>
        <styleUrl>#line-E65100-3131-highlight</styleUrl>
      </Pair>
    </StyleMap>
    <Style id="line-E65100-3325-normal">
      <LineStyle>
        <color>ff0051e6</color>
        <width>3.325</width>
      </LineStyle>
    </Style>
    <Style id="line-E65100-3325-highlight">
      <LineStyle>
        <color>ff0051e6</color>
        <width>4.9875</width>
      </LineStyle>
    </Style>
    <StyleMap id="line-E65100-3325">
      <Pair>
        <key>normal</key>
        <styleUrl>#line-E65100-3325-normal</styleUrl>
      </Pair>
      <Pair>
        <key>highlight</key>
        <styleUrl>#line-E65100-3325-highlight</styleUrl>
      </Pair>
    </StyleMap>
    <Style id="line-E65100-3519-normal">
      <LineStyle>
        <color>ff0051e6</color>
        <width>3.519</width>
      </LineStyle>
    </Style>
    <Style id="line-E65100-3519-highlight">
      <LineStyle>
        <color>ff0051e6</color>
        <width>5.2785</width>
      </LineStyle>
    </Style>
    <StyleMap id="line-E65100-3519">
      <Pair>
        <key>normal</key>
        <styleUrl>#line-E65100-3519-normal</styleUrl>
      </Pair>
      <Pair>
        <key>highlight</key>
        <styleUrl>#line-E65100-3519-highlight</styleUrl>
      </Pair>
    </StyleMap>
    <Style id="line-E65100-3713-normal">
      <LineStyle>
        <color>ff0051e6</color>
        <width>3.713</width>
      </LineStyle>
    </Style>
    <Style id="line-E65100-3713-highlight">
      <LineStyle>
        <color>ff0051e6</color>
        <width>5.5695</width>
      </LineStyle>
    </Style>
    <StyleMap id="line-E65100-3713">
      <Pair>
        <key>normal</key>
        <styleUrl>#line-E65100-3713-normal</styleUrl>
      </Pair>
      <Pair>
        <key>highlight</key>
        <styleUrl>#line-E65100-3713-highlight</styleUrl>
      </Pair>
    </StyleMap>
    <Style id="line-E65100-3906-normal">
      <LineStyle>
        <color>ff0051e6</color>
        <width>3.906</width>
      </LineStyle>
    </Style>
    <Style id="line-E65100-3906-highlight">
      <LineStyle>
        <color>ff0051e6</color>
        <width>5.859</width>
      </LineStyle>
    </Style>
    <StyleMap id="line-E65100-3906">
      <Pair>
        <key>normal</key>
        <styleUrl>#line-E65100-3906-normal</styleUrl>
      </Pair>
      <Pair>
        <key>highlight</key>
        <styleUrl>#line-E65100-3906-highlight</styleUrl>
      </Pair>
    </StyleMap>
    <Style id="line-E65100-3925-normal">
      <LineStyle>
        <color>ff0051e6</color>
        <width>3.925</width>
      </LineStyle>
    </Style>
    <Style id="line-E65100-3925-highlight">
      <LineStyle>
        <color>ff0051e6</color>
        <width>5.8875</width>
      </LineStyle>
    </Style>
    <StyleMap id="line-E65100-3925">
      <Pair>
        <key>normal</key>
        <styleUrl>#line-E65100-3925-normal</styleUrl>
      </Pair>
      <Pair>
        <key>highlight</key>
        <styleUrl>#line-E65100-3925-highlight</styleUrl>
      </Pair>
    </StyleMap>
    <Style id="line-E65100-4100-normal">
      <LineStyle>
        <color>ff0051e6</color>
        <width>4.1</width>
      </LineStyle>
    </Style>
    <Style id="line-E65100-4100-highlight">
      <LineStyle>
        <color>ff0051e6</color>
        <width>6.15</width>
      </LineStyle>
    </Style>
    <StyleMap id="line-E65100-4100">
      <Pair>
        <key>normal</key>
        <styleUrl>#line-E65100-4100-normal</styleUrl>
      </Pair>
      <Pair>
        <key>highlight</key>
        <styleUrl>#line-E65100-4100-highlight</styleUrl>
      </Pair>
    </StyleMap>
    <Style id="line-E65100-4294-normal">
      <LineStyle>
        <color>ff0051e6</color>
        <width>4.294</width>
      </LineStyle>
    </Style>
    <Style id="line-E65100-4294-highlight">
      <LineStyle>
        <color>ff0051e6</color>
        <width>6.441</width>
      </LineStyle>
    </Style>
    <StyleMap id="line-E65100-4294">
      <Pair>
        <key>normal</key>
        <styleUrl>#line-E65100-4294-normal</styleUrl>
      </Pair>
      <Pair>
        <key>highlight</key>
        <styleUrl>#line-E65100-4294-highlight</styleUrl>
      </Pair>
    </StyleMap>
    <Style id="line-E65100-4488-normal">
      <LineStyle>
        <color>ff0051e6</color>
        <width>4.488</width>
      </LineStyle>
    </Style>
    <Style id="line-E65100-4488-highlight">
      <LineStyle>
        <color>ff0051e6</color>
        <width>6.732</width>
      </LineStyle>
    </Style>
    <StyleMap id="line-E65100-4488">
      <Pair>
        <key>normal</key>
        <styleUrl>#line-E65100-4488-normal</styleUrl>
      </Pair>
      <Pair>
        <key>highlight</key>
        <styleUrl>#line-E65100-4488-highlight</styleUrl>
      </Pair>
    </StyleMap>
    <Style id="line-E65100-4509-normal">
      <LineStyle>
        <color>ff0051e6</color>
        <width>4.509</width>
      </LineStyle>
    </Style>
    <Style id="line-E65100-4509-highlight">
      <LineStyle>
        <color>ff0051e6</color>
        <width>6.7635</width>
      </LineStyle>
    </Style>
    <StyleMap id="line-E65100-4509">
      <Pair>
        <key>normal</key>
        <styleUrl>#line-E65100-4509-normal</styleUrl>
      </Pair>
      <Pair>
        <key>highlight</key>
        <styleUrl>#line-E65100-4509-highlight</styleUrl>
      </Pair>
    </StyleMap>
    <Style id="line-E65100-4681-normal">
      <LineStyle>
        <color>ff0051e6</color>
        <width>4.681</width>
      </LineStyle>
    </Style>
    <Style id="line-E65100-4681-highlight">
      <LineStyle>
        <color>ff0051e6</color>
        <width>7.0215</width>
      </LineStyle>
    </Style>
    <StyleMap id="line-E65100-4681">
      <Pair>
        <key>normal</key>
        <styleUrl>#line-E65100-4681-normal</styleUrl>
      </Pair>
      <Pair>
        <key>highlight</key>
        <styleUrl>#line-E65100-4681-highlight</styleUrl>
      </Pair>
    </StyleMap>
    <Style id="line-E65100-4875-normal">
      <LineStyle>
        <color>ff0051e6</color>
        <width>4.875</width>
      </LineStyle>
    </Style>
    <Style id="line-E65100-4875-highlight">
      <LineStyle>
        <color>ff0051e6</color>
        <width>7.3125</width>
      </LineStyle>
    </Style>
    <StyleMap id="line-E65100-4875">
      <Pair>
        <key>normal</key>
        <styleUrl>#line-E65100-4875-normal</styleUrl>
      </Pair>
      <Pair>
        <key>highlight</key>
        <styleUrl>#line-E65100-4875-highlight</styleUrl>
      </Pair>
    </StyleMap>
    <Style id="line-E65100-4899-normal">
      <LineStyle>
        <color>ff0051e6</color>
        <width>4.899</width>
      </LineStyle>
    </Style>
    <Style id="line-E65100-4899-highlight">
      <LineStyle>
        <color>ff0051e6</color>
        <width>7.3485</width>
      </LineStyle>
    </Style>
    <StyleMap id="line-E65100-4899">
      <Pair>
        <key>normal</key>
        <styleUrl>#line-E65100-4899-normal</styleUrl>
      </Pair>
      <Pair>
        <key>highlight</key>
        <styleUrl>#line-E65100-4899-highlight</styleUrl>
      </Pair>
    </StyleMap>
    <Style id="line-E65100-5069-normal">
      <LineStyle>
        <color>ff0051e6</color>
        <width>5.069</width>
      </LineStyle>
    </Style>
    <Style id="line-E65100-5069-highlight">
      <LineStyle>
        <color>ff0051e6</color>
        <width>7.6035</width>
      </LineStyle>
    </Style>
    <StyleMap id="line-E65100-5069">
      <Pair>
        <key>normal</key>
        <styleUrl>#line-E65100-5069-normal</styleUrl>
      </Pair>
      <Pair>
        <key>highlight</key>
        <styleUrl>#line-E65100-5069-highlight</styleUrl>
      </Pair>
    </StyleMap>
    <Style id="line-E65100-5263-normal">
      <LineStyle>
        <color>ff0051e6</color>
        <width>5.263</width>
      </LineStyle>
    </Style>
    <Style id="line-E65100-5263-highlight">
      <LineStyle>
        <color>ff0051e6</color>
        <width>7.8945</width>
      </LineStyle>
    </Style>
    <StyleMap id="line-E65100-5263">
      <Pair>
        <key>normal</key>
        <styleUrl>#line-E65100-5263-normal</styleUrl>
      </Pair>
      <Pair>
        <key>highlight</key>
        <styleUrl>#line-E65100-5263-highlight</styleUrl>
      </Pair>
    </StyleMap>
    <Style id="line-E65100-5456-normal">
      <LineStyle>
        <color>ff0051e6</color>
        <width>5.456</width>
      </LineStyle>
    </Style>
    <Style id="line-E65100-5456-highlight">
      <LineStyle>
        <color>ff0051e6</color>
        <width>8.184</width>
      </LineStyle>
    </Style>
    <StyleMap id="line-E65100-5456">
      <Pair>
        <key>normal</key>
        <styleUrl>#line-E65100-5456-normal</styleUrl>
      </Pair>
      <Pair>
        <key>highlight</key>
        <styleUrl>#line-E65100-5456-highlight</styleUrl>
      </Pair>
    </StyleMap>
    <Style id="line-E65100-5650-normal">
      <LineStyle>
        <color>ff0051e6</color>
        <width>5.65</width>
      </LineStyle>
    </Style>
    <Style id="line-E65100-5650-highlight">
      <LineStyle>
        <color>ff0051e6</color>
        <width>8.475</width>
      </LineStyle>
    </Style>
    <StyleMap id="line-E65100-5650">
      <Pair>
        <key>normal</key>
        <styleUrl>#line-E65100-5650-normal</styleUrl>
      </Pair>
      <Pair>
        <key>highlight</key>
        <styleUrl>#line-E65100-5650-highlight</styleUrl>
      </Pair>
    </StyleMap>
    <Style id="line-E65100-5844-normal">
      <LineStyle>
        <color>ff0051e6</color>
        <width>5.844</width>
      </LineStyle>
    </Style>
    <Style id="line-E65100-5844-highlight">
      <LineStyle>
        <color>ff0051e6</color>
        <width>8.766</width>
      </LineStyle>
    </Style>
    <StyleMap id="line-E65100-5844">
      <Pair>
        <key>normal</key>
        <styleUrl>#line-E65100-5844-normal</styleUrl>
      </Pair>
      <Pair>
        <key>highlight</key>
        <styleUrl>#line-E65100-5844-highlight</styleUrl>
      </Pair>
    </StyleMap>
    <Style id="line-E65100-5874-normal">
      <LineStyle>
        <color>ff0051e6</color>
        <width>5.874</width>
      </LineStyle>
    </Style>
    <Style id="line-E65100-5874-highlight">
      <LineStyle>
        <color>ff0051e6</color>
        <width>8.811</width>
      </LineStyle>
    </Style>
    <StyleMap id="line-E65100-5874">
      <Pair>
        <key>normal</key>
        <styleUrl>#line-E65100-5874-normal</styleUrl>
      </Pair>
      <Pair>
        <key>highlight</key>
        <styleUrl>#line-E65100-5874-highlight</styleUrl>
      </Pair>
    </StyleMap>
    <Style id="line-E65100-6038-normal">
      <LineStyle>
        <color>ff0051e6</color>
        <width>6.038</width>
      </LineStyle>
    </Style>
    <Style id="line-E65100-6038-highlight">
      <LineStyle>
        <color>ff0051e6</color>
        <width>9.057</width>
      </LineStyle>
    </Style>
    <StyleMap id="line-E65100-6038">
      <Pair>
        <key>normal</key>
        <styleUrl>#line-E65100-6038-normal</styleUrl>
      </Pair>
      <Pair>
        <key>highlight</key>
        <styleUrl>#line-E65100-6038-highlight</styleUrl>
      </Pair>
    </StyleMap>
    <Style id="line-E65100-6231-normal">
      <LineStyle>
        <color>ff0051e6</color>
        <width>6.231</width>
      </LineStyle>
    </Style>
    <Style id="line-E65100-6231-highlight">
      <LineStyle>
        <color>ff0051e6</color>
        <width>9.3465</width>
      </LineStyle>
    </Style>
    <StyleMap id="line-E65100-6231">
      <Pair>
        <key>normal</key>
        <styleUrl>#line-E65100-6231-normal</styleUrl>
      </Pair>
      <Pair>
        <key>highlight</key>
        <styleUrl>#line-E65100-6231-highlight</styleUrl>
      </Pair>
    </StyleMap>
    <Style id="line-E65100-6425-normal">
      <LineStyle>
        <color>ff0051e6</color>
        <width>6.425</width>
      </LineStyle>
    </Style>
    <Style id="line-E65100-6425-highlight">
      <LineStyle>
        <color>ff0051e6</color>
        <width>9.6375</width>
      </LineStyle>
    </Style>
    <StyleMap id="line-E65100-6425">
      <Pair>
        <key>normal</key>
        <styleUrl>#line-E65100-6425-normal</styleUrl>
      </Pair>
      <Pair>
        <key>highlight</key>
        <styleUrl>#line-E65100-6425-highlight</styleUrl>
      </Pair>
    </StyleMap>
    <Style id="line-E65100-6619-normal">
      <LineStyle>
        <color>ff0051e6</color>
        <width>6.619</width>
      </LineStyle>
    </Style>
    <Style id="line-E65100-6619-highlight">
      <LineStyle>
        <color>ff0051e6</color>
        <width>9.9285</width>
      </LineStyle>
    </Style>
    <StyleMap id="line-E65100-6619">
      <Pair>
        <key>normal</key>
        <styleUrl>#line-E65100-6619-normal</styleUrl>
      </Pair>
      <Pair>
        <key>highlight</key>
        <styleUrl>#line-E65100-6619-highlight</styleUrl>
      </Pair>
    </StyleMap>
    <Style id="line-E65100-7044-normal">
      <LineStyle>
        <color>ff0051e6</color>
        <width>7.044</width>
      </LineStyle>
    </Style>
    <Style id="line-E65100-7044-highlight">
      <LineStyle>
        <color>ff0051e6</color>
        <width>10.566</width>
      </LineStyle>
    </Style>
    <StyleMap id="line-E65100-7044">
      <Pair>
        <key>normal</key>
        <styleUrl>#line-E65100-7044-normal</styleUrl>
      </Pair>
      <Pair>
        <key>highlight</key>
        <styleUrl>#line-E65100-7044-highlight</styleUrl>
      </Pair>
    </StyleMap>
    <Style id="line-E65100-7239-normal">
      <LineStyle>
        <color>ff0051e6</color>
        <width>7.239</width>
      </LineStyle>
    </Style>
    <Style id="line-E65100-7239-highlight">
      <LineStyle>
        <color>ff0051e6</color>
        <width>10.8585</width>
      </LineStyle>
    </Style>
    <StyleMap id="line-E65100-7239">
      <Pair>
        <key>normal</key>
        <styleUrl>#line-E65100-7239-normal</styleUrl>
      </Pair>
      <Pair>
        <key>highlight</key>
        <styleUrl>#line-E65100-7239-highlight</styleUrl>
      </Pair>
    </StyleMap>
    <Style id="line-E65100-7394-normal">
      <LineStyle>
        <color>ff0051e6</color>
        <width>7.394</width>
      </LineStyle>
    </Style>
    <Style id="line-E65100-7394-highlight">
      <LineStyle>
        <color>ff0051e6</color>
        <width>11.091</width>
      </LineStyle>
    </Style>
    <StyleMap id="line-E65100-7394">
      <Pair>
        <key>normal</key>
        <styleUrl>#line-E65100-7394-normal</styleUrl>
      </Pair>
      <Pair>
        <key>highlight</key>
        <styleUrl>#line-E65100-7394-highlight</styleUrl>
      </Pair>
    </StyleMap>
    <Style id="line-E65100-7975-normal">
      <LineStyle>
        <color>ff0051e6</color>
        <width>7.975</width>
      </LineStyle>
    </Style>
    <Style id="line-E65100-7975-highlight">
      <LineStyle>
        <color>ff0051e6</color>
        <width>11.9625</width>
      </LineStyle>
    </Style>
    <StyleMap id="line-E65100-7975">
      <Pair>
        <key>normal</key>
        <styleUrl>#line-E65100-7975-normal</styleUrl>
      </Pair>
      <Pair>
        <key>highlight</key>
        <styleUrl>#line-E65100-7975-highlight</styleUrl>
      </Pair>
    </StyleMap>
    <Placemark>
      <name>Segnalazione: via De Nicolò</name>
      <description><![CDATA[Non abbiamo informazioni in merito<br>è possibile contattare la <br>Ripartizione Governo e Sviluppo Strategico del Territorio<br>Via Tenente Casale Y. Figoroa, 39 (Bari)<br>Contatti<br>Telefono:<br>	• 080/5773128<br>Email:<br>	• rip.urbanisticaediliziaprivata@comune.bari.it<br>	• accesso.atti.urbanistica@comune.bari.it<br>Pec:<br>	• urbanistica.comunebari@pec.rupar.puglia.it<br>	• sportellosue.comunebari@pec.rupar.puglia.it<br><br>DATA <br>04/02/2026<br>UBICAZIONE <br>Via Nicole de Nicolò  <br>SEGNALAZIONE <br>Cittadino segnala che i lavori di ristrutturazione del palazzo ubicato all’angolo tra Via Nicole de Nicolò e Via Cognetti, con ingresso principale da Via Cognetti, risultano ancora in corso oltre la data di fine lavori indicata nel cartello di cantiere, fissata al 31/01/2026.<br>Dal cartello esposto non risulta indicato il numero dell’ordinanza autorizzativa. I lavori risultano iniziati nei primi giorni di ottobre 2025 e, allo stato attuale, non vi è visibilità circa l’eventuale provvedimento autorizzativo né sulla durata effettiva degli stessi.<br>Si chiede pertanto di sapere se sia stata concessa una proroga dei termini oppure se la ditta esecutrice abbia comunicato una nuova data di fine lavori.<br>ORDINANZA: non presente ]]></description>
      <styleUrl>#icon-1574-9C27B0</styleUrl>
      <Point>
        <coordinates>
          16.875046,41.1232699,0
        </coordinates>
      </Point>
    </Placemark>
    <Placemark>
      <name>SEGNALAZIONE: VIA BUCCARI</name>
      <description><![CDATA[CHIAMATE:<br>- 12/01/2026<br>- 17/01/2026<br>- 22/012026<br><br>Mandata mail: si<br><br>SEGNALAZIONE: Si segnala che un cittadino ha riferito la presenza, in via Buccari — nel tratto compreso tra via San Lorenzo e la Strada Privata Borrelli — di transenne, reti e altro materiale da cantiere lasciati sulla sede stradale. Tali elementi determinano una riduzione della carreggiata e la conseguente perdita di posti auto. Si richiede pertanto una verifica, in quanto nel tratto indicato non risultano cantieri attualmente autorizzati o in corso. Si segnala però ordinanza 2025/03188 scaduta il 31/12/2025.<br><br>Esito: ho contattato l'Ing. Fiore per la questione delle attrezzature non rimosse. A quanto pare l'intervento di E-distribuzione non è ancora terminato a causa dell'impossibilità di accedere ad una proprietà privata. L'ing. Tondo ha fatto un sollecito alla ditta affinché chiudano al più presto il cantiere (rimuovendo tutte le attrezzature) e provvedano a risanare le aree stradali su cui hanno effettuato gli interventi.<br>Se vi contattano nuovamente riferite che il comune ha sollecitato la ditta per la chiusura definitiva del cantiere e che devono portare ancora un pochino di pazienza]]></description>
      <styleUrl>#icon-1574-9C27B0</styleUrl>
      <Point>
        <coordinates>
          16.8709997,41.1136671,0
        </coordinates>
      </Point>
    </Placemark>
    <Placemark>
      <name>SEGNALAZIONE: PONTE GARIBALDI</name>
      <description><![CDATA[aggiornamento 27/01/2026<br>La ripartizione Infrastrutture, Viabilità e Opere pubbliche rende noto che nelle giornate di giovedì 29 e venerdì 30 gennaio il ponte Garibaldi (tra via Giuseppe Di Vagno e via Apulia), sarà chiuso al transito dalle ore 9 alle 18, per consentire lo svolgimento dell’indagine dinamica sull’infrastruttura, propedeutica alla riapertura completa al traffico.<br><br>La prova dinamica, non invasiva, avrà l’obiettivo di identificare, attraverso sensori, le frequenze proprie di vibrazione del ponte, per costruire l’impronta digitale dinamica della struttura e fornire dati utili a eventuali piani di manutenzione.<br><br>Sul ponte sono stati, infatti, disposti la riduzione di carreggiata e il divieto di transito ai mezzi pesanti, in seguito alla caduta di calcinacci: in caso di esito positivo dei test da effettuarsi nei due giorni programmati, l’infrastruttura tornerà a essere interamente fruibile nelle sue quattro corsie, anche da autobus e mezzi pesanti.<br><br>Negli scorsi giorni sono stati completati i rilievi preliminari sulla geometria delle campate, sullo stato dei giunti, su appoggi ed eventuali lesioni visibili, attraverso laser scanner. È stato, dunque, ricostruito un modello del ponte in CAD: il modello permette di completare le informazioni a disposizione dell’amministrazione comunale, rispetto a quanto contenuto nel progetto del ponte custodito negli archivi storici, risalente agli anni Settanta.<br><br>Giovedì 29 e venerdì 30 gennaio si svolgerà la prova dinamica: saranno, dunque, installati sul ponte dei sensori, che registreranno la reazione dell’infrastruttura alle sollecitazioni del traffico, facendo transitare mezzi con carico certificato.<br><br>Pertanto, il ponte sarà chiuso per due giorni, dalle 9 alle 18, al fine di permettere un corretto attrezzamento strumentale dello stesso ed effettuare le rilevazioni. Nel caso in cui le attività dovessero terminare prima del previsto, il ponte tornerà fruibile a carreggiata ridotta.<br><br>L’analisi dei risultati dell’attività d’indagine sarà eseguita nell’ambito del primo contratto attuativo dell’accordo quadro di durata triennale per “l’affidamento di servizi di ingegneria relativi alla classificazione e gestione del rischio, la valutazione della sicurezza e il monitoraggio dei ponti esistenti sul territorio della città di Bari, di proprietà dell’amministrazione comunale, nonché di quelli per i quali l’amministrazione comunale ha comunque la responsabilità delle attività di manutenzione”. <br><br>CHIAMATA: 14/01/2025 <br>MANDATA MAIL: si<br>SEGNALAZIONE: Cittadina richiede informazioni sui tempi di attuazione dei lavori di messa in sicurezza del Ponte Garibaldi, che hanno comportato il divieto di transito dei bus sul ponte, la conseguente modifica dei percorsi AMTAB nella zona e la soppressione dei posti auto con contrassegno sotto il ponte. Segnala disagi negli spostamenti e difficolt� nel reperimento dei parcheggi.<br><br>ESITO: l’ing. Rotondo dell’IVOP, ci comunica che gli interventi di manutenzione sul Ponte Garibaldi sono stati completati.<br>Sono tuttavia ancora in corso le attività di verifica statica e di sicurezza del ponte e delle aree limitrofe. In questi giorni sono iniziate le ispezioni visive, alle quali seguiranno le verifiche di transitabilità con monitoraggio dei carichi da traffico.<br>Fino a quando tali analisi non daranno esito positivo, non sarà possibile procedere alla riapertura delle aree sottostanti il ponte, inclusi i posti auto.<br>Le attività tecniche proseguiranno fino alla fine del mese di febbraio.]]></description>
      <styleUrl>#icon-1574-9C27B0</styleUrl>
      <Point>
        <coordinates>
          16.888809,41.117114,0
        </coordinates>
      </Point>
    </Placemark>
    <Placemark>
      <name>SEGNALAZIONE: STRADA MASSIMI BELLOMO</name>
      <description><![CDATA[ESITO: REVOCA DELL’ORDINANZA DIRIGENZIALE N. 2026/00249<br><br>2026/00579<br><br>https://drive.google.com/file/d/1GBe3-_6pFKxp1_dsTb-mXkx88MKoUlmh/view<br><br>Istituito divieto di transito su Strada Massimi-Losacco eccetto frontisti<br><br><br>CHIAMATE: <br>22/01/2026<br>30/01/2026 (4)<br>31/01/2026 (1)<br><br>SEGNALAZIONE:<br>Una cittadina che abita su Strada Massimi-Losacco a pochi metri dall'incrocio con via Generale Bellomo ha segnalato che la strada è stata bloccata anche per i frontisti con dei dissuasori, e che è stato oscurato il cartello che prevedeva l'accesso ai soli frontisti. l'ordinanza 2026/00249 prevede espressamente "l’istituzione del divieto di accesso a tutti i veicoli sui seguenti tratti stradali: i) Strada Massimi Losacco all’intersezione con via Generale Nicola Bellomo per i veicoli provenienti da via Generale Nicola Bellomo, eccetto frontisti." La signora lamenta il fatto di dover quindi fare quasi 5 km per entrare sulla strada Massimi Losacco da Strada Santa Caterina.]]></description>
      <styleUrl>#icon-1574-9C27B0</styleUrl>
      <Point>
        <coordinates>
          16.850318,41.1055938,0
        </coordinates>
      </Point>
    </Placemark>
    <Placemark>
      <name>Divieto di sosta / restringimento carreggiata</name>
      <description><![CDATA[2025/04135<br><br>https://drive.google.com/file/d/1CRycPOsepGm0K_RbnLSGQFpP3-AKTdJ6/view<br><br>dal giorno 01/01/2026 al 31/12/2026<br><br>RICHIESTA ORDINANZA REGOLAZIONE CIRCOLAZIONE STRADALE SU<br>VARIE VIE DEL TERRITORIO COMUNALE DAL GIORNO 01/01/2026 AL<br>31/12/2026 .<br>L24002 - ACCORDO QUADRO DI LAVORI DI DURATA BIENNALE PER LA<br>MANUTENZIONE DEGLI IMPIANTI DI FOGNA BIANCA E DEGLI IMPIANTI<br>TECNOLOGICI DEI SOTTOPASSI COMUNALI CIG MADRE: B1C0862516<br>APPALTATRICE: R.T.I. CO.GE.PA. S.P.A. – NORD COSTRUZIONI GENERALI<br>S.R.L. CON SEDE INNAPOLI AL VIALE JOHN FITZGERALD KENNEDY, N. 5<br>SUB-APPALTATRICE: MIOLLA COSTRUZIONI S.R.L. CON SEDE IN BARI ALLA<br>VINCENZO SASSANELLI, N. 9° SUB-AFFIDATARIA: ECOGROUP DI RIZZI<br>FRANCESCO ANTONIO CON SEDE IN BITONTO (BA) ALLAPRIMA STRADA<br>VIALE DELLE NAZIONI, SNC<br>RICHIEDENTE: ING. PAOLO TUPPUTI – RIP. IVOP – POS INFRASTRUTTURE A<br>RETI<br><br>L’istituzione del divieto di sosta e fermata con rimozione forzata ambo i lati della carreggiata;<br>L’istituzione del restringimento di carreggiata, rendendo al contempo fruibile e percorribile ai veicoli<br>e ai mezzi pubblici una corsia di larghezza non inferiore a 3,50 m per ciascun senso di marcia;<br>L’istituzione del senso unico alternato, previo utilizzo di movieri, nei tratti in cui non risulta possibile<br>garantire il doppio senso di marcia, lasciando percorribile ai veicoli e ai mezzi pubblici una sola corsia<br>di larghezza non inferiore a 3,50 m;]]></description>
      <styleUrl>#icon-1608-0F9D58</styleUrl>
      <Point>
        <coordinates>
          16.9003736,41.124202,0
        </coordinates>
      </Point>
    </Placemark>
    <Placemark>
      <name>divieto di sosta /restringimento carreggiata</name>
      <description><![CDATA[https://drive.google.com/file/d/1uJqSWeBrMS8AoWjgj5spBNWCD3euZkf9/view<br><br>1. Dal giorno 16/12/2025 e per 365 giorni., è istituito il Divieto di Fermata , su entrambi i lati della sede<br>stradale, e il RESTRINGIMENTO DI CARREGGIATA, a tutti i veicoli su tutte le strade del territorio<br>Comunale della citta’ di Bari<br>2. Al suddetto divieto fanno eccezione i veicoli a servizio della ditta esecutrice dei lavori, società NUZZACI<br>STRADE SRL Via Francesco Crispi n. 6, 70123 Bari , veicoli della Polizia Municipale, delle Forze<br>dell’ordine, degli Enti di soccorso pubblico e privato e dei Vigili del Fuoco, durante l’espletamento dei<br>propri compiti istituzionali in servizio d’emergenza.<br>Il divieto di cui ai punto 1) dovrà essere adeguatamente segnalato mediante posizionamento di segnaletica<br>mobile di preavviso da parte dell’impresa esecutrice, almeno 48 ore prima dell’intervento.<br><br>Durata e tempistiche: 16/12/2025 - 16/12/2026]]></description>
      <styleUrl>#icon-1608-0F9D58</styleUrl>
      <Point>
        <coordinates>
          16.8828295,41.1318308,0
        </coordinates>
      </Point>
    </Placemark>
    <Placemark>
      <name>DIVIETO DI SOSTA E DI FERMATA</name>
      <description><![CDATA[2025/04185<br><br>https://drive.google.com/file/d/1T5yVyNfXqiWxnVYNYHtwK0viXmscTp6M/view<br><br> ORDINANZA PER ISTITUIRE TEMPORANEAMENTE UN DIVIETO DI SOSTA AMBO I LATI DELLA CARREGGIATA CON RESTRINGIMENTO CARREGGIATA SU VIA GIUSEPPE DE MARINIS DA VIA VINCENZO ROPPO A VIA PADOVA E SU VIA PADOVA DA VIA DE MARINIS AL CIVICO 37 DI VIA PADOVA, PER LAVORI DI SCAVO PER LA POSA CAVI MT. PROROGA ORDINANZA DIRIGENZIALE N. 2025/185/01496 DEL 24/10/2025. IMPRESA: DMF COSTRUZIONI S.R.L. ISTANTE: LOSACCO LUIGI (LEGALE RAPPRESENTANTE DELLA DMF COSTRUZIONI S.R.L.)<br>1. L’istituzione temporanea del divieto di sosta ambo i lati della carreggiata con restringimento carreggiata su via Giuseppe De Marinis da via Vincenzo Roppo a via Padova e su via Padova da via De Marinis al civico 37 di via Padova;<br><br>Durata e tempistiche: 01/01/2026 - 28/02/2026<br><br>2025/03182<br>https://drive.google.com/file/d/1gvsEnTQjSYBIYjKJVLl1jH8qS98DHAFe/view<br><br>ORDINANZA PER ISTITUIRE TEMPORANEAMENTE UN DIVIETO DI SOSTA AMBO I LATI DELLA CARREGGIATA CON RESTRINGIMENTO CARREGGIATA SU VIA GIUSEPPE DE MARINIS DA VIA VINCENZO ROPPO A VIA PADOVA E SU VIA PADOVA DA VIA DE MARINIS AL CIVICO 37 DI VIA PADOVA, PER LAVORI DI SCAVO PER LA POSA CAVI MT DAL 27/10/2025 AL 30/12/2025. IMPRESA: DMF COSTRUZIONI S.R.L.<br><br>Durata e tempistiche: 27/10/2025 - 30/12/2025 ]]></description>
      <styleUrl>#icon-1541-E65100</styleUrl>
      <Point>
        <coordinates>
          16.8703944,41.0783769,0
        </coordinates>
      </Point>
    </Placemark>
    <Placemark>
      <name>VIA DE MARINIS - VIA PADOVA </name>
      <description><![CDATA[2025/04185<br><br>https://drive.google.com/file/d/1T5yVyNfXqiWxnVYNYHtwK0viXmscTp6M/view<br><br> ORDINANZA PER ISTITUIRE TEMPORANEAMENTE UN DIVIETO DI SOSTA AMBO I LATI DELLA CARREGGIATA CON RESTRINGIMENTO CARREGGIATA SU VIA GIUSEPPE DE MARINIS DA VIA VINCENZO ROPPO A VIA PADOVA E SU VIA PADOVA DA VIA DE MARINIS AL CIVICO 37 DI VIA PADOVA, PER LAVORI DI SCAVO PER LA POSA CAVI MT. PROROGA ORDINANZA DIRIGENZIALE N. 2025/185/01496 DEL 24/10/2025. IMPRESA: DMF COSTRUZIONI S.R.L. ISTANTE: LOSACCO LUIGI (LEGALE RAPPRESENTANTE DELLA DMF COSTRUZIONI S.R.L.)<br>1. L’istituzione temporanea del divieto di sosta ambo i lati della carreggiata con restringimento carreggiata su via Giuseppe De Marinis da via Vincenzo Roppo a via Padova e su via Padova da via De Marinis al civico 37 di via Padova;<br><br>Durata e tempistiche: 01/01/2026 - 28/02/2026<br><br>2025/03182<br>https://drive.google.com/file/d/1gvsEnTQjSYBIYjKJVLl1jH8qS98DHAFe/view<br><br>ORDINANZA PER ISTITUIRE TEMPORANEAMENTE UN DIVIETO DI SOSTA AMBO I LATI DELLA CARREGGIATA CON RESTRINGIMENTO CARREGGIATA SU VIA GIUSEPPE DE MARINIS DA VIA VINCENZO ROPPO A VIA PADOVA E SU VIA PADOVA DA VIA DE MARINIS AL CIVICO 37 DI VIA PADOVA, PER LAVORI DI SCAVO PER LA POSA CAVI MT DAL 27/10/2025 AL 30/12/2025. IMPRESA: DMF COSTRUZIONI S.R.L. <br><br>Durata e tempistiche: 27/10/2025 - 30/12/2025 ]]></description>
      <styleUrl>#line-E65100-3906</styleUrl>
      <LineString>
        <tessellate>1</tessellate>
        <coordinates>
          16.8692679,41.0770586,0
          16.8702817,41.0770586,0
          16.8702978,41.0784011,0
        </coordinates>
      </LineString>
    </Placemark>
    <Placemark>
      <name>DIVIETO DI SOSTA E RESTINGIMENTO </name>
      <description><![CDATA[2025/03163<br>https://drive.google.com/file/d/1xR3VxZVpYOVDhz9NU7KObrOf14Sldjbc/view<br><br>ISTITUZIONE TEMPORANEA PER DIVIETO DI SOSTA CON RIMOZIONE COATTA SUL LUNGOMARE IX MAGGIO CIV. 92/E E RESTRINGIMENTO CARREGGIATA CON DIVIETO DI SOSTA ZONA RIMOZIONE SU VIA V. BELLEZZA FRONTE CIVV. 42/44 PER LAVORI DI DEMOLIZIONE E RICOSTRUZIONE DI UN FABBRICATO DA DESTINARE A CIVILE ABITAZIONE IVI PRESENTE DAL 27/10/2025 AL 30/06/2026.IMPRESA: GRUPPO SIMONE S.R.L.<br><br>Durata e tempistiche: 27/10/2025 - 30/06/2026]]></description>
      <styleUrl>#icon-1541-E65100</styleUrl>
      <Point>
        <coordinates>
          16.812394,41.1393149,0
        </coordinates>
      </Point>
    </Placemark>
    <Placemark>
      <name>VIA V. BELLEZZA FRONTE CIVV. 42/44</name>
      <description><![CDATA[2025/03163<br>https://drive.google.com/file/d/1xR3VxZVpYOVDhz9NU7KObrOf14Sldjbc/view<br><br>ISTITUZIONE TEMPORANEA PER DIVIETO DI SOSTA CON RIMOZIONE COATTA SUL LUNGOMARE IX MAGGIO CIV. 92/E E RESTRINGIMENTO CARREGGIATA CON DIVIETO DI SOSTA ZONA RIMOZIONE SU VIA V. BELLEZZA FRONTE CIVV. 42/44 PER LAVORI DI DEMOLIZIONE E RICOSTRUZIONE DI UN FABBRICATO DA DESTINARE A CIVILE ABITAZIONE IVI PRESENTE DAL 27/10/2025 AL 30/06/2026.IMPRESA: GRUPPO SIMONE S.R.L.<br><br>Durata e tempistiche: 27/10/2025 - 30/06/2026 ]]></description>
      <styleUrl>#line-E65100-4294</styleUrl>
      <LineString>
        <tessellate>1</tessellate>
        <coordinates>
          16.8120949,41.1389776,0
          16.8127655,41.1389534,0
        </coordinates>
      </LineString>
    </Placemark>
    <Placemark>
      <name>LUNGOMARE IX MAGGIO CIV. 92</name>
      <description><![CDATA[2025/03163<br>https://drive.google.com/file/d/1xR3VxZVpYOVDhz9NU7KObrOf14Sldjbc/view<br><br>ISTITUZIONE TEMPORANEA PER DIVIETO DI SOSTA CON RIMOZIONE COATTA SUL LUNGOMARE IX MAGGIO CIV. 92/E E RESTRINGIMENTO CARREGGIATA CON DIVIETO DI SOSTA ZONA RIMOZIONE SU VIA V. BELLEZZA FRONTE CIVV. 42/44 PER LAVORI DI DEMOLIZIONE E RICOSTRUZIONE DI UN FABBRICATO DA DESTINARE A CIVILE ABITAZIONE IVI PRESENTE DAL 27/10/2025 AL 30/06/2026.IMPRESA: GRUPPO SIMONE S.R.L.<br><br>Durata e tempistiche: 27/10/2025 - 30/06/2026]]></description>
      <styleUrl>#line-E65100-5263</styleUrl>
      <LineString>
        <tessellate>1</tessellate>
        <coordinates>
          16.8121218,41.139822,0
          16.8128165,41.1397634,0
        </coordinates>
      </LineString>
    </Placemark>
    <Placemark>
      <name>REGOLAMENTAZIONE TEMPORANEA DELLA CIRCOLAZIONE</name>
      <description><![CDATA[SCHEDA: https://docs.google.com/document/d/1TGJox7TPLpltV5F6J893MWK-4B27YKWNUhTCPo2ulnc/edit?usp=drive_link<br><br>2025/03162<br>https://drive.google.com/file/d/1-UivCv2xI2_axMzuVO2KozZ9QOvPygDq/view<br><br>PN23026 AFFIDAMENTO CONGIUNTO DI PROGETTAZIONE DEFINITIVA, ESECUTIVA ED ESECUZIONE DEI LAVORI DI REALIZZAZIONE DI CICLOVIE URBANE. RAFFORZAMENTO DELLA MOBILITA’ CICLISTICA.PROGETTO: RAFFORZAMENTO DELLA MOBILITA’ CICLISTICA-REALIZZAZIONE DI CICLOVIE URBANE - CIG AQ A03137FD91 - CIG CA1 A045BD61F6- CUP J91B22000650006 IMPRESA : SOCIETÀ COSTRUZIONI GENERALI DI SANTO SRL CON SEDE CON SEDE A ANDRIA (BT), VIALE DELLA COSTITUZIONE N. 147, CAP 76123, (C.F./P.IVA 07174340724, NUMERO REA BA 537745).RICHIESTA REGOLAMENTAZIONE TEMPORANEA DELLA CIRCOLAZIONE DAL GIORNO 22/10/2025 AL 31/01/2026 SU TUTTA VIALE EUROPA TRATTO COMPRESO TRA INTERDIZIONE CON VIA BRUNO BUOZZI A INTERSEZIONE CON STRADA BITONTO-PALESE AEROPORTO (SP 156) VIALE GABRIELE D’ANNUNZIO PER LAVORI DI REALIZZAZIONE DI CICLOVIE URBANE.<br><br>Durata e tempistiche: 22/10/2025 - 31/01/2026 ]]></description>
      <styleUrl>#icon-1541-E65100</styleUrl>
      <Point>
        <coordinates>
          16.816025,41.1259414,0
        </coordinates>
      </Point>
    </Placemark>
    <Placemark>
      <name>VIALE EUROPA</name>
      <description><![CDATA[SCHEDA: https://docs.google.com/document/d/1TGJox7TPLpltV5F6J893MWK-4B27YKWNUhTCPo2ulnc/edit?usp=drive_link<br><br>2025/03162<br>https://drive.google.com/file/d/1-UivCv2xI2_axMzuVO2KozZ9QOvPygDq/view<br><br>PN23026 AFFIDAMENTO CONGIUNTO DI PROGETTAZIONE DEFINITIVA, ESECUTIVA ED ESECUZIONE DEI LAVORI DI REALIZZAZIONE DI CICLOVIE URBANE. RAFFORZAMENTO DELLA MOBILITA’ CICLISTICA.PROGETTO: RAFFORZAMENTO DELLA MOBILITA’ CICLISTICA-REALIZZAZIONE DI CICLOVIE URBANE - CIG AQ A03137FD91 - CIG CA1 A045BD61F6- CUP J91B22000650006 IMPRESA : SOCIETÀ COSTRUZIONI GENERALI DI SANTO SRL CON SEDE CON SEDE A ANDRIA (BT), VIALE DELLA COSTITUZIONE N. 147, CAP 76123, (C.F./P.IVA 07174340724, NUMERO REA BA 537745).RICHIESTA REGOLAMENTAZIONE TEMPORANEA DELLA CIRCOLAZIONE DAL GIORNO 22/10/2025 AL 31/01/2026 SU TUTTA VIALE EUROPA TRATTO COMPRESO TRA INTERDIZIONE CON VIA BRUNO BUOZZI A INTERSEZIONE CON STRADA BITONTO-PALESE AEROPORTO (SP 156) VIALE GABRIELE D’ANNUNZIO PER LAVORI DI REALIZZAZIONE DI CICLOVIE URBANE.<br><br>Durata e tempistiche: 22/10/2025 - 31/01/2026 ]]></description>
      <styleUrl>#line-E65100-3906</styleUrl>
      <LineString>
        <tessellate>1</tessellate>
        <coordinates>
          16.8397651,41.1178366,0
          16.8385634,41.1196471,0
          16.8365893,41.1213282,0
          16.8337569,41.1231386,0
          16.8315253,41.1242377,0
          16.8285213,41.1242377,0
          16.8262038,41.1241084,0
          16.8250022,41.1244317,0
          16.8222556,41.1258541,0
          16.8201098,41.1261774,0
          16.8180499,41.1257248,0
          16.8153033,41.1246903,0
          16.8135009,41.1237205,0
          16.8110118,41.1235265,0
          16.8082652,41.1233972,0
          16.8050895,41.1234619,0
          16.8017421,41.12288,0
          16.7993388,41.1230739,0
          16.7984805,41.1249489,0
          16.7969356,41.1278583,0
          16.7947898,41.1310908,0
          16.7925582,41.1319312,0
          16.7898116,41.1333535,0
          16.7881808,41.1342585,0
          16.7861209,41.1335474,0
          16.7826877,41.1340646,0
          16.7795119,41.1343878,0
          16.7788253,41.1349049,0
        </coordinates>
      </LineString>
    </Placemark>
    <Placemark>
      <name>restringimento carreggiata/divieto di sosta</name>
      <description><![CDATA[2025/03800<br>https://drive.google.com/file/d/1Ia3ZcI4Z9fqZTAW4AZEHlISifcLyocaD/view<br><br>ISTITUZIONE TEMPORANEA DEL RESTRINGIMENTO DELLA CARREGGIATA<br>E DIVIETO DI SOSTA CON RIMOZIONE FORZATA AMBO I LATI SU VIA<br>CONTE G. GIUSSO CIV. 8. TRATTO COMPRESO TRA VIA FANELLI E VIA<br>GIANNINI PER ATTIVITA’ EDILIZIE AEREA DAL 27/11/2025 AL 26/04/2026.<br>RICHIEDENTE: SIG. LORUSSO ROBERTO<br><br>E'istituito il restringimento della carreggiata e divieto di sosta con rimozione forzata ambo i lati su via Conte G. Giusso civ. 8. tratto compreso tra via Fanelli e via Giannini.<br><br>2. l’interdizione al transito del marciapiedi per tutti i pedoni nella parte occupata dai lavori fermo restando che dovrà esser reso predisposto un percorso di camminamento in sicurezza di larghezza non inferiore a metri 1,5;<br>inoltre, per sicurezza, si dovrà assicurare una idonea fascia di rispetto per le manovre dei mezzi d’opera, se necessario deviando il transito delle persone fuori dall’ area di intervento previa apposizione della segnaletica di preavviso<br>informativa da posizionarsi in corrispondenza degli attraversamenti pedonali esistenti e liberi da ingombri a monte e<br>a valle del tratto interessato dai lavori;<br><br>Inoltre, in considerazione della parziale occupazione temporanea dell’ attraversamento pedonale ivi presente (civ. 2/a) il corridoio<br>pedonale previsto in prossimità dell’area occupata dovrà raccordarsi con la parte sgombra dell’ attraversamento e prevedere in testata<br>uno scivolo che consenta l’accessibilità come prescritto al punto 5 del presente disposto;<br>Non è in nessun caso consentito l’ attraversamento aereo della sede stradale con veicoli o mezzi d’opera;<br><br>Data: 27/11/2025 - 26/04/2026 ]]></description>
      <styleUrl>#icon-1541-E65100</styleUrl>
      <Point>
        <coordinates>
          16.8849412,41.093867,0
        </coordinates>
      </Point>
    </Placemark>
    <Placemark>
      <name>Via Conte G. Giusso</name>
      <description><![CDATA[2025/03800<br>https://drive.google.com/file/d/1Ia3ZcI4Z9fqZTAW4AZEHlISifcLyocaD/view<br><br>ISTITUZIONE TEMPORANEA DEL RESTRINGIMENTO DELLA CARREGGIATA<br>E DIVIETO DI SOSTA CON RIMOZIONE FORZATA AMBO I LATI SU VIA<br>CONTE G. GIUSSO CIV. 8. TRATTO COMPRESO TRA VIA FANELLI E VIA<br>GIANNINI PER ATTIVITA’ EDILIZIE AEREA DAL 27/11/2025 AL 26/04/2026.<br>RICHIEDENTE: SIG. LORUSSO ROBERTO<br><br>E'istituito il restringimento della carreggiata e divieto di sosta con rimozione forzata ambo i lati su via Conte G. Giusso civ. 8. tratto compreso tra via Fanelli e via Giannini.<br><br>2. l’interdizione al transito del marciapiedi per tutti i pedoni nella parte occupata dai lavori fermo restando che dovrà esser reso predisposto un percorso di camminamento in sicurezza di larghezza non inferiore a metri 1,5;<br>inoltre, per sicurezza, si dovrà assicurare una idonea fascia di rispetto per le manovre dei mezzi d’opera, se necessario deviando il transito delle persone fuori dall’ area di intervento previa apposizione della segnaletica di preavviso<br>informativa da posizionarsi in corrispondenza degli attraversamenti pedonali esistenti e liberi da ingombri a monte e<br>a valle del tratto interessato dai lavori;<br><br>Inoltre, in considerazione della parziale occupazione temporanea dell’ attraversamento pedonale ivi presente (civ. 2/a) il corridoio<br>pedonale previsto in prossimità dell’area occupata dovrà raccordarsi con la parte sgombra dell’ attraversamento e prevedere in testata<br>uno scivolo che consenta l’accessibilità come prescritto al punto 5 del presente disposto;<br>Non è in nessun caso consentito l’ attraversamento aereo della sede stradale con veicoli o mezzi d’opera;<br><br><br><br>Data: 27/11/2025 - 26/04/2026 ]]></description>
      <styleUrl>#line-E65100-4488</styleUrl>
      <LineString>
        <tessellate>1</tessellate>
        <coordinates>
          16.8833695,41.093735,0
          16.8873177,41.0938684,0
        </coordinates>
      </LineString>
    </Placemark>
    <Placemark>
      <name>DIVIETO DI SOSTA</name>
      <description><![CDATA[https://albo.comune.bari.it/AlboPretorio/BA_PubblicIntranet.nsf/63e823169cf6eba8c1256fdc003ae470/7f086a883f94e9cac1258d25003055c7?OpenDocument<br><br>P1557 LOTTO 1. ORDINANZA PER ISTITUIRE TEMPORANEAMENTE UN DIVIETO DI SOSTA AMBO I LATI, RESTRINGIMENTO DELLA CARREGGIATA SU VIA NAPOLI ZONA MUNICIPIO 3 PER INTERVENTI MIRATI A CONSEGUIRE LA DISTRETTUALIZZAZIONE, IL CONTROLLO DELLE PRESSIONI ED IL MONITORAGGIO DELLE GRANDEZZE IDRAULICHE NELLE RETI IDRICHE E SOSTITUZIONE DEI TRONCHI VETUSTI ED AMMALORATI <br>SOCIETÀ: ACCIONA AGUA S.A.<br><br>Durata e tempistiche: 20/10/2025 - 20/12/2025]]></description>
      <styleUrl>#icon-1541-E65100</styleUrl>
      <Point>
        <coordinates>
          16.8260452,41.132138,0
        </coordinates>
      </Point>
    </Placemark>
    <Placemark>
      <name>VIA MARIN/SERRA/TRIDENTE</name>
      <description><![CDATA[https://albo.comune.bari.it/AlboPretorio/BA_PubblicIntranet.nsf/63e823169cf6eba8c1256fdc003ae470/09ce381fb15029d8c1258d2200399a45?OpenDocument<br><br>REGOLAMENTAZIONE TEMPORANEA DELLA CIRCOLAZIONE DAL GIORNO SUL VIA DEMETRIO MARIN, VIA JUNIPERO SERRA E VIA NICOLA TRIDENTE PER LAVORI DI REALIZZAZIONE DI CICLOVIE URBANE. <br><br>Durata e tempistiche: 18/10/2025 - 20/12/2025 ]]></description>
      <styleUrl>#icon-1541-E65100</styleUrl>
      <Point>
        <coordinates>
          16.8857529,41.0998938,0
        </coordinates>
      </Point>
    </Placemark>
    <Placemark>
      <name>DIVIETO DI SOSTA E FERMATA AMBO I LATI DELLA CARREGGIATA CON RESTRINGIMENTO DELLA STESSA </name>
      <description><![CDATA[https://drive.google.com/file/d/1Rw_SFH5E0WnpVkHw-Pfiu4F2qDjhfyza/view<br><br>L20011 ACCORDO QUADRO. ISTITUZIONE TEMPORANEA DEL DIVIETO DI SOSTA E FERMATA AMBO I LATI DELLA CARREGGIATA CON RESTRINGIMENTO DELLA STESSA SU VIALE DELLE REGIONI, ANTISTANTE IL PARCO GIOVANNI PAOLO II, PER LAVORI DI COSTRUZIONE E ADEGUAMENTO DELLA RETE DI FOGNA BIANCA COMUNALE NEL MUNICIPIO 3. CIG MADRE 84012155EF – CIG DERIVATO 9433966306.<br>INTEGRAZIONE ALL’ORDINANZA DIRIGENZIALE N. 2025/02932 – 2025/185/01374 DEL 02/10/2025.<br>ISTANTE: ING. RAFFAELE AMATO<br>SOCIETÀ: CHIANESE S.R.L.<br><br><br>Durata e tempistiche: 01/11/2025 - 02/04/2026]]></description>
      <styleUrl>#icon-1541-E65100</styleUrl>
      <Point>
        <coordinates>
          16.7977951,41.1231563,0
        </coordinates>
      </Point>
    </Placemark>
    <Placemark>
      <name>RIDUZIONE DELLA CARREGGIATA  DIVIETO DI TRANSITO AI PEDONI</name>
      <description><![CDATA[2026/00384<br>https://drive.google.com/file/d/1Ba8L7bGkl6Pp40WA1G90CDOeYxbXNnTF/view<br><br>aggiornamento 27/01/2026<br>Ponte Garibaldi: giovedì 29 e venerdì 30 gennaio le prove di carico dinamiche<br><br>La ripartizione Infrastrutture, Viabilità e Opere pubbliche rende noto che nelle giornate di giovedì 29 e venerdì 30 gennaio il ponte Garibaldi (tra via Giuseppe Di Vagno e via Apulia), sarà chiuso al transito dalle ore 9 alle 18, per consentire lo svolgimento dell’indagine dinamica sull’infrastruttura, propedeutica alla riapertura completa al traffico.<br><br>La prova dinamica, non invasiva, avrà l’obiettivo di identificare, attraverso sensori, le frequenze proprie di vibrazione del ponte, per costruire l’impronta digitale dinamica della struttura e fornire dati utili a eventuali piani di manutenzione.<br><br>Sul ponte sono stati, infatti, disposti la riduzione di carreggiata e il divieto di transito ai mezzi pesanti, in seguito alla caduta di calcinacci: in caso di esito positivo dei test da effettuarsi nei due giorni programmati, l’infrastruttura tornerà a essere interamente fruibile nelle sue quattro corsie, anche da autobus e mezzi pesanti.<br><br>Negli scorsi giorni sono stati completati i rilievi preliminari sulla geometria delle campate, sullo stato dei giunti, su appoggi ed eventuali lesioni visibili, attraverso laser scanner. È stato, dunque, ricostruito un modello del ponte in CAD: il modello permette di completare le informazioni a disposizione dell’amministrazione comunale, rispetto a quanto contenuto nel progetto del ponte custodito negli archivi storici, risalente agli anni Settanta.<br><br>Giovedì 29 e venerdì 30 gennaio si svolgerà la prova dinamica: saranno, dunque, installati sul ponte dei sensori, che registreranno la reazione dell’infrastruttura alle sollecitazioni del traffico, facendo transitare mezzi con carico certificato.<br><br>Pertanto, il ponte sarà chiuso per due giorni, dalle 9 alle 18, al fine di permettere un corretto attrezzamento strumentale dello stesso ed effettuare le rilevazioni. Nel caso in cui le attività dovessero terminare prima del previsto, il ponte tornerà fruibile a carreggiata ridotta.<br><br>L’analisi dei risultati dell’attività d’indagine sarà eseguita nell’ambito del primo contratto attuativo dell’accordo quadro di durata triennale per “l’affidamento di servizi di ingegneria relativi alla classificazione e gestione del rischio, la valutazione della sicurezza e il monitoraggio dei ponti esistenti sul territorio della città di Bari, di proprietà dell’amministrazione comunale, nonché di quelli per i quali l’amministrazione comunale ha comunque la responsabilità delle attività di manutenzione”. <br><br>2025/03413<br>https://drive.google.com/open?id=1nw-oZ1lWJv94CMcYmEPlIkTRvKBO6YZz&authuser=0<br><br>2025/03762<br>https://drive.google.com/file/d/1l35BXgDVyATjUGPv90u-37fCLexAhBKH/view<br><br>ISTITUZIONE DELLA RIDUZIONE DELLA CARREGGIATA STRADALE, DEL LIMITE DI VELOCITÀ A 30KM/H, DEL DIVIETO DI TRANSITO DEI VEICOLI CON PESO A PIENO CARICO SUPERIORE A 3,5 T E DEL DIVIETO DI TRANSITO AI PEDONI SUL PONTE GARIBALDI A BARI.<br><br>INTEGRAZIONE:: ISTITUZIONE DEL DIVIETO DI SOSTA IN VIA APULIA E VIA GIUSEPPE DI<br>VAGNO AL DI SOTTO DEL PONTE GARIBALDI<br><br>Durata e tempistiche: 01/11/2025 - fino a revoca.]]></description>
      <styleUrl>#icon-1541-E65100</styleUrl>
      <Point>
        <coordinates>
          16.8887239,41.1169712,0
        </coordinates>
      </Point>
    </Placemark>
    <Placemark>
      <name>VIA MANZONI  (VIA GARRUBA - CORSO ITALIA)</name>
      <description><![CDATA[https://drive.google.com/file/d/1b6tbHJDVLejQiunVC-4AlB16Ea5xWXE5/view<br><br>PROROGA: https://drive.google.com/file/d/13pdgwz8t6gSzNijg2LMVzgv1gy_yAkjY/view<br><br>LAVORI DI RIQUALIFICAZIONE DI VIA MANZONI<br><br>1) divieto di sosta e fermata con rimozione, e chiusura al traffico Veicolare H24 su Via Manzoni (daVia Crisanzio a Via Garruba), dal<br>giorno 27/10/2025 al 31/01/2025;;<br>2) divieto di sosta e fermata con rimozione, e chiusura al traffico Veicolare H24 su Via Manzoni (da Via Crisanzio a Corso Italia) fino al<br>31/12/2025;<br>3) divieto di sosta e fermata con rimozione H24 su Via M. Rossani dal giorno 06/10/2025 al 31/01/2025;<br><br>Durata e tempistiche: 24/10/2025 - 31/01/2026]]></description>
      <styleUrl>#line-E65100-3713</styleUrl>
      <LineString>
        <tessellate>1</tessellate>
        <coordinates>
          16.8612947,41.12011,0
          16.8615307,41.1182147,0
        </coordinates>
      </LineString>
    </Placemark>
    <Placemark>
      <name>VIA ROSSANI</name>
      <description><![CDATA[https://drive.google.com/file/d/1cF1xXvEY3zmmgAYxDHTYg02R8Oq8c17I/view<br><br>1) divieto di sosta e fermata con rimozione, e chiusura al traffico Veicolare H24 su Via M. Rossani tratto compreso tra via Picca e via Manzoni dalla data di emanazione della presente ordinanza fino al 31/01/2026<br><br>https://drive.google.com/file/d/1b6tbHJDVLejQiunVC-4AlB16Ea5xWXE5/view<br><br>LAVORI DI RIQUALIFICAZIONE DI VIA MANZONI<br><br>1) divieto di sosta e fermata con rimozione, e chiusura al traffico Veicolare H24 su Via Manzoni (daVia Crisanzio a Via Garruba), dal<br>giorno 27/10/2025 al 31/12/2025;;<br>2) divieto di sosta e fermata con rimozione, e chiusura al traffico Veicolare H24 su Via Manzoni (da Via Crisanzio a Corso Italia) fino al<br>31/12/2025;<br>3) divieto di sosta e fermata con rimozione H24 su Via M. Rossani dal giorno 06/10/2025 al 31/12/2025;<br><br>Durata e tempistiche: 24/10/2025 - 31/12/2025]]></description>
      <styleUrl>#line-E65100-4681</styleUrl>
      <LineString>
        <tessellate>1</tessellate>
        <coordinates>
          16.8602594,41.1188371,0
          16.8613967,41.1189058,0
        </coordinates>
      </LineString>
    </Placemark>
    <Placemark>
      <name>DIVIETO DI SOSTA E FERMATA</name>
      <description><![CDATA[https://drive.google.com/file/d/1cF1xXvEY3zmmgAYxDHTYg02R8Oq8c17I/view<br><br>1) divieto di sosta e fermata con rimozione, e chiusura al traffico Veicolare H24 su Via M. Rossani tratto compreso tra via Picca e via Manzoni dalla data di emanazione della presente ordinanza fino al 31/01/2026<br><br>https://drive.google.com/file/d/1b6tbHJDVLejQiunVC-4AlB16Ea5xWXE5/view<br><br>PROROGA: https://drive.google.com/file/d/13pdgwz8t6gSzNijg2LMVzgv1gy_yAkjY/view<br><br>LAVORI DI RIQUALIFICAZIONE DI VIA MANZONI<br><br>1) divieto di sosta e fermata con rimozione, e chiusura al traffico Veicolare H24 su Via Manzoni (daVia Crisanzio a Via Garruba), dal<br>giorno 27/10/2025 al 31/01/2025;;<br>2) divieto di sosta e fermata con rimozione, e chiusura al traffico Veicolare H24 su Via Manzoni (da Via Crisanzio a Corso Italia) fino al<br>31/12/2025;<br>3) divieto di sosta e fermata con rimozione H24 su Via M. Rossani dal giorno 06/10/2025 al 31/01/2025;<br><br>Durata e tempistiche: 24/10/2025 - 31/01/2026]]></description>
      <styleUrl>#icon-1541-E65100</styleUrl>
      <Point>
        <coordinates>
          16.8613001,41.1189866,0
        </coordinates>
      </Point>
    </Placemark>
    <Placemark>
      <name>Divieto di transito</name>
      <description><![CDATA[2025/03339<br>https://drive.google.com/drive/folders/1o_4xwMypnO8_KMAcgkw4KDE0i085fQcS?hl=it<br><br>proroga all’Ordinanza Dirigenziale n. 2025/02403 del 29/07/2025 dalle ore 09.00 alle ore 17.00 nei giorni di seguito elencati: mese di novembre: 3-5-7-10-12-14-17-19-21-24-26-28 mese di dicembre: 1-3-5-8-10-12-15-17-19-22-24-26-29-31 mese di gennaio: 2-5-7-9-12-14-16-19-21-23-26-28-30 mese di febbraio: 2-4-6-9-11-13-16-18-20-23-25-27-30-31 dalle ore 09.00 alle ore 12.00 nei giorni di seguito elencati: mese di novembre: 4-6-11-13-18-20-25-27 mese di dicembre: 2-4-9-11-16-18-23-30 mese di gennaio: 6-8-13-15-20-22-27-29 mese di febbraio: 3-5-10-12-17-19-24-26 1. Divieto di transito a tutti i veicoli su via Ospedale di Venere nel tratto compreso tra via Loquercio e via Giulio Petroni; 2. Divieto di transito, eccetto frontisti, a tutti i veicoli su via Ospedale di Venere, nel tratto compreso tra Piazza Umberto I e via Loquercio e su quest’ultima nel tratto compreso tra via Ospedale di Venere e via Bologna; 3. Istituzione del senso vietato, eccetto frontisti, su via Vincenzo Roppo per la corrente di traffico che da Corso Arcide de Gasperi si dirige verso via Loquercio e su quest’ultima per la corrente di traffico che da via Vincenzo Roppo si dirige verso la via Ospedale di Venere; 4. Deviazione obbligatoria verso destra su via Padova, eccetto frontisti, a tutti i veicoli in prossimità dell’intersezione con la via Loquercio; 5. Deviazione obbligatoria verso sinistra su via Pepe, eccetto frontisti, a tutti i veicoli in prossimità dell’intersezione con la via Loquercio; 6. Tutti i provvedimenti in contrasto con la presente sono momentaneamente e provvisoriamente sospesi e divengono nuovamente efficaci all’esaurimento dei termini previsti dal presente disposto; ]]></description>
      <styleUrl>#line-E65100-5263</styleUrl>
      <LineString>
        <tessellate>1</tessellate>
        <coordinates>
          16.8669133,41.0759763,0
          16.8647676,41.0764777,0
          16.864732,41.0764507,0
        </coordinates>
      </LineString>
    </Placemark>
    <Placemark>
      <name>DIVIETO DI TRANSITO</name>
      <description><![CDATA[2025/03339<br>https://drive.google.com/drive/folders/1o_4xwMypnO8_KMAcgkw4KDE0i085fQcS?hl=it<br><br>proroga all’Ordinanza Dirigenziale n. 2025/02403 del 29/07/2025 dalle ore 09.00 alle ore 17.00 nei giorni di seguito elencati: mese di novembre: 3-5-7-10-12-14-17-19-21-24-26-28 mese di dicembre: 1-3-5-8-10-12-15-17-19-22-24-26-29-31 mese di gennaio: 2-5-7-9-12-14-16-19-21-23-26-28-30 mese di febbraio: 2-4-6-9-11-13-16-18-20-23-25-27-30-31 dalle ore 09.00 alle ore 12.00 nei giorni di seguito elencati: mese di novembre: 4-6-11-13-18-20-25-27 mese di dicembre: 2-4-9-11-16-18-23-30 mese di gennaio: 6-8-13-15-20-22-27-29 mese di febbraio: 3-5-10-12-17-19-24-26 1. Divieto di transito a tutti i veicoli su via Ospedale di Venere nel tratto compreso tra via Loquercio e via Giulio Petroni; 2. Divieto di transito, eccetto frontisti, a tutti i veicoli su via Ospedale di Venere, nel tratto compreso tra Piazza Umberto I e via Loquercio e su quest’ultima nel tratto compreso tra via Ospedale di Venere e via Bologna; 3. Istituzione del senso vietato, eccetto frontisti, su via Vincenzo Roppo per la corrente di traffico che da Corso Arcide de Gasperi si dirige verso via Loquercio e su quest’ultima per la corrente di traffico che da via Vincenzo Roppo si dirige verso la via Ospedale di Venere; 4. Deviazione obbligatoria verso destra su via Padova, eccetto frontisti, a tutti i veicoli in prossimità dell’intersezione con la via Loquercio; 5. Deviazione obbligatoria verso sinistra su via Pepe, eccetto frontisti, a tutti i veicoli in prossimità dell’intersezione con la via Loquercio; 6. Tutti i provvedimenti in contrasto con la presente sono momentaneamente e provvisoriamente sospesi e divengono nuovamente efficaci all’esaurimento dei termini previsti dal presente disposto; <br>Durata e tempistiche: dalle ore 09.00 alle ore 17.00 nei giorni di seguito elencati: mese di novembre: 3-5-7-10-12-14-17-19-21-24-26-28 mese di dicembre: 1-3-5-8-10-12-15-17-19-22-24-26-29-31 mese di gennaio: 2-5-7-9-12-14-16-19-21-23-26-28-30 mese di febbraio: 2-4-6-9-11-13-16-18-20-23-25-27-30-31 dalle ore 09.00 alle ore 12.00 nei giorni di seguito elencati: mese di novembre: 4-6-11-13-18-20-25-27 mese di dicembre: 2-4-9-11-16-18-23-30 mese di gennaio: 6-8-13-15-20-22-27-29 mese di febbraio: 3-5-10-12-17-19-24-26]]></description>
      <styleUrl>#icon-1541-E65100</styleUrl>
      <Point>
        <coordinates>
          16.8651538,41.0764009,0
        </coordinates>
      </Point>
    </Placemark>
    <Placemark>
      <name>DIVIETO DI TRANSITO</name>
      <description><![CDATA[2025/03339<br>https://drive.google.com/drive/folders/1o_4xwMypnO8_KMAcgkw4KDE0i085fQcS?hl=it<br><br>proroga all’Ordinanza Dirigenziale n. 2025/02403 del 29/07/2025 dalle ore 09.00 alle ore 17.00 nei giorni di seguito elencati: mese di novembre: 3-5-7-10-12-14-17-19-21-24-26-28 mese di dicembre: 1-3-5-8-10-12-15-17-19-22-24-26-29-31 mese di gennaio: 2-5-7-9-12-14-16-19-21-23-26-28-30 mese di febbraio: 2-4-6-9-11-13-16-18-20-23-25-27-30-31 dalle ore 09.00 alle ore 12.00 nei giorni di seguito elencati: mese di novembre: 4-6-11-13-18-20-25-27 mese di dicembre: 2-4-9-11-16-18-23-30 mese di gennaio: 6-8-13-15-20-22-27-29 mese di febbraio: 3-5-10-12-17-19-24-26 1. Divieto di transito a tutti i veicoli su via Ospedale di Venere nel tratto compreso tra via Loquercio e via Giulio Petroni; 2. Divieto di transito, eccetto frontisti, a tutti i veicoli su via Ospedale di Venere, nel tratto compreso tra Piazza Umberto I e via Loquercio e su quest’ultima nel tratto compreso tra via Ospedale di Venere e via Bologna; 3. Istituzione del senso vietato, eccetto frontisti, su via Vincenzo Roppo per la corrente di traffico che da Corso Arcide de Gasperi si dirige verso via Loquercio e su quest’ultima per la corrente di traffico che da via Vincenzo Roppo si dirige verso la via Ospedale di Venere; 4. Deviazione obbligatoria verso destra su via Padova, eccetto frontisti, a tutti i veicoli in prossimità dell’intersezione con la via Loquercio; 5. Deviazione obbligatoria verso sinistra su via Pepe, eccetto frontisti, a tutti i veicoli in prossimità dell’intersezione con la via Loquercio; 6. Tutti i provvedimenti in contrasto con la presente sono momentaneamente e provvisoriamente sospesi e divengono nuovamente efficaci all’esaurimento dei termini previsti dal presente disposto; <br>Durata e tempistiche: dalle ore 09.00 alle ore 17.00 nei giorni di seguito elencati: mese di novembre: 3-5-7-10-12-14-17-19-21-24-26-28 mese di dicembre: 1-3-5-8-10-12-15-17-19-22-24-26-29-31 mese di gennaio: 2-5-7-9-12-14-16-19-21-23-26-28-30 mese di febbraio: 2-4-6-9-11-13-16-18-20-23-25-27-30-31 dalle ore 09.00 alle ore 12.00 nei giorni di seguito elencati: mese di novembre: 4-6-11-13-18-20-25-27 mese di dicembre: 2-4-9-11-16-18-23-30 mese di gennaio: 6-8-13-15-20-22-27-29 mese di febbraio: 3-5-10-12-17-19-24-26]]></description>
      <styleUrl>#line-E65100-7394</styleUrl>
      <LineString>
        <tessellate>1</tessellate>
        <coordinates>
          16.8669133,41.0759763,0
          16.870159,41.0745579,0
        </coordinates>
      </LineString>
    </Placemark>
    <Placemark>
      <name>VIA BOLOGNA </name>
      <description><![CDATA[2025/03339<br>https://drive.google.com/drive/folders/1o_4xwMypnO8_KMAcgkw4KDE0i085fQcS?hl=it<br><br>proroga all’Ordinanza Dirigenziale n. 2025/02403 del 29/07/2025 dalle ore 09.00 alle ore 17.00 nei giorni di seguito elencati: mese di novembre: 3-5-7-10-12-14-17-19-21-24-26-28 mese di dicembre: 1-3-5-8-10-12-15-17-19-22-24-26-29-31 mese di gennaio: 2-5-7-9-12-14-16-19-21-23-26-28-30 mese di febbraio: 2-4-6-9-11-13-16-18-20-23-25-27-30-31 dalle ore 09.00 alle ore 12.00 nei giorni di seguito elencati: mese di novembre: 4-6-11-13-18-20-25-27 mese di dicembre: 2-4-9-11-16-18-23-30 mese di gennaio: 6-8-13-15-20-22-27-29 mese di febbraio: 3-5-10-12-17-19-24-26 1. Divieto di transito a tutti i veicoli su via Ospedale di Venere nel tratto compreso tra via Loquercio e via Giulio Petroni; 2. Divieto di transito, eccetto frontisti, a tutti i veicoli su via Ospedale di Venere, nel tratto compreso tra Piazza Umberto I e via Loquercio e su quest’ultima nel tratto compreso tra via Ospedale di Venere e via Bologna; 3. Istituzione del senso vietato, eccetto frontisti, su via Vincenzo Roppo per la corrente di traffico che da Corso Arcide de Gasperi si dirige verso via Loquercio e su quest’ultima per la corrente di traffico che da via Vincenzo Roppo si dirige verso la via Ospedale di Venere; 4. Deviazione obbligatoria verso destra su via Padova, eccetto frontisti, a tutti i veicoli in prossimità dell’intersezione con la via Loquercio; 5. Deviazione obbligatoria verso sinistra su via Pepe, eccetto frontisti, a tutti i veicoli in prossimità dell’intersezione con la via Loquercio; 6. Tutti i provvedimenti in contrasto con la presente sono momentaneamente e provvisoriamente sospesi e divengono nuovamente efficaci all’esaurimento dei termini previsti dal presente disposto; <br>Durata e tempistiche: dalle ore 09.00 alle ore 17.00 nei giorni di seguito elencati: mese di novembre: 3-5-7-10-12-14-17-19-21-24-26-28 mese di dicembre: 1-3-5-8-10-12-15-17-19-22-24-26-29-31 mese di gennaio: 2-5-7-9-12-14-16-19-21-23-26-28-30 mese di febbraio: 2-4-6-9-11-13-16-18-20-23-25-27-30-31 dalle ore 09.00 alle ore 12.00 nei giorni di seguito elencati: mese di novembre: 4-6-11-13-18-20-25-27 mese di dicembre: 2-4-9-11-16-18-23-30 mese di gennaio: 6-8-13-15-20-22-27-29 mese di febbraio: 3-5-10-12-17-19-24-26]]></description>
      <styleUrl>#line-E65100-4681</styleUrl>
      <LineString>
        <tessellate>1</tessellate>
        <coordinates>
          16.867057,41.0768509,0
          16.8669133,41.0759763,0
        </coordinates>
      </LineString>
    </Placemark>
    <Placemark>
      <name>VIA VINCENZO ROPPO </name>
      <description><![CDATA[2025/03339<br>https://drive.google.com/drive/folders/1o_4xwMypnO8_KMAcgkw4KDE0i085fQcS?hl=it<br><br>proroga all’Ordinanza Dirigenziale n. 2025/02403 del 29/07/2025 dalle ore 09.00 alle ore 17.00 nei giorni di seguito elencati: mese di novembre: 3-5-7-10-12-14-17-19-21-24-26-28 mese di dicembre: 1-3-5-8-10-12-15-17-19-22-24-26-29-31 mese di gennaio: 2-5-7-9-12-14-16-19-21-23-26-28-30 mese di febbraio: 2-4-6-9-11-13-16-18-20-23-25-27-30-31 dalle ore 09.00 alle ore 12.00 nei giorni di seguito elencati: mese di novembre: 4-6-11-13-18-20-25-27 mese di dicembre: 2-4-9-11-16-18-23-30 mese di gennaio: 6-8-13-15-20-22-27-29 mese di febbraio: 3-5-10-12-17-19-24-26 1. Divieto di transito a tutti i veicoli su via Ospedale di Venere nel tratto compreso tra via Loquercio e via Giulio Petroni; 2. Divieto di transito, eccetto frontisti, a tutti i veicoli su via Ospedale di Venere, nel tratto compreso tra Piazza Umberto I e via Loquercio e su quest’ultima nel tratto compreso tra via Ospedale di Venere e via Bologna; 3. Istituzione del senso vietato, eccetto frontisti, su via Vincenzo Roppo per la corrente di traffico che da Corso Arcide de Gasperi si dirige verso via Loquercio e su quest’ultima per la corrente di traffico che da via Vincenzo Roppo si dirige verso la via Ospedale di Venere; 4. Deviazione obbligatoria verso destra su via Padova, eccetto frontisti, a tutti i veicoli in prossimità dell’intersezione con la via Loquercio; 5. Deviazione obbligatoria verso sinistra su via Pepe, eccetto frontisti, a tutti i veicoli in prossimità dell’intersezione con la via Loquercio; 6. Tutti i provvedimenti in contrasto con la presente sono momentaneamente e provvisoriamente sospesi e divengono nuovamente efficaci all’esaurimento dei termini previsti dal presente disposto; <br>Durata e tempistiche: dalle ore 09.00 alle ore 17.00 nei giorni di seguito elencati: mese di novembre: 3-5-7-10-12-14-17-19-21-24-26-28 mese di dicembre: 1-3-5-8-10-12-15-17-19-22-24-26-29-31 mese di gennaio: 2-5-7-9-12-14-16-19-21-23-26-28-30 mese di febbraio: 2-4-6-9-11-13-16-18-20-23-25-27-30-31 dalle ore 09.00 alle ore 12.00 nei giorni di seguito elencati: mese di novembre: 4-6-11-13-18-20-25-27 mese di dicembre: 2-4-9-11-16-18-23-30 mese di gennaio: 6-8-13-15-20-22-27-29 mese di febbraio: 3-5-10-12-17-19-24-26]]></description>
      <styleUrl>#line-E65100-3325</styleUrl>
      <LineString>
        <tessellate>1</tessellate>
        <coordinates>
          16.867057,41.0768509,0
          16.867361,41.0785107,0
          16.8703944,41.0783769,0
          16.8702978,41.0784011,0
          16.8673718,41.0785026,0
        </coordinates>
      </LineString>
    </Placemark>
    <Placemark>
      <name>DIVIETO DI SOSTA E FERMATA</name>
      <description><![CDATA[2025/03333<br>https://drive.google.com/file/d/1_hbOPK7aEM65PnDHENG_Qkp65i-Kps0H/view<br><br>ISTITUZIONE TEMPORANEA DEL DIVIETO DI SOSTA E FERMATA CON RIMOZIONE FORZATA AMBO I LATI E RESTRINGIMENTO DI CARREGGIATA SU VIALE DELLA RESISTENZA (DAL CIV 148 A VIALE G. DI VITTORIO), VIA DON LUIGI STURZO(DA VIALE DELLA REPUBBLICA A CORSO B. CROCE),CORSO B. CROCE (DA VIA DON LUIGI STURZO A VIA MONFALCONE), VIA MONFALCONE (DA CORSO B. CROCE A VIA BUCCARI), VIA MONTELLO (DA VIA BUCCARI A VIA G. PETRONI) E VIA PASUBIO (DA CORSO B. CROCE A VIA G. PETRONI), DAL GIORNO 03 NOVEMBRE 2025 AL GIORNO 31 GENNAIO 2026 DALLE ORE 07.00 ALLE ORE 17.00 PER LAVORI DI LAVORI DI INTERRAMENTO CAVI DI MEDIA TENSIONE C/ENEL,.<br>RICHIEDENTE: ENEL DISTRIBUZIONE S.P.A.<br><br>Durata e tempistiche: 03/11/2025 - 31/01/2026]]></description>
      <styleUrl>#icon-1541-E65100</styleUrl>
      <Point>
        <coordinates>
          16.8701459,41.1102832,0
        </coordinates>
      </Point>
    </Placemark>
    <Placemark>
      <name>DIVIETO DI TRANSITO (O.DI VENERE)</name>
      <description><![CDATA[2025/03339<br>https://drive.google.com/file/d/16g9I03DK2Kudo55EY_gzy1Wm5VDZ_6O3/view<br><br>dalle ore 09.00 alle ore 17.00 nei giorni di seguito elencati:<br><br>mese di novembre: 3-5-7-10-12-14-17-19-21-24-26-28<br>mese di dicembre: 1-3-5-8-10-12-15-17-19-22-24-26-29-31<br>mese di gennaio: 2-5-7-9-12-14-16-19-21-23-26-28-30<br>mese di febbraio: 2-4-6-9-11-13-16-18-20-23-25-27-30-31<br><br>dalle ore 09.00 alle ore 12.00 nei giorni di seguito elencati:<br><br>mese di novembre: 4-6-11-13-18-20-25-27<br>mese di dicembre: 2-4-9-11-16-18-23-30<br>mese di gennaio: 6-8-13-15-20-22-27-29<br>mese di febbraio: 3-5-10-12-17-19-24-26<br><br>1. Divieto di transito a tutti i veicoli su via Ospedale di Venere nel tratto compreso tra via<br>Loquercio e via Giulio Petroni;<br>2. Divieto di transito, eccetto frontisti, a tutti i veicoli su via Ospedale di Venere, nel tratto<br>compreso tra Piazza Umberto I e via Loquercio e su quest’ultima nel tratto compreso tra via<br>Ospedale di Venere e via Bologna;<br>3. Istituzione del senso vietato, eccetto frontisti, su via Vincenzo Roppo per la corrente di traffico<br>che da Corso Arcide de Gasperi si dirige verso via Loquercio e su quest’ultima per la corrente di<br>traffico che da via Vincenzo Roppo si dirige verso la via Ospedale di Venere;<br>4. Deviazione obbligatoria verso destra su via Padova, eccetto frontisti, a tutti i veicoli in<br>prossimità dell’intersezione con la via Loquercio;<br>5. Deviazione obbligatoria verso sinistra su via Pepe, eccetto frontisti, a tutti i veicoli in prossimità<br>dell’intersezione con la via Loquercio;<br>6. Tutti i provvedimenti in contrasto con la presente sono momentaneamente e provvisoriamente sospesi e<br>divengono nuovamente efficaci all’esaurimento dei termini previsti dal presente disposto;]]></description>
      <styleUrl>#icon-1541-E65100</styleUrl>
      <Point>
        <coordinates>
          16.862735,41.0758718,0
        </coordinates>
      </Point>
    </Placemark>
    <Placemark>
      <name>DIVIETO DI SOSTA E RESTRINGIMENTO</name>
      <description><![CDATA[2025/03327<br>https://drive.google.com/file/d/1Z_eO5h-B0bWSxq7n4eudivU-gfsSmGHU/view<br><br>ORDINANZA PER ISTITUIRE TEMPORANEAMENTE UN DIVIETO DI SOSTA AMBO I LATI DELLA CARREGGIATA CON RESTRINGIMENTO CARREGGIATA DALLA DATA DI EMANAZIONE DELLA PRESENTE ORDINANZA AL IN VIA ALBERT EINSTEIN: DA VIA DEVITOFRANCESCO A VIA G. PETRONI E VIA G. PETRONI: DA VIA ALBERT EINSTEIN A CIVICO 41/A PER LAVORI DI SCAVO PER LA POSA CAVI MT.IMPRESA: DMF COSTRUZIONI S.R.L. ISTANTE: LOSACCO LUIGI (LEGALE RAPPRESENTANTE DELLA DMF COSTRUZIONI S.R.L.)PER LAVORI DI SCAVO PER LA POSA CAVI MT.<br>Durata e tempistiche: 29/10/2025 - 30/12/2025 (7.00 - 17.00)]]></description>
      <styleUrl>#icon-1541-757575</styleUrl>
      <Point>
        <coordinates>
          16.8686672,41.1151074,0
        </coordinates>
      </Point>
    </Placemark>
    <Placemark>
      <name>VIA VENEZIA</name>
      <description><![CDATA[https://drive.google.com/file/d/1wfvZf1m2r2GX05Yj2Kmg8rdOd-GvJ7MN/view<br><br>Per i lavori sulla via Venezia, sarà cura della ditta esecutrice dei lavori, posizionare movieri all’intersezione con la via Venezia e la via San Giuseppe, per garantire la fruibilità dei veicoli verso i passi carrabili presenti sulla stessa via, sarà cura della stessa ditta, giornalmente, al termine dei lavori, riaprire la via Venezia al transito veicolare – per le giornate del 01 e 02 Novembre 2025 la ditta dovrà garantire l’accesso pedonale e veicolare sulla via Venezia direzione necropoli di Carbonara;<br><br>Durata e tempistiche: 10/11/2025 per 20 giorni lavorativi]]></description>
      <styleUrl>#line-E65100-2938</styleUrl>
      <LineString>
        <tessellate>1</tessellate>
        <coordinates>
          16.8728385,41.0749102,0
          16.8728975,41.0749021,0
        </coordinates>
      </LineString>
    </Placemark>
    <Placemark>
      <name>VIA VELA/VIA QUARANTA</name>
      <description><![CDATA[2025/03493<br>https://drive.google.com/file/d/1wfvZf1m2r2GX05Yj2Kmg8rdOd-GvJ7MN/view<br><br>Per i lavori sulla via Vela sarà necessario al fine di garantire la mobilità veicolare nella zona, invertire il senso di marcia di via Quaranta e di Vico IV Vela; pedonale interno che posti auto<br><br>Durata e tempistiche: 10/11/2025 per 20 giorni lavorativi]]></description>
      <styleUrl>#line-E65100-4100</styleUrl>
      <LineString>
        <tessellate>1</tessellate>
        <coordinates>
          16.8737937,41.0733544,0
          16.874247,41.073134,0
          16.8748639,41.0739651,0
          16.8749712,41.0741167,0
          16.8749658,41.0747092,0
          16.8749712,41.074695,0
        </coordinates>
      </LineString>
    </Placemark>
    <Placemark>
      <name>VIA CARDUCCI (CARBONARA)</name>
      <description><![CDATA[2025/03493<br>https://drive.google.com/file/d/1wfvZf1m2r2GX05Yj2Kmg8rdOd-GvJ7MN/view<br><br>Per i lavori sulla via Quaranta, sarà necessario chiudere al transito veicolare la via Giosuè Carducci, in detta fase saranno liberamente percorribili la via Quaranta e la via Vela ove sarà ripristinato il regolare senso di marcia; a. L’istituzione del limite massimo di velocità pari a trenta chilometri orari a tutti i veicoli in avvicinamento a Piazza Umberto I alle aree interessate dai lavori da tutte le direzioni<br><br>Durata e tempistiche: 10/11/2025 per 20 giorni lavorativi]]></description>
      <styleUrl>#line-E65100-3519</styleUrl>
      <LineString>
        <tessellate>1</tessellate>
        <coordinates>
          16.8730557,41.0715327,0
          16.8727526,41.0710393,0
        </coordinates>
      </LineString>
    </Placemark>
    <Placemark>
      <name>posizionare movieri</name>
      <description><![CDATA[https://drive.google.com/file/d/1wfvZf1m2r2GX05Yj2Kmg8rdOd-GvJ7MN/view<br><br> LAVORI DI RIQUALIFICAZIONE DELLE STRADE ATTORNO ALLA PIAZZA UMBERTO IN CARBONARA E RIFACIMENTO DEI MARCIAPIEDI. REGOLAMENTAZIONE TEMPORANEA DELLA CIRCOLAZIONE SU PIAZZA UMBERTO I (CARBONARA). PROROGA ORDINANZA DIRIGENZIALE N. 2025/185/01491 DEL 17/10/2025 PER ULTERIORI 20 GIORNI LAVORATIVI. SOCIETÀ: CO.RES. SRL ISTANTE: ING. COLAPIETRO VITANTONIO (DIRETTORE DEI LAVORI) RIP. IVOP <br><br>dal 10/11/2025 per 20 giorni lavorativi<br> 1) Per i lavori sulla via Venezia, sarà cura della ditta esecutrice dei lavori, posizionare movieri all’intersezione con la via Venezia e la via San Giuseppe, per garantire la fruibilità dei veicoli verso i passi carrabili presenti sulla stessa via, sarà cura della stessa ditta, giornalmente, al termine dei lavori, riaprire la via Venezia al transito veicolare – per le giornate del 01 e 02 Novembre 2025 la ditta dovrà garantire l’accesso pedonale e veicolare sulla via Venezia direzione necropoli di Carbonara;<br> <br>2) Per i lavori sulla via Vela sarà necessario al fine di garantire la mobilità veicolare nella zona, invertire il senso di marcia di via Quaranta e di Vico IV Vela; <br><br>3) Per i lavori sulla via Quaranta, sarà necessario chiudere al transito veicolare la via Giosuè Carducci, in detta fase saranno liberamente percorribili la via Quaranta e la via Vela ove sarà ripristinato il regolare senso di marcia; a. L’istituzione del limite massimo di velocità pari a trenta chilometri orari a tutti i veicoli in avvicinamento a Piazza Umberto I alle aree interessate dai lavori da tutte le direzioni. <br><br>4) Dai divieti di cui al punto 1) sono esclusi: i. i veicoli al servizio, ovvero di proprietà dell’impresa esecutrice dei lavori e sue subappaltatrici; ii. i veicoli delle forze dell’ordine, dei vigili del fuoco e delle ambulanze durante l’espletamento di servizi d’istituto e di soccorso pubblico e d’emergenza; iii. i veicoli al servizio di persone con limitate o impedite capacità motorie;<br><br>Durata e tempistiche: 10/11/2025 per 20 giorni lavorativi]]></description>
      <styleUrl>#icon-1541-E65100</styleUrl>
      <Point>
        <coordinates>
          16.8728706,41.0748858,0
        </coordinates>
      </Point>
    </Placemark>
    <Placemark>
      <name>inversione di marcia</name>
      <description><![CDATA[2025/03493<br>https://drive.google.com/file/d/1wfvZf1m2r2GX05Yj2Kmg8rdOd-GvJ7MN/view<br><br> LAVORI DI RIQUALIFICAZIONE DELLE STRADE ATTORNO ALLA PIAZZA UMBERTO IN CARBONARA E RIFACIMENTO DEI MARCIAPIEDI. REGOLAMENTAZIONE TEMPORANEA DELLA CIRCOLAZIONE SU PIAZZA UMBERTO I (CARBONARA). PROROGA ORDINANZA DIRIGENZIALE N. 2025/185/01491 DEL 17/10/2025 PER ULTERIORI 20 GIORNI LAVORATIVI. SOCIETÀ: CO.RES. SRL ISTANTE: ING. COLAPIETRO VITANTONIO (DIRETTORE DEI LAVORI) RIP. IVOP <br><br>dal 10/11/2025 per 20 giorni lavorativi<br> 1) Per i lavori sulla via Venezia, sarà cura della ditta esecutrice dei lavori, posizionare movieri all’intersezione con la via Venezia e la via San Giuseppe, per garantire la fruibilità dei veicoli verso i passi carrabili presenti sulla stessa via, sarà cura della stessa ditta, giornalmente, al termine dei lavori, riaprire la via Venezia al transito veicolare – per le giornate del 01 e 02 Novembre 2025 la ditta dovrà garantire l’accesso pedonale e veicolare sulla via Venezia direzione necropoli di Carbonara;<br> <br>2) Per i lavori sulla via Vela sarà necessario al fine di garantire la mobilità veicolare nella zona, invertire il senso di marcia di via Quaranta e di Vico IV Vela; <br><br>3) Per i lavori sulla via Quaranta, sarà necessario chiudere al transito veicolare la via Giosuè Carducci, in detta fase saranno liberamente percorribili la via Quaranta e la via Vela ove sarà ripristinato il regolare senso di marcia; a. L’istituzione del limite massimo di velocità pari a trenta chilometri orari a tutti i veicoli in avvicinamento a Piazza Umberto I alle aree interessate dai lavori da tutte le direzioni. <br><br>4) Dai divieti di cui al punto 1) sono esclusi: i. i veicoli al servizio, ovvero di proprietà dell’impresa esecutrice dei lavori e sue subappaltatrici; ii. i veicoli delle forze dell’ordine, dei vigili del fuoco e delle ambulanze durante l’espletamento di servizi d’istituto e di soccorso pubblico e d’emergenza; iii. i veicoli al servizio di persone con limitate o impedite capacità motorie;<br><br>Durata e tempistiche: 10/11/2025 per 20 giorni lavorativi]]></description>
      <styleUrl>#icon-1541-E65100</styleUrl>
      <Point>
        <coordinates>
          16.8741905,41.0732794,0
        </coordinates>
      </Point>
    </Placemark>
    <Placemark>
      <name>divieto di transito</name>
      <description><![CDATA[2025/03493<br>https://drive.google.com/file/d/1wfvZf1m2r2GX05Yj2Kmg8rdOd-GvJ7MN/view<br><br> LAVORI DI RIQUALIFICAZIONE DELLE STRADE ATTORNO ALLA PIAZZA UMBERTO IN CARBONARA E RIFACIMENTO DEI MARCIAPIEDI. REGOLAMENTAZIONE TEMPORANEA DELLA CIRCOLAZIONE SU PIAZZA UMBERTO I (CARBONARA). PROROGA ORDINANZA DIRIGENZIALE N. 2025/185/01491 DEL 17/10/2025 PER ULTERIORI 20 GIORNI LAVORATIVI. SOCIETÀ: CO.RES. SRL ISTANTE: ING. COLAPIETRO VITANTONIO (DIRETTORE DEI LAVORI) RIP. IVOP <br><br>dal 10/11/2025 per 20 giorni lavorativi<br> 1) Per i lavori sulla via Venezia, sarà cura della ditta esecutrice dei lavori, posizionare movieri all’intersezione con la via Venezia e la via San Giuseppe, per garantire la fruibilità dei veicoli verso i passi carrabili presenti sulla stessa via, sarà cura della stessa ditta, giornalmente, al termine dei lavori, riaprire la via Venezia al transito veicolare – per le giornate del 01 e 02 Novembre 2025 la ditta dovrà garantire l’accesso pedonale e veicolare sulla via Venezia direzione necropoli di Carbonara;<br> <br>2) Per i lavori sulla via Vela sarà necessario al fine di garantire la mobilità veicolare nella zona, invertire il senso di marcia di via Quaranta e di Vico IV Vela; <br><br>3) Per i lavori sulla via Quaranta, sarà necessario chiudere al transito veicolare la via Giosuè Carducci, in detta fase saranno liberamente percorribili la via Quaranta e la via Vela ove sarà ripristinato il regolare senso di marcia; a. L’istituzione del limite massimo di velocità pari a trenta chilometri orari a tutti i veicoli in avvicinamento a Piazza Umberto I alle aree interessate dai lavori da tutte le direzioni. <br><br>4) Dai divieti di cui al punto 1) sono esclusi: i. i veicoli al servizio, ovvero di proprietà dell’impresa esecutrice dei lavori e sue subappaltatrici; ii. i veicoli delle forze dell’ordine, dei vigili del fuoco e delle ambulanze durante l’espletamento di servizi d’istituto e di soccorso pubblico e d’emergenza; iii. i veicoli al servizio di persone con limitate o impedite capacità motorie;<br><br>Durata e tempistiche: 10/11/2025 per 20 giorni lavorativi]]></description>
      <styleUrl>#icon-1541-E65100</styleUrl>
      <Point>
        <coordinates>
          16.8728119,41.0714494,0
        </coordinates>
      </Point>
    </Placemark>
    <Placemark>
      <name>POSIZIONAMENTO AUTOSCALA</name>
      <description><![CDATA[2025/03544<br>https://drive.google.com/file/d/1m5R0_PiaG-h-pUd5HMRP-4J_cmPPnIjF/view<br><br><br>Temporaneamente dal giorno 10/11/2025 al giorno 09/01/2026 dal lunedi’ al venerdi’ fino alle ore 15.30<br>per posizionamento autoscala e dal giorno 10/01/2026 al 07/02/2026 per installazione recinzione di<br>cantiere, ad esclusione del periodo Natalizio compreso fra il 23.12.2025 e il 31.12.2025:<br>- in deroga all’ ordinanza sindacale n. 328– protocollo n. 5924/gab del 27/4/1991 è consentito il transito<br>e la sosta in deroga al divieto in loco istituito per gli automezzi al servizio del Sig.ra Hoxhaj Joana per<br>raggiungere la sede dei lavori in via Sparano via Sparano fra i civici 81 e 83;<br>I conducenti dei mezzi dovranno regolare la velocità di marcia a dieci chilometri orari e comunque adeguarla all’affolla<br><br>Durata e tempistiche: dal giorno 10/11/2025 al giorno 09/01/2026 dal lunedi’ al venerdi’ fino alle ore 15.30<br>per posizionamento autoscala e dal giorno 10/01/2026 al 07/02/2026 per installazione recinzione di<br>cantiere, ad esclusione del periodo Natalizio compreso fra il 23.12.2025 e il 31.12.2025]]></description>
      <styleUrl>#icon-1541-E65100</styleUrl>
      <Point>
        <coordinates>
          16.8695931,41.122963,0
        </coordinates>
      </Point>
    </Placemark>
    <Placemark>
      <name>strada Frattasio/via caldarola</name>
      <description><![CDATA[2025/03614<br>https://drive.google.com/file/d/1Xf4NxUJ2vnPSBPILLjCt26IWrK-_zlZr/view<br><br>ACCORDO QUADRO CON PIU’ OPERATORI ECONOMICI PER L’AFFIDAMENTO DI LAVORI (OS24-OG2), AQ5 BARI, LOTTO GEOGRAFICO SUD,SUB – LOTTO PRESTAZIONALE 3“BARI COSTA SUD PARCO COSTIERO DELLA CULTURA, DEL TURISMO, DELL’AMBIENTE” - LOTTO N.5 PARCO “RETICOLARE” - CIG: B3125520BF - CUP: J96B21000040006 ISTITUZIONE TEMPORANEA DEL RESTRINGIMENTO DELLA CARREGGIATA - BARI COSTA SUD: PARCO COSTIERO DELLA CULTURA, DEL TURISMO, DELL’AMBIENTE. DITTA ESECUTRICE: IMPRESA APULIA S.R.L. <br>- Strada Frattasio (da Consorzio di Bonifica Terra d’Apulia fino a strada Comunale Caldarola - via Caldarola (da strada Comunale Caldarola a svincolo con SS 16<br><br>Durata e tempistiche: 17/11/2025-16/05/2026 07:00-17:00]]></description>
      <styleUrl>#line-E65100-4100</styleUrl>
      <LineString>
        <tessellate>1</tessellate>
        <coordinates>
          16.9195332,41.0931351,0
          16.9188895,41.0943479,0
          16.9200267,41.0959812,0
          16.918552,41.096685,0
          16.918101,41.098253,0
          16.9156065,41.0987787,0
        </coordinates>
      </LineString>
    </Placemark>
    <Placemark>
      <name>via quintavalle/via gentile/via f. colella/strada cannone</name>
      <description><![CDATA[2025/03614<br>https://drive.google.com/file/d/1Xf4NxUJ2vnPSBPILLjCt26IWrK-_zlZr/view<br><br>ACCORDO QUADRO CON PIU’ OPERATORI ECONOMICI PER L’AFFIDAMENTO DI LAVORI (OS24-OG2), AQ5 BARI, LOTTO GEOGRAFICO SUD,SUB – LOTTO PRESTAZIONALE 3“BARI COSTA SUD PARCO COSTIERO DELLA CULTURA, DEL TURISMO, DELL’AMBIENTE” - LOTTO N.5 PARCO “RETICOLARE” - CIG: B3125520BF - CUP: J96B21000040006 ISTITUZIONE TEMPORANEA DEL RESTRINGIMENTO DELLA CARREGGIATA - BARI COSTA SUD: PARCO COSTIERO DELLA CULTURA, DEL TURISMO, DELL’AMBIENTE. DITTA ESECUTRICE: IMPRESA APULIA S.R.L. <br>Via Michele Quintavalle - Via Giovanni Gentile (da via Giovanni (Franco) Colella al civ. 73/d 6 - Strada Cannone<br><br>Durata e tempistiche: 17/11/2025-16/05/2026 07:00-17:00]]></description>
      <styleUrl>#line-E65100-4100</styleUrl>
      <LineString>
        <tessellate>1</tessellate>
        <coordinates>
          16.925913,41.102463,0
          16.9217848,41.1039954,0
          16.9215058,41.1033487,0
          16.920871,41.102496,0
          16.921171,41.101535,0
          16.920871,41.102496,0
          16.9215165,41.1033406,0
          16.9217848,41.1039873,0
          16.9229113,41.1059761,0
          16.9231151,41.1064611,0
          16.9234477,41.1074312,0
          16.923555,41.1080213,0
          16.923437,41.107415,0
          16.9230855,41.1063983,0
          16.922922,41.1059761,0
          16.9217848,41.1039793,0
          16.9094788,41.1087812,0
        </coordinates>
      </LineString>
    </Placemark>
    <Placemark>
      <name>via di cagno abbrescia/corso trieste</name>
      <description><![CDATA[2025/03614<br>https://drive.google.com/file/d/1Xf4NxUJ2vnPSBPILLjCt26IWrK-_zlZr/view<br><br>ACCORDO QUADRO CON PIU’ OPERATORI ECONOMICI PER L’AFFIDAMENTO DI LAVORI (OS24-OG2), AQ5 BARI, LOTTO GEOGRAFICO SUD,SUB – LOTTO PRESTAZIONALE 3“BARI COSTA SUD PARCO COSTIERO DELLA CULTURA, DEL TURISMO, DELL’AMBIENTE” - LOTTO N.5 PARCO “RETICOLARE” - CIG: B3125520BF - CUP: J96B21000040006 ISTITUZIONE TEMPORANEA DEL RESTRINGIMENTO DELLA CARREGGIATA - BARI COSTA SUD: PARCO COSTIERO DELLA CULTURA, DEL TURISMO, DELL’AMBIENTE. DITTA ESECUTRICE: IMPRESA APULIA S.R.L. <br>Via Di Cagno Abbrescia; - Corso Trieste<br>Durata e tempistiche: 17/11/2025-16/05/2026 07:00-17:00]]></description>
      <styleUrl>#line-E65100-4488</styleUrl>
      <LineString>
        <tessellate>1</tessellate>
        <coordinates>
          16.9346464,41.1072087,0
          16.9319535,41.1084293,0
          16.9303656,41.1101673,0
          16.9284881,41.1113314,0
          16.9229734,41.1113071,0
          16.9186604,41.111396,0
          16.9164181,41.1116547,0
          16.9163108,41.1116709,0
          16.9161177,41.1117275,0
          16.9149053,41.1124388,0
          16.9139505,41.1125277,0
          16.91278,41.112742,0
          16.9092942,41.1145243,0
          16.9071162,41.1150982,0
          16.9042945,41.1161974,0
          16.903168,41.1163268,0
          16.9008184,41.1159873,0
          16.899606,41.1160519,0
          16.8967629,41.1164723,0
          16.8923426,41.1175553,0
        </coordinates>
      </LineString>
    </Placemark>
    <Placemark>
      <name>Restringimento carreggiata</name>
      <description><![CDATA[2025/03614<br>https://drive.google.com/file/d/1Xf4NxUJ2vnPSBPILLjCt26IWrK-_zlZr/view<br><br>ACCORDO QUADRO CON PIU’ OPERATORI ECONOMICI PER L’AFFIDAMENTO DI LAVORI (OS24-OG2), AQ5 BARI, LOTTO GEOGRAFICO SUD,SUB – LOTTO PRESTAZIONALE 3“BARI COSTA SUD PARCO COSTIERO DELLA CULTURA, DEL TURISMO, DELL’AMBIENTE” - LOTTO N.5 PARCO “RETICOLARE” - CIG: B3125520BF - CUP: J96B21000040006 ISTITUZIONE TEMPORANEA DEL RESTRINGIMENTO DELLA CARREGGIATA - BARI COSTA SUD: PARCO COSTIERO DELLA CULTURA, DEL TURISMO, DELL’AMBIENTE. DITTA ESECUTRICE: IMPRESA APULIA S.R.L. <br>Restringimento di carreggiata su: <br> - Strada Frattasio (da Consorzio di Bonifica Terra d’Apulia fino a strada Comunale Caldarola 3. <br>- via Caldarola (da strada Comunale Caldarola a svincolo con SS 16 4. <br>- Via Michele Quintavalle - Via Giovanni Gentile (da via Giovanni Colella al civ. 73/d 6. - Strada Cannone; <br> - Via Di Cagno Abbrescia; <br> - Corso Trieste<br>Durata e tempistiche: 17/11/2025-16/05/2026 07:00-17:00]]></description>
      <styleUrl>#icon-1541-E65100</styleUrl>
      <Point>
        <coordinates>
          16.9230807,41.1077503,0
        </coordinates>
      </Point>
    </Placemark>
    <Placemark>
      <name>divieto di sosta/restringimento
carreggiata/all’occorrenza divieto di transito 
</name>
      <description><![CDATA[2025/03624<br>https://drive.google.com/file/d/1JWcLr7RcUJmwtsWfsNPMq5Bt0SYfUk3C/view<br><br>P1557 LOTTO 1. ORDINANZA PER ISTITUIRE TEMPORANEAMENTE UN DIVIETO DI SOSTA AMBO I ALTI, SENSO UNICO ALTERNATO NONCHÉ RESTRINGIMENTO CARREGGIATA E ALL’OCCORRENZA DIVIETO DI TRANSITO SU VIA BITRITTO PER LAVORI DI SCAVI PER SOSTITUZIONE E POSA DELLE NUOVE CONDOTTE IN GHISA, REALIZZAZIONE DI TUTTE LE DERIVAZIONI DI UTENZA, RINTERRI E SUCCESSIVI RIPRISTINI PROVVISORI PER TERMINARE CON QUELLI DEFINITIVI, DAL GIORNO 19/11/2025 SINO AL 27/03/2026. SOCIETÀ: ACCIONA AGUA S.A.<br><br><br>1. Istituzione temporanea del divieto di sosta ambo i alti, senso unico alternato nonché restringimento<br>carreggiata e all’occorrenza divieto di transito su VIA BITRITTO<br>2. Sarà consentito il transito ai residenti, ai mezzi pubblici ed ai mezzi di soccorso;<br>3. Tutti i provvedimenti in contrasto con la presente sono momentaneamente e provvisoriamente sospesi e<br>divengono nuovamente efficaci all’esaurimento dei termini previsti dal presente disposto;<br><br>Durata e tempistiche: 19/11/2025 - 27/03/2026]]></description>
      <styleUrl>#line-E65100-5263</styleUrl>
      <LineString>
        <tessellate>1</tessellate>
        <coordinates>
          16.8479566,41.1012612,0
          16.8448023,41.0990783,0
          16.8422918,41.0966689,0
          16.8387083,41.0908796,0
        </coordinates>
      </LineString>
    </Placemark>
    <Placemark>
      <name>via Bitritto</name>
      <description><![CDATA[2025/03624<br>https://drive.google.com/file/d/1JWcLr7RcUJmwtsWfsNPMq5Bt0SYfUk3C/view<br><br>P1557 LOTTO 1. ORDINANZA PER ISTITUIRE TEMPORANEAMENTE UN DIVIETO DI SOSTA AMBO I ALTI, SENSO UNICO ALTERNATO NONCHÉ RESTRINGIMENTO CARREGGIATA E ALL’OCCORRENZA DIVIETO DI TRANSITO SU VIA BITRITTO PER LAVORI DI SCAVI PER SOSTITUZIONE E POSA DELLE NUOVE CONDOTTE IN GHISA, REALIZZAZIONE DI TUTTE LE DERIVAZIONI DI UTENZA, RINTERRI E SUCCESSIVI RIPRISTINI PROVVISORI PER TERMINARE CON QUELLI DEFINITIVI, DAL GIORNO 19/11/2025 SINO AL 27/03/2026. SOCIETÀ: ACCIONA AGUA S.A.<br><br><br>1. Istituzione temporanea del divieto di sosta ambo i alti, senso unico alternato nonché restringimento<br>carreggiata e all’occorrenza divieto di transito su VIA BITRITTO<br>2. Sarà consentito il transito ai residenti, ai mezzi pubblici ed ai mezzi di soccorso;<br>3. Tutti i provvedimenti in contrasto con la presente sono momentaneamente e provvisoriamente sospesi e<br>divengono nuovamente efficaci all’esaurimento dei termini previsti dal presente disposto;<br><br>Durata e tempistiche: 19/11/2025 - 27/03/2026]]></description>
      <styleUrl>#icon-1541-E65100</styleUrl>
      <Point>
        <coordinates>
          16.8461327,41.0992966,0
        </coordinates>
      </Point>
    </Placemark>
    <Placemark>
      <name>DIVIETO DI SOSTA
AMBO I LATI </name>
      <description><![CDATA[2025/04184<br><br>https://drive.google.com/file/d/16gDweBOg1h6nsXulZ2oX-cqhQ_XesICE/view<br><br>ORDINANZA PER ISTITUIRE TEMPORANEAMENTE UN DIVIETO DI SOSTA AMBO I LATI DELLA CARREGGIATA CON RESTRINGIMENTO CARREGGIATA SU VIA TOLLERANZA TRATTO DA VIA DEL RISPETTO A VIA DELLA LEALTÀ, SU VIA DELLA LEALTÀ TRATTO DA VIA DELLA TOLLERANZA A VIA DELLA GENTILEZZA E SU VIA IQBAL MASIH TRATTO DA VIA DELLA LEALTÀ A PIAZZETTA ELEONORA PER LAVORI DI SCAVO PER LA POSA CAVI MT. PROROGA ORDINANZA DIRIGENZIALE N. 2025/185/01737 DEL 21/11/2025. IMPRESA: DMF COSTRUZIONI S.R.L. ISTANTE: LOSACCO LUIGI (LEGALE RAPPRESENTANTE DELLA DMF COSTRUZIONI S.R.L.)<br><br>1. L’istituzione temporanea del divieto di sosta ambo i lati della carreggiata con restringimento carreggiata su via Tolleranza tratto da via del Rispetto a via della Lealtà, su via della Lealtà tratto da via della Tolleranza a via della Gentilezza e su via Iqbal Masih tratto da via della Lealtà a Piazzetta Eleonora; 2. Al fine della sicurezza pedonale e veicolare, verranno utilizzati i movieri per la gestione della mobilità e l’utilizzo di transenne metalliche modulari (di dimensioni 3,00 x 2,00) per la delimitazione diurna e notturna del cantiere; 3. Tutti i provvedimenti in contrasto con la presente sono momentaneamente e provvisoriamente sospesi e divengono nuovamente efficaci all’esaurimento dei termini previsti dal presente disposto; <br><br>Durata e tempistiche:01/01/2026 - 28/02/2026<br><br>https://drive.google.com/file/d/1-rbt-8C0pCLniEXAWxOXqGitLtqqMAzO/view<br><br>ORDINANZA PER ISTITUIRE TEMPORANEAMENTE UN DIVIETO DI SOSTA<br>AMBO I LATI DELLA CARREGGIATA CON RESTRINGIMENTO CARREGGIATA<br>SU VIA TOLLERANZA TRATTO DA VIA DEL RISPETTO A VIA DELLA LEALTÀ,<br>SU VIA DELLA LEALTÀ TRATTO DA VIA DELLA TOLLERANZA A VIA DELLA<br>GENTILEZZA E SU VIA IQBAL MASIH TRATTO DA VIA DELLA LEALTÀ A<br>PIAZZETTA ELEONORA PER LAVORI DI SCAVO PER LA POSA CAVI MT DAL<br>24/11/2025 AL 30/12/2025.<br>IMPRESA: DMF COSTRUZIONI S.R.L.<br>ISTANTE: LOSACCO LUIGI (LEGALE RAPPRESENTANTE DELLA DMF<br>COSTRUZIONI S.R.L.)<br><br>Durata e tempistiche: 24/11/2025 - 30/12/2025.]]></description>
      <styleUrl>#icon-1541-E65100</styleUrl>
      <Point>
        <coordinates>
          16.737096,41.149462,0
        </coordinates>
      </Point>
    </Placemark>
    <Placemark>
      <name><![CDATA[VIA TOLLERANZA, VIA LEALTA']]></name>
      <description><![CDATA[2025/04184<br><br>https://drive.google.com/file/d/16gDweBOg1h6nsXulZ2oX-cqhQ_XesICE/view<br><br>ORDINANZA PER ISTITUIRE TEMPORANEAMENTE UN DIVIETO DI SOSTA AMBO I LATI DELLA CARREGGIATA CON RESTRINGIMENTO CARREGGIATA SU VIA TOLLERANZA TRATTO DA VIA DEL RISPETTO A VIA DELLA LEALTÀ, SU VIA DELLA LEALTÀ TRATTO DA VIA DELLA TOLLERANZA A VIA DELLA GENTILEZZA E SU VIA IQBAL MASIH TRATTO DA VIA DELLA LEALTÀ A PIAZZETTA ELEONORA PER LAVORI DI SCAVO PER LA POSA CAVI MT. PROROGA ORDINANZA DIRIGENZIALE N. 2025/185/01737 DEL 21/11/2025. IMPRESA: DMF COSTRUZIONI S.R.L. ISTANTE: LOSACCO LUIGI (LEGALE RAPPRESENTANTE DELLA DMF COSTRUZIONI S.R.L.)<br><br>1. L’istituzione temporanea del divieto di sosta ambo i lati della carreggiata con restringimento carreggiata su via Tolleranza tratto da via del Rispetto a via della Lealtà, su via della Lealtà tratto da via della Tolleranza a via della Gentilezza e su via Iqbal Masih tratto da via della Lealtà a Piazzetta Eleonora; 2. Al fine della sicurezza pedonale e veicolare, verranno utilizzati i movieri per la gestione della mobilità e l’utilizzo di transenne metalliche modulari (di dimensioni 3,00 x 2,00) per la delimitazione diurna e notturna del cantiere; 3. Tutti i provvedimenti in contrasto con la presente sono momentaneamente e provvisoriamente sospesi e divengono nuovamente efficaci all’esaurimento dei termini previsti dal presente disposto; <br><br>Durata e tempistiche:01/01/2026 - 28/02/2026<br><br>2025/03758 <br>https://drive.google.com/file/d/1-rbt-8C0pCLniEXAWxOXqGitLtqqMAzO/view<br><br>ORDINANZA PER ISTITUIRE TEMPORANEAMENTE UN DIVIETO DI SOSTA<br>AMBO I LATI DELLA CARREGGIATA CON RESTRINGIMENTO CARREGGIATA<br>SU VIA TOLLERANZA TRATTO DA VIA DEL RISPETTO A VIA DELLA LEALTÀ,<br>SU VIA DELLA LEALTÀ TRATTO DA VIA DELLA TOLLERANZA A VIA DELLA<br>GENTILEZZA E SU VIA IQBAL MASIH TRATTO DA VIA DELLA LEALTÀ A<br>PIAZZETTA ELEONORA PER LAVORI DI SCAVO PER LA POSA CAVI MT DAL<br>24/11/2025 AL 30/12/2025.<br>IMPRESA: DMF COSTRUZIONI S.R.L.<br>ISTANTE: LOSACCO LUIGI (LEGALE RAPPRESENTANTE DELLA DMF<br>COSTRUZIONI S.R.L.)<br><br>Durata e tempistiche: 24/11/2025 - 30/12/2025.]]></description>
      <styleUrl>#line-E65100-4509</styleUrl>
      <LineString>
        <tessellate>1</tessellate>
        <coordinates>
          16.7342282,41.1491084,0
          16.7369908,41.1492861,0
          16.7372483,41.1469109,0
        </coordinates>
      </LineString>
    </Placemark>
    <Placemark>
      <name>VIA IQBAL MASIH</name>
      <description><![CDATA[2025/04184<br><br>https://drive.google.com/file/d/16gDweBOg1h6nsXulZ2oX-cqhQ_XesICE/view<br><br>ORDINANZA PER ISTITUIRE TEMPORANEAMENTE UN DIVIETO DI SOSTA AMBO I LATI DELLA CARREGGIATA CON RESTRINGIMENTO CARREGGIATA SU VIA TOLLERANZA TRATTO DA VIA DEL RISPETTO A VIA DELLA LEALTÀ, SU VIA DELLA LEALTÀ TRATTO DA VIA DELLA TOLLERANZA A VIA DELLA GENTILEZZA E SU VIA IQBAL MASIH TRATTO DA VIA DELLA LEALTÀ A PIAZZETTA ELEONORA PER LAVORI DI SCAVO PER LA POSA CAVI MT. PROROGA ORDINANZA DIRIGENZIALE N. 2025/185/01737 DEL 21/11/2025. IMPRESA: DMF COSTRUZIONI S.R.L. ISTANTE: LOSACCO LUIGI (LEGALE RAPPRESENTANTE DELLA DMF COSTRUZIONI S.R.L.)<br><br>1. L’istituzione temporanea del divieto di sosta ambo i lati della carreggiata con restringimento carreggiata su via Tolleranza tratto da via del Rispetto a via della Lealtà, su via della Lealtà tratto da via della Tolleranza a via della Gentilezza e su via Iqbal Masih tratto da via della Lealtà a Piazzetta Eleonora; 2. Al fine della sicurezza pedonale e veicolare, verranno utilizzati i movieri per la gestione della mobilità e l’utilizzo di transenne metalliche modulari (di dimensioni 3,00 x 2,00) per la delimitazione diurna e notturna del cantiere; 3. Tutti i provvedimenti in contrasto con la presente sono momentaneamente e provvisoriamente sospesi e divengono nuovamente efficaci all’esaurimento dei termini previsti dal presente disposto; <br><br>Durata e tempistiche:01/01/2026 - 28/02/2026<br><br>2025/03758 <br>https://drive.google.com/file/d/1-rbt-8C0pCLniEXAWxOXqGitLtqqMAzO/view<br><br>ORDINANZA PER ISTITUIRE TEMPORANEAMENTE UN DIVIETO DI SOSTA<br>AMBO I LATI DELLA CARREGGIATA CON RESTRINGIMENTO CARREGGIATA<br>SU VIA TOLLERANZA TRATTO DA VIA DEL RISPETTO A VIA DELLA LEALTÀ,<br>SU VIA DELLA LEALTÀ TRATTO DA VIA DELLA TOLLERANZA A VIA DELLA<br>GENTILEZZA E SU VIA IQBAL MASIH TRATTO DA VIA DELLA LEALTÀ A<br>PIAZZETTA ELEONORA PER LAVORI DI SCAVO PER LA POSA CAVI MT DAL<br>24/11/2025 AL 30/12/2025.<br>IMPRESA: DMF COSTRUZIONI S.R.L.<br>ISTANTE: LOSACCO LUIGI (LEGALE RAPPRESENTANTE DELLA DMF<br>COSTRUZIONI S.R.L.)<br><br>Durata e tempistiche: 24/11/2025 -  30/12/2025.]]></description>
      <styleUrl>#line-E65100-4899</styleUrl>
      <LineString>
        <tessellate>1</tessellate>
        <coordinates>
          16.7369908,41.1492861,0
          16.7380358,41.1493651,0
          16.738642,41.1494216,0
          16.7389531,41.1494782,0
          16.739731,41.148945,0
          16.7401172,41.1486097,0
        </coordinates>
      </LineString>
    </Placemark>
    <Placemark>
      <name>via Caldarola</name>
      <description><![CDATA[2025/03681<br>https://drive.google.com/file/d/1HTULvrmRqxaYTuGAhcjRJ8nKYZ6pej_g/view<br><br><br>PNRR - M5 C2 INV. 2.1 - REALIZZAZIONE DEL PARCO MULTIFUNZIONALE NELL’AREA DELLA EX FIBRONIT “PARCO DELLA RINASCITA”. REGOLAMENTAZIONE TEMPORANEA DELLA CIRCOLAZIONE STRADALE SU VIA CALDAROLA FINO AL 30.06.2026 IMPRESA ESECUTRICE: RTI DE GRECIS COS.E.MA. VERDE S.R.L. – COBAR S.P.A.- GIUSTINIANA S.R.L.<br><br>1) Dall’esecutività del presente provvedimento fino al giorno 30.06.2025 sono istituiti i seguenti provvedimenti temporanei di circolazione: <br>a) L’istituzione del senso unico di marcia su: <br>i) via Caldarola nel tratto stradale compreso tra via Aristosseno e via Carabiniere Giovanni del Conte, nella direzione di marcia che va da via Aristosseno verso via Carabiniere Giovanni del Conte.<br> b) L’istituzione del restringimento di carreggiata a tutti i veicoli su: <br>) via Caldarola nel tratto stradale compreso tra via Aristosseno e via Carabiniere Giovanni del Conte.<br> c) L’istituzione del divieto di fermata ambo i lati a tutti i veicoli su: <br>i) via Caldarola nel tratto stradale compreso tra via Aristosseno e via Carabiniere Giovanni del Conte.<br> d) L’istituzione dell’obbligo di svolta a destra a tutti i veicoli su:<br> i) via Carabiniere Giovanni del Conte, in corrispondenza dell’intersezione con via Caldarola;<br> e) L’istituzione dell’obbligo di svolta a sinistra a tutti i veicoli su:<br> i) via Caldarola in corrispondenza dell’intersezione con via Carabiniere Giovanni del Conte, per i veicoli sulla corrente di traffico proveniente da via Oberdan;<br> f) L’istituzione del senso vietato a tutti i veicoli su:<br> i) via Caldarola in corrispondenza dell’intersezione con via Carabiniere Giovanni del Conte, per i veicoli sulla corrente di traffico proveniente da via Oberdan; <br><br>2) Dagli obblighi e divieti di cui al punto 1) sono esclusi: i) i veicoli al servizio, ovvero di proprietà dell’impresa esecutrice dei lavori e sue subappaltatrici; ii) i veicoli delle forze dell’ordine, dei vigili del fuoco e delle ambulanze durante l’espletamento di servizi d’istituto e di soccorso pubblico e d’emergenza; iii) i veicoli al servizio di persone con limitate o impedite capacità motorie; iv) i veicoli diretti agli accessi carrabili privati. <br><br>Durata e tempistiche: 18/11/2025 - 30.06.2026]]></description>
      <styleUrl>#line-E65100-4488</styleUrl>
      <LineString>
        <tessellate>1</tessellate>
        <coordinates>
          16.8866038,41.1136205,0
          16.8853539,41.1144409,0
          16.8843185,41.1155523,0
        </coordinates>
      </LineString>
    </Placemark>
    <Placemark>
      <name>Piazza Umberto I (tra via Roma e via Quaranta)</name>
      <description><![CDATA[2025/03724<br>https://drive.google.com/file/d/18uIJiFY2XQfcP-MqqtP2JiAdfs1n9hMY/view <br><br>LAVORI DI COSTRUZIONE DELLA RETE DI FOGNATURA PLUVIALE E<br>RIFACIMENTO DEI MARCIAPIEDI.<br>REGOLAMENTAZIONE TEMPORANEA DELLA CIRCOLAZIONE SU PIAZZA<br>UMBERTO I DI CARBONARA DALL’ESECUTIVITÀ DELL’ATTO SINO AL<br>10/12/2025. ISTITUZIONE TEMPORANEA DEL DOPPIO SENSO DI<br>CIRCOLAZIONE TRATTO DI PIAZZA UMBERTO I TRA VIA DE MARINIS E VIA<br>CALATAFIMI E DEL DIVIETO DI SOSTA (LATO PIAZZA UMBERTO I) NEL<br>TRATTO TRA VIA ROMA E VIA QUARANTA.<br>IMPRESA: CO.RES. SRL<br><br>Durata e tempistiche: 20/11/2025 - 10/12/2025]]></description>
      <styleUrl>#line-E65100-3925</styleUrl>
      <LineString>
        <tessellate>1</tessellate>
        <coordinates>
          16.8713673,41.0739498,0
          16.8715256,41.0741439,0
        </coordinates>
      </LineString>
    </Placemark>
    <Placemark>
      <name>senso unico di marcia/ restringimento di carreggiata / divieto di fermata</name>
      <description><![CDATA[2025/03681<br>https://drive.google.com/file/d/1HTULvrmRqxaYTuGAhcjRJ8nKYZ6pej_g/view<br><br><br>PNRR - M5 C2 INV. 2.1 - REALIZZAZIONE DEL PARCO MULTIFUNZIONALE NELL’AREA DELLA EX FIBRONIT “PARCO DELLA RINASCITA”. REGOLAMENTAZIONE TEMPORANEA DELLA CIRCOLAZIONE STRADALE SU VIA CALDAROLA FINO AL 30.06.2026 IMPRESA ESECUTRICE: RTI DE GRECIS COS.E.MA. VERDE S.R.L. – COBAR S.P.A.- GIUSTINIANA S.R.L.<br><br>1) Dall’esecutività del presente provvedimento fino al giorno 30.06.2025 sono istituiti i seguenti provvedimenti temporanei di circolazione: <br>a) L’istituzione del senso unico di marcia su: <br>i) via Caldarola nel tratto stradale compreso tra via Aristosseno e via Carabiniere Giovanni del Conte, nella direzione di marcia che va da via Aristosseno verso via Carabiniere Giovanni del Conte.<br> b) L’istituzione del restringimento di carreggiata a tutti i veicoli su: <br>) via Caldarola nel tratto stradale compreso tra via Aristosseno e via Carabiniere Giovanni del Conte.<br> c) L’istituzione del divieto di fermata ambo i lati a tutti i veicoli su: <br>i) via Caldarola nel tratto stradale compreso tra via Aristosseno e via Carabiniere Giovanni del Conte.<br> d) L’istituzione dell’obbligo di svolta a destra a tutti i veicoli su:<br> i) via Carabiniere Giovanni del Conte, in corrispondenza dell’intersezione con via Caldarola;<br> e) L’istituzione dell’obbligo di svolta a sinistra a tutti i veicoli su:<br> i) via Caldarola in corrispondenza dell’intersezione con via Carabiniere Giovanni del Conte, per i veicoli sulla corrente di traffico proveniente da via Oberdan;<br> f) L’istituzione del senso vietato a tutti i veicoli su:<br> i) via Caldarola in corrispondenza dell’intersezione con via Carabiniere Giovanni del Conte, per i veicoli sulla corrente di traffico proveniente da via Oberdan; <br><br>2) Dagli obblighi e divieti di cui al punto 1) sono esclusi: i) i veicoli al servizio, ovvero di proprietà dell’impresa esecutrice dei lavori e sue subappaltatrici; ii) i veicoli delle forze dell’ordine, dei vigili del fuoco e delle ambulanze durante l’espletamento di servizi d’istituto e di soccorso pubblico e d’emergenza; iii) i veicoli al servizio di persone con limitate o impedite capacità motorie; iv) i veicoli diretti agli accessi carrabili privati. <br><br>Durata e tempistiche: 18/11/2025 - 30.06.2026]]></description>
      <styleUrl>#icon-1541-E65100</styleUrl>
      <Point>
        <coordinates>
          16.8853414,41.1146998,0
        </coordinates>
      </Point>
    </Placemark>
    <Placemark>
      <name>Corso G Garibaldi Santo spirito</name>
      <description><![CDATA[2025/04053<br>https://drive.google.com/file/d/1yymGKI1sOoKJT68Q0alC8C9GoPS9eU9G/view?usp=sharing<br><br>ISTITUZIONE DELL’AREA PEDONALE IN VIA PROVVISORIA E SPERIMENTALE DALLE 9.00 ALLE 13.00 SU CORSO G GARIBALDI IN SANTO SPIRITO<br>Nelle giornate del:<br>14.12.2025 - Corso Giuseppe Garibaldi nel tratto compreso tra via Massari e via Napoli<br>11.01.2026 - Corso Giuseppe Garibaldi nel tratto compreso tra vico I Garibaldi e via Napoli<br>18.01.2026 - Corso Giuseppe Garibaldi nel tratto compreso tra vico I Garibaldi e via Napoli<br>08.02.2026 - Corso Giuseppe Garibaldi nel tratto compreso tra vico I Garibaldi e via Napoli<br>15.02.2026 - Corso Giuseppe Garibaldi nel tratto compreso tra vico I Garibaldi e via Napoli<br>08.03.2026 - Corso Giuseppe Garibaldi nel tratto compreso tra vico I Garibaldi e via Napoli<br>15.03.2026 - Corso Giuseppe Garibaldi nel tratto compreso tra vico I Garibaldi e via Napoli<br>05.04.2026 - Corso Giuseppe Garibaldi nel tratto compreso tra vico I Garibaldi e via Napoli<br><br><br>https://www.comune.bari.it/-/giunta-approva-istituzione-di-quattro-nuove-aree-pedonali-a-torre-a-mare-palese-e-santo-spirito<br><br>istituzione temporanea e in via sperimentale, per la durata di un anno a decorrere dalla concreta attuazione mediante l’apposizione della segnaletica stradale della seguente area pedonaei: corso Giuseppe Garibaldi a Santo Spirito.<br> L’effettiva estensione dei tratti stradali interessati dalla pedonalizzazione, gli orari e i giorni di vigenza, nonché i successivi provvedimenti necessari per l’installazione della segnaletica e degli eventuali arredi urbani necessari per la delimitazione fisica, saranno stabiliti con apposite ordinanze del direttore della ripartizione Infrastrutture Viabilità e Opere Pubbliche, di concerto con la Polizia Locale.<br>Per alcune domeniche al mese, nei giorni festivi e pre-festivi.]]></description>
      <styleUrl>#line-0F9D58-4100</styleUrl>
      <LineString>
        <tessellate>1</tessellate>
        <coordinates>
          16.7465127,41.159983,0
          16.7484278,41.1627616,0
        </coordinates>
      </LineString>
    </Placemark>
    <Placemark>
      <name>area pedonale santo spirito</name>
      <description><![CDATA[DELIBERA N.805<br><br>https://drive.google.com/file/d/1EsBHGm7aUQTbkWOARGbONRATjzObcIsq/view<br><br>ISTITUZIONE SPERIMENTALE DI TRE AREE PEDONALI NEL TERRITORIO DEL<br>MUNICIPIO 5 – CORSO GARIBALDI A SANTO SPIRITO, LUNGOMARE CRISTOFORO<br>COLOMBO A SANTO SPIRITO, CORSO VITTORIO EMANUELE A PALESE <br><br> DI ISTITUIRE, ai sensi del comma 9 dell’art. 7 D.Lgs. n. 285 30/04/1992 (Nuovo Codice della Strada),<br>temporaneamente e in via sperimentale, per la durata di 1 anno a decorrere dalla concreta attuazione<br>dell’area pedonale mediante apposizione della prevista segnaletica stradale, per i motivi di cui premessa,<br>3 aree pedonali presso:<br> Corso Giuseppe Garibaldi in Santo Spirito;<br> Corso Vittorio Emanuele II in Palese;<br> Lungomare Cristoforo Colombo in Santo Spirito;<br><br>https://www.comune.bari.it/-/giunta-approva-istituzione-di-quattro-nuove-aree-pedonali-a-torre-a-mare-palese-e-santo-spirito<br><br>istituzione temporanea e in via sperimentale, per la durata di un anno a decorrere dalla concreta attuazione mediante l’apposizione della segnaletica stradale della seguente area pedonaei: corso Giuseppe Garibaldi a Santo Spirito.<br> L’effettiva estensione dei tratti stradali interessati dalla pedonalizzazione, gli orari e i giorni di vigenza, nonché i successivi provvedimenti necessari per l’installazione della segnaletica e degli eventuali arredi urbani necessari per la delimitazione fisica, saranno stabiliti con apposite ordinanze del direttore della ripartizione Infrastrutture Viabilità e Opere Pubbliche, di concerto con la Polizia Locale.<br>Per alcune domeniche al mese, nei giorni festivi e pre-festivi.]]></description>
      <styleUrl>#icon-1541-0F9D58</styleUrl>
      <Point>
        <coordinates>
          16.7478216,41.161968,0
        </coordinates>
      </Point>
    </Placemark>
    <Placemark>
      <name>area pedonale  lungomare Cristoforo Colombo a Santo Spirito,</name>
      <description><![CDATA[DELIBERA N.805<br><br>https://drive.google.com/file/d/1EsBHGm7aUQTbkWOARGbONRATjzObcIsq/view<br><br>ISTITUZIONE SPERIMENTALE DI TRE AREE PEDONALI NEL TERRITORIO DEL<br>MUNICIPIO 5 – CORSO GARIBALDI A SANTO SPIRITO, LUNGOMARE CRISTOFORO<br>COLOMBO A SANTO SPIRITO, CORSO VITTORIO EMANUELE A PALESE <br><br> DI ISTITUIRE, ai sensi del comma 9 dell’art. 7 D.Lgs. n. 285 30/04/1992 (Nuovo Codice della Strada),<br>temporaneamente e in via sperimentale, per la durata di 1 anno a decorrere dalla concreta attuazione<br>dell’area pedonale mediante apposizione della prevista segnaletica stradale, per i motivi di cui premessa,<br>3 aree pedonali presso:<br> Corso Giuseppe Garibaldi in Santo Spirito;<br> Corso Vittorio Emanuele II in Palese;<br> Lungomare Cristoforo Colombo in Santo Spirito;<br><br><br>https://www.comune.bari.it/-/giunta-approva-istituzione-di-quattro-nuove-aree-pedonali-a-torre-a-mare-palese-e-santo-spirito<br><br>istituzione temporanea e in via sperimentale, per la durata di un anno a decorrere dalla concreta attuazione mediante l’apposizione della segnaletica stradale della seguente area pedonale:  lungomare Cristoforo Colombo a Santo Spirito,<br> L’effettiva estensione dei tratti stradali interessati dalla pedonalizzazione, gli orari e i giorni di vigenza, nonché i successivi provvedimenti necessari per l’installazione della segnaletica e degli eventuali arredi urbani necessari per la delimitazione fisica, saranno stabiliti con apposite ordinanze del direttore della ripartizione Infrastrutture Viabilità e Opere Pubbliche, di concerto con la Polizia Locale.<br>Per alcune domeniche al mese, nei giorni festivi e pre-festivi.]]></description>
      <styleUrl>#icon-1541-0F9D58</styleUrl>
      <Point>
        <coordinates>
          16.750498,41.163504,0
        </coordinates>
      </Point>
    </Placemark>
    <Placemark>
      <name>area pedonale corso v. emanuele palese</name>
      <description><![CDATA[DELIBERA N.805<br><br>https://drive.google.com/file/d/1EsBHGm7aUQTbkWOARGbONRATjzObcIsq/view<br><br>ISTITUZIONE SPERIMENTALE DI TRE AREE PEDONALI NEL TERRITORIO DEL<br>MUNICIPIO 5 – CORSO GARIBALDI A SANTO SPIRITO, LUNGOMARE CRISTOFORO<br>COLOMBO A SANTO SPIRITO, CORSO VITTORIO EMANUELE A PALESE <br><br> DI ISTITUIRE, ai sensi del comma 9 dell’art. 7 D.Lgs. n. 285 30/04/1992 (Nuovo Codice della Strada),<br>temporaneamente e in via sperimentale, per la durata di 1 anno a decorrere dalla concreta attuazione<br>dell’area pedonale mediante apposizione della prevista segnaletica stradale, per i motivi di cui premessa,<br>3 aree pedonali presso:<br> Corso Giuseppe Garibaldi in Santo Spirito;<br> Corso Vittorio Emanuele II in Palese;<br> Lungomare Cristoforo Colombo in Santo Spirito;<br><br>https://www.comune.bari.it/-/giunta-approva-istituzione-di-quattro-nuove-aree-pedonali-a-torre-a-mare-palese-e-santo-spirito<br><br>istituzione temporanea e in via sperimentale, per la durata di un anno a decorrere dalla concreta attuazione mediante l’apposizione della segnaletica stradale della seguente area pedonale: corso Vittorio Emanuele II a Palese.<br>L’effettiva estensione dei tratti stradali interessati dalla pedonalizzazione, gli orari e i giorni di vigenza, nonché i successivi provvedimenti necessari per l’installazione della segnaletica e degli eventuali arredi urbani necessari per la delimitazione fisica, saranno stabiliti con apposite ordinanze del direttore della ripartizione Infrastrutture Viabilità e Opere Pubbliche, di concerto con la Polizia Locale.<br>Per alcune domeniche al mese, nei giorni festivi e pre-festivi.]]></description>
      <styleUrl>#icon-1541-0F9D58</styleUrl>
      <Point>
        <coordinates>
          16.7647726,41.1502434,0
        </coordinates>
      </Point>
    </Placemark>
    <Placemark>
      <name>via Garibaldi Torre a mare</name>
      <description><![CDATA[https://www.comune.bari.it/-/giunta-approva-istituzione-di-quattro-nuove-aree-pedonali-a-torre-a-mare-palese-e-santo-spirito<br><br>a Torre a Mare (Municipio I) la giunta ha deliberato l’istituzione della pedonalizzazione di via Giuseppe Garibaldi, già oggetto di un intervento di chiusura al traffico sperimentale a partire dallo scorso aprile.<br>Per quanto riguarda la nuova area pedonale di Torre a Mare, via Garibaldi, si tratta di una strada senza uscita, della larghezza di circa 4,50 metri, cui si accede da via Leopardi. Dallo scorso aprile la stessa è stata interessata dalla sperimentazione di chiusura al traffico delle auto, su impulso del Consiglio del Municipio I, avviata in concomitanza con l’apertura del nuovo Parco per Tutti, di cui via Garibaldi rappresenta un importante punto di accesso.]]></description>
      <styleUrl>#line-E65100-4488</styleUrl>
      <LineString>
        <tessellate>1</tessellate>
        <coordinates>
          16.9983066,41.0870558,0
          16.9988055,41.0869012,0
        </coordinates>
      </LineString>
    </Placemark>
    <Placemark>
      <name>area pedonale torre a mare</name>
      <description><![CDATA[DELIBERA N.806<br><br>https://drive.google.com/file/d/1mKF9HawmJSwRE6a1GKXwENqKjP5mtShb/view<br><br>ISTITUZIONE DI UN’AREA PEDONALE IN VIA GIUSEPPE GARIBALDI IN TORRE A<br>MARE <br><br>DI ISTITUIRE, ai sensi del comma 9 dell’art. 7 D.Lgs. n. 285 30/04/1992 (Nuovo Codice della Strada),<br>a decorrere dalla concreta attuazione dell’area pedonale mediante apposizione della prevista segnaletica<br>stradale, per i motivi di cui premessa, un’area pedonale presso via Giuseppe Garibaldi in Torre a Mare<br><br>https://www.comune.bari.it/-/giunta-approva-istituzione-di-quattro-nuove-aree-pedonali-a-torre-a-mare-palese-e-santo-spirito<br><br>a Torre a Mare (Municipio I) la giunta ha deliberato l’istituzione della pedonalizzazione di via Giuseppe Garibaldi, già oggetto di un intervento di chiusura al traffico sperimentale a partire dallo scorso aprile.<br>Per quanto riguarda la nuova area pedonale di Torre a Mare, via Garibaldi, si tratta di una strada senza uscita, della larghezza di circa 4,50 metri, cui si accede da via Leopardi. Dallo scorso aprile la stessa è stata interessata dalla sperimentazione di chiusura al traffico delle auto, su impulso del Consiglio del Municipio I, avviata in concomitanza con l’apertura del nuovo Parco per Tutti, di cui via Garibaldi rappresenta un importante punto di accesso.]]></description>
      <styleUrl>#icon-1541-E65100</styleUrl>
      <Point>
        <coordinates>
          16.9985054,41.0870336,0
        </coordinates>
      </Point>
    </Placemark>
    <Placemark>
      <name>divieto di sosta /restr. carreggiata</name>
      <description><![CDATA[https://drive.google.com/file/d/1UXjBn25-9jWAnFCeiq2rx1miqxdtdV7W/view<br><br><br> ISTITUZIONE TEMPORANEA DEL DIVIETO DI SOSTA CON RIMOZIONE FORZATA E RESTRINGIMENTO DI CARREGGIATA SU VIA G. FORTUNATO DAL CIV. 9 A VIA G. DORSO E LATO FRONTE PER IL POSIZIONAMENTO RECINZIONE DI CANTIERE DAL GIORNO 26.11.2026 AL 26.5.2026. RICHIEDENTE: SIG. MAZZITELLI ORFEO<br><br><br>divieto di sosta con rimozione forzata e restringimento di carreggiata su Via G. Fortunato dal civ. 9 a via G. Dorso e lato fronte . La graduazione della velocità per metri 50 in avvicinamento al punto 1 con limite pari a Km/h 20; <br><br><br>Durata e tempistiche: 26/11/2025 - 26/05/2026]]></description>
      <styleUrl>#icon-1541-E65100</styleUrl>
      <Point>
        <coordinates>
          16.8809337,41.1036124,0
        </coordinates>
      </Point>
    </Placemark>
    <Placemark>
      <name>Via G. Fortunato</name>
      <description><![CDATA[https://drive.google.com/file/d/1UXjBn25-9jWAnFCeiq2rx1miqxdtdV7W/view<br><br>ISTITUZIONE TEMPORANEA DEL DIVIETO DI SOSTA CON RIMOZIONE FORZATA E RESTRINGIMENTO DI CARREGGIATA SU VIA G. FORTUNATO DAL CIV. 9 A VIA G. DORSO E LATO FRONTE PER IL POSIZIONAMENTO RECINZIONE DI CANTIERE DAL GIORNO 26.11.2026 AL 26.5.2026. RICHIEDENTE: SIG. MAZZITELLI ORFEO<br><br>divieto di sosta con rimozione forzata e restringimento di carreggiata su Via G. Fortunato dal civ. 9 a via G. Dorso e lato fronte . La graduazione della velocità per metri 50 in avvicinamento al punto 1 con limite pari a Km/h 20; <br><br><br>Durata e tempistiche: 26/11/2025 - 26/05/2026]]></description>
      <styleUrl>#line-E65100-4100</styleUrl>
      <LineString>
        <tessellate>1</tessellate>
        <coordinates>
          16.8806762,41.1038327,0
          16.8809659,41.1033194,0
        </coordinates>
      </LineString>
    </Placemark>
    <Placemark>
      <name>DIVIETO DI SOSTA / RESTRINGIMENTO CARREGGIATA</name>
      <description><![CDATA[2025/04186 <br><br>https://drive.google.com/file/d/1WNcDuYufyvwWp_k-dysAHnct8Lxk9EMj/view<br><br>ORDINANZA PER ISTITUIRE TEMPORANEAMENTE UN DIVIETO DI SOSTA AMBO I LATI DELLA CARREGGIATA CON RESTRINGIMENTO CARREGGIATA SU VIA LUIGI RANIERI DAL CIV.3/A-B-C-D AL CIV. 6/A-B-C-D FINO A FINE STRADA DI VIA LUIGI RANIERI, PER LAVORI DI SCAVO PER LA POSA CAVI MT. PROROGA ORDINANZA DIRIGENZIALE N. 2025/185/01622 DEL 06/11/2025 DAL 01/01/2026 AL 28/02/2026. IMPRESA: DMF COSTRUZIONI S.R.L. ISTANTE: LOSACCO LUIGI (LEGALE RAPPRESENTANTE DELLA DMF COSTRUZIONI S.R.L.)<br><br><br>Durata e tempistiche: 01/01/2026 - 28/02/2026<br><br>2025/03475<br>https://drive.google.com/file/d/18gjtpcKSsYy47Fs_PblY5a9vXbSxoKyv/view<br><br>ORDINANZA PER ISTITUIRE TEMPORANEAMENTE UN DIVIETO DI SOSTA AMBO I LATI DELLA CARREGGIATA CON RESTRINGIMENTO DELLA CARREGGIATA SU VIA LUIGI RANIERI DAL CIV.3/A AL CIV.6/A-B-C-D FINO A FINE STRADA DI VIA LUIGI RANIERI, PER LAVORI DI SCAVO PER LA POSA CAVI MT DAL 10/11/2025 AL 30/12/2025.<br><br>IMPRESA: DMF COSTRUZIONI S.R.L.<br><br>ISTANTE: LOSACCO LUIGI (LEGALE RAPPRESENTANTE DELLA DMF COSTRUZIONI S.R.L.)]]></description>
      <styleUrl>#icon-1541-E65100</styleUrl>
      <Point>
        <coordinates>
          16.8619894,41.0839473,0
        </coordinates>
      </Point>
    </Placemark>
    <Placemark>
      <name>VIA LUIGI RANIERI</name>
      <description><![CDATA[2025/04186 <br><br>https://drive.google.com/file/d/1WNcDuYufyvwWp_k-dysAHnct8Lxk9EMj/view<br><br>ORDINANZA PER ISTITUIRE TEMPORANEAMENTE UN DIVIETO DI SOSTA AMBO I LATI DELLA CARREGGIATA CON RESTRINGIMENTO CARREGGIATA SU VIA LUIGI RANIERI DAL CIV.3/A-B-C-D AL CIV. 6/A-B-C-D FINO A FINE STRADA DI VIA LUIGI RANIERI, PER LAVORI DI SCAVO PER LA POSA CAVI MT. PROROGA ORDINANZA DIRIGENZIALE N. 2025/185/01622 DEL 06/11/2025 DAL 01/01/2026 AL 28/02/2026. IMPRESA: DMF COSTRUZIONI S.R.L. ISTANTE: LOSACCO LUIGI (LEGALE RAPPRESENTANTE DELLA DMF COSTRUZIONI S.R.L.)<br><br><br>Durata e tempistiche: 01/01/2026 - 28/02/2026<br><br>2025/03475<br>https://drive.google.com/file/d/18gjtpcKSsYy47Fs_PblY5a9vXbSxoKyv/view<br><br>ORDINANZA PER ISTITUIRE TEMPORANEAMENTE UN DIVIETO DI SOSTA AMBO I LATI DELLA CARREGGIATA CON RESTRINGIMENTO DELLA CARREGGIATA SU VIA LUIGI RANIERI DAL CIV.3/A AL CIV.6/A-B-C-D FINO A FINE STRADA DI VIA LUIGI RANIERI, PER LAVORI DI SCAVO PER LA POSA CAVI MT DAL 10/11/2025 AL 30/12/2025.<br><br>IMPRESA: DMF COSTRUZIONI S.R.L.<br><br>ISTANTE: LOSACCO LUIGI (LEGALE RAPPRESENTANTE DELLA DMF COSTRUZIONI S.R.L.)]]></description>
      <styleUrl>#line-E65100-3713</styleUrl>
      <LineString>
        <tessellate>1</tessellate>
        <coordinates>
          16.8635236,41.0847115,0
          16.8635612,41.0845255,0
          16.8631642,41.0839999,0
          16.8625151,41.0838786,0
          16.8602996,41.083822,0
        </coordinates>
      </LineString>
    </Placemark>
    <Placemark>
      <name>via Catino</name>
      <description><![CDATA[2025/03811<br>https://drive.google.com/file/d/18yKNzkiUymPuArMlRojv8uSsdT4SmnS9/view<br><br>OGGETTO:P1557 LOTTO 1. ORDINANZA PER ISTITUIRE<br>TEMPORANEAMENTE UN DIVIETO DI SOSTA AMBO I LATI,<br>RESTRINGIMENTO DELLA CARREGGIATA CON SENSO UNICO ALTERNATO<br>SU VIA NAPOLI ANGOLO VIA PAUL HARRIS, VIA CATINO ANGOLO VIA G.<br>ANCONA, VIA CATINO (VICINANZA PASSAGGIO A LIVELLO) E STRADA<br>CATINO (VICINANZA RONDÒ) PER INTERVENTI MIRATI A CONSEGUIRE LA<br>DISTRETTUALIZZAZIONE, IL CONTROLLO DELLE PRESSIONI ED IL<br>MONITORAGGIO DELLE GRANDEZZE IDRAULICHE NELLE RETI IDRICHE E<br>SOSTITUZIONE DEI TRONCHI VETUSTI ED AMMALORATI DAL 28/11/2025 AL<br>10/12/2025.<br>SOCIETÀ: ACCIONA AGUA S.A.<br><br>1. L’istituzione temporanea del divieto di sosta ambo i lati, un restringimento della carreggiata con senso unico alternato su via Napoli angolo via Paul Harris, via Catino angolo via G. Ancona, via Catino (vicinanza passaggio a livello) e strada Catino (vicinanza Rondò) per interventi mirati a conseguire la<br>distrettualizzazione, il controllo delle pressioni ed il monitoraggio delle grandezze idrauliche nelle reti idriche e sostituzione dei tronchi vetusti ed ammalorati;<br><br>2. Per tutte le strade interessate, la circolazione stradale dovrà essere altresì regolamentata con movieri dotati di idoneo equipaggiamento al fine di permettere il transito veicolare e pedonale durante l’esecuzione dei lavori;<br><br>3. Dovrà essere garantito l’accesso/uscita in zona ai residenti e mezzi di soccorso e/o polizia, compatibilmente con l’esecuzione dei lavori in particolare nei tratti liberi e transitabili delle strade in narrativa;<br><br>4. Il cantiere sarà dinamico, ben delimitato con apposite recinzioni a protezione delle aree di lavoro, il tutto eseguito a perfetta regola d’arte;<br><br>5. I lavori saranno svolti nei giorni dal lunedì al venerdì, dalle ore 07.00 alle ore 17.00 e salvo urgenze e necessità anche nei giorni di sabato e domenica;<br><br>6. Tutti i provvedimenti in contrasto con la presente sono momentaneamente e provvisoriamente sospesi e<br>divengono nuovamente efficaci all’esaurimento dei termini previsti dal presente disposto;<br><br><br>Durata e tempistiche: 28/11/2025 - 10/12/2025 07:00 - 17:00]]></description>
      <styleUrl>#line-E65100-4100</styleUrl>
      <LineString>
        <tessellate>1</tessellate>
        <coordinates>
          16.7425739,41.1600175,0
          16.7427885,41.1599125,0
          16.7430031,41.1600175,0
        </coordinates>
      </LineString>
    </Placemark>
    <Placemark>
      <name>divieto di sosta /restringimento carreggiata</name>
      <description><![CDATA[2025/03811<br>https://drive.google.com/file/d/18yKNzkiUymPuArMlRojv8uSsdT4SmnS9/view<br><br>OGGETTO:P1557 LOTTO 1. ORDINANZA PER ISTITUIRE<br>TEMPORANEAMENTE UN DIVIETO DI SOSTA AMBO I LATI,<br>RESTRINGIMENTO DELLA CARREGGIATA CON SENSO UNICO ALTERNATO<br>SU VIA NAPOLI ANGOLO VIA PAUL HARRIS, VIA CATINO ANGOLO VIA G.<br>ANCONA, VIA CATINO (VICINANZA PASSAGGIO A LIVELLO) E STRADA<br>CATINO (VICINANZA RONDÒ) PER INTERVENTI MIRATI A CONSEGUIRE LA<br>DISTRETTUALIZZAZIONE, IL CONTROLLO DELLE PRESSIONI ED IL<br>MONITORAGGIO DELLE GRANDEZZE IDRAULICHE NELLE RETI IDRICHE E<br>SOSTITUZIONE DEI TRONCHI VETUSTI ED AMMALORATI DAL 28/11/2025 AL<br>10/12/2025.<br>SOCIETÀ: ACCIONA AGUA S.A.<br><br>1. L’istituzione temporanea del divieto di sosta ambo i lati, un restringimento della carreggiata con senso unico alternato su via Napoli angolo via Paul Harris, via Catino angolo via G. Ancona, via Catino (vicinanza passaggio a livello) e strada Catino (vicinanza Rondò) per interventi mirati a conseguire la<br>distrettualizzazione, il controllo delle pressioni ed il monitoraggio delle grandezze idrauliche nelle reti idriche e sostituzione dei tronchi vetusti ed ammalorati;<br><br>2. Per tutte le strade interessate, la circolazione stradale dovrà essere altresì regolamentata con movieri dotati di idoneo equipaggiamento al fine di permettere il transito veicolare e pedonale durante l’esecuzione dei lavori;<br><br>3. Dovrà essere garantito l’accesso/uscita in zona ai residenti e mezzi di soccorso e/o polizia, compatibilmente con l’esecuzione dei lavori in particolare nei tratti liberi e transitabili delle strade in narrativa;<br><br>4. Il cantiere sarà dinamico, ben delimitato con apposite recinzioni a protezione delle aree di lavoro, il tutto eseguito a perfetta regola d’arte;<br><br>5. I lavori saranno svolti nei giorni dal lunedì al venerdì, dalle ore 07.00 alle ore 17.00 e salvo urgenze e necessità anche nei giorni di sabato e domenica;<br><br>6. Tutti i provvedimenti in contrasto con la presente sono momentaneamente e provvisoriamente sospesi e<br>divengono nuovamente efficaci all’esaurimento dei termini previsti dal presente disposto;<br><br><br>Durata e tempistiche: 28/11/2025 - 10/12/2025 07:00 - 17:00]]></description>
      <styleUrl>#icon-1541-E65100</styleUrl>
      <Point>
        <coordinates>
          16.74281,41.1601918,0
        </coordinates>
      </Point>
    </Placemark>
    <Placemark>
      <name>VIA CATINO ANGOLO VIA G.
ANCONA</name>
      <description><![CDATA[2025/03811<br>https://drive.google.com/file/d/18yKNzkiUymPuArMlRojv8uSsdT4SmnS9/view<br><br>OGGETTO:P1557 LOTTO 1. ORDINANZA PER ISTITUIRE<br>TEMPORANEAMENTE UN DIVIETO DI SOSTA AMBO I LATI,<br>RESTRINGIMENTO DELLA CARREGGIATA CON SENSO UNICO ALTERNATO<br>SU VIA NAPOLI ANGOLO VIA PAUL HARRIS, VIA CATINO ANGOLO VIA G.<br>ANCONA, VIA CATINO (VICINANZA PASSAGGIO A LIVELLO) E STRADA<br>CATINO (VICINANZA RONDÒ) PER INTERVENTI MIRATI A CONSEGUIRE LA<br>DISTRETTUALIZZAZIONE, IL CONTROLLO DELLE PRESSIONI ED IL<br>MONITORAGGIO DELLE GRANDEZZE IDRAULICHE NELLE RETI IDRICHE E<br>SOSTITUZIONE DEI TRONCHI VETUSTI ED AMMALORATI DAL 28/11/2025 AL<br>10/12/2025.<br>SOCIETÀ: ACCIONA AGUA S.A.<br><br>1. L’istituzione temporanea del divieto di sosta ambo i lati, un restringimento della carreggiata con senso unico alternato su via Napoli angolo via Paul Harris, via Catino angolo via G. Ancona, via Catino (vicinanza passaggio a livello) e strada Catino (vicinanza Rondò) per interventi mirati a conseguire la<br>distrettualizzazione, il controllo delle pressioni ed il monitoraggio delle grandezze idrauliche nelle reti idriche e sostituzione dei tronchi vetusti ed ammalorati;<br><br>2. Per tutte le strade interessate, la circolazione stradale dovrà essere altresì regolamentata con movieri dotati di idoneo equipaggiamento al fine di permettere il transito veicolare e pedonale durante l’esecuzione dei lavori;<br><br>3. Dovrà essere garantito l’accesso/uscita in zona ai residenti e mezzi di soccorso e/o polizia, compatibilmente con l’esecuzione dei lavori in particolare nei tratti liberi e transitabili delle strade in narrativa;<br><br>4. Il cantiere sarà dinamico, ben delimitato con apposite recinzioni a protezione delle aree di lavoro, il tutto eseguito a perfetta regola d’arte;<br><br>5. I lavori saranno svolti nei giorni dal lunedì al venerdì, dalle ore 07.00 alle ore 17.00 e salvo urgenze e necessità anche nei giorni di sabato e domenica;<br><br>6. Tutti i provvedimenti in contrasto con la presente sono momentaneamente e provvisoriamente sospesi e<br>divengono nuovamente efficaci all’esaurimento dei termini previsti dal presente disposto;<br><br><br>Durata e tempistiche: 28/11/2025 - 10/12/2025 07:00 - 17:00]]></description>
      <styleUrl>#line-E65100-3906</styleUrl>
      <LineString>
        <tessellate>1</tessellate>
        <coordinates>
          16.7337859,41.1516176,0
          16.7338825,41.1514075,0
          16.7339147,41.1511894,0
          16.7340649,41.1510925,0
          16.7340702,41.1508824,0
        </coordinates>
      </LineString>
    </Placemark>
    <Placemark>
      <name>divieto di sosta/restringimento carreggiata</name>
      <description><![CDATA[2025/03811<br>https://drive.google.com/file/d/18yKNzkiUymPuArMlRojv8uSsdT4SmnS9/view<br><br>OGGETTO:P1557 LOTTO 1. ORDINANZA PER ISTITUIRE<br>TEMPORANEAMENTE UN DIVIETO DI SOSTA AMBO I LATI,<br>RESTRINGIMENTO DELLA CARREGGIATA CON SENSO UNICO ALTERNATO<br>SU VIA NAPOLI ANGOLO VIA PAUL HARRIS, VIA CATINO ANGOLO VIA G.<br>ANCONA, VIA CATINO (VICINANZA PASSAGGIO A LIVELLO) E STRADA<br>CATINO (VICINANZA RONDÒ) PER INTERVENTI MIRATI A CONSEGUIRE LA<br>DISTRETTUALIZZAZIONE, IL CONTROLLO DELLE PRESSIONI ED IL<br>MONITORAGGIO DELLE GRANDEZZE IDRAULICHE NELLE RETI IDRICHE E<br>SOSTITUZIONE DEI TRONCHI VETUSTI ED AMMALORATI DAL 28/11/2025 AL<br>10/12/2025.<br>SOCIETÀ: ACCIONA AGUA S.A.<br><br>1. L’istituzione temporanea del divieto di sosta ambo i lati, un restringimento della carreggiata con senso unico alternato su via Napoli angolo via Paul Harris, via Catino angolo via G. Ancona, via Catino (vicinanza passaggio a livello) e strada Catino (vicinanza Rondò) per interventi mirati a conseguire la<br>distrettualizzazione, il controllo delle pressioni ed il monitoraggio delle grandezze idrauliche nelle reti idriche e sostituzione dei tronchi vetusti ed ammalorati;<br><br>2. Per tutte le strade interessate, la circolazione stradale dovrà essere altresì regolamentata con movieri dotati di idoneo equipaggiamento al fine di permettere il transito veicolare e pedonale durante l’esecuzione dei lavori;<br><br>3. Dovrà essere garantito l’accesso/uscita in zona ai residenti e mezzi di soccorso e/o polizia, compatibilmente con l’esecuzione dei lavori in particolare nei tratti liberi e transitabili delle strade in narrativa;<br><br>4. Il cantiere sarà dinamico, ben delimitato con apposite recinzioni a protezione delle aree di lavoro, il tutto eseguito a perfetta regola d’arte;<br><br>5. I lavori saranno svolti nei giorni dal lunedì al venerdì, dalle ore 07.00 alle ore 17.00 e salvo urgenze e necessità anche nei giorni di sabato e domenica;<br><br>6. Tutti i provvedimenti in contrasto con la presente sono momentaneamente e provvisoriamente sospesi e<br>divengono nuovamente efficaci all’esaurimento dei termini previsti dal presente disposto;<br><br><br>Durata e tempistiche: 28/11/2025 - 10/12/2025 07:00 - 17:00]]></description>
      <styleUrl>#icon-1541-E65100</styleUrl>
      <Point>
        <coordinates>
          16.7337108,41.1513313,0
        </coordinates>
      </Point>
    </Placemark>
    <Placemark>
      <name>VIALE UNITÀ D’ITALIA </name>
      <description><![CDATA[2025/04171<br><br>https://drive.google.com/file/d/1wa29TrTs3hGWi0tsdzWO71-Kvz9-HiBw/view<br><br>PROROGA ORDINANZA N. 2025/03847 DEL 27.11.2025 ISTITUZIONE TEMPORANEA DEL RESTRINGIMENTO DI CARREGGIATA E DEROGA AL DIVIETO DI FERMATA IN LOCO ISTITUITO PER I MEZZI AL SERVIZIO DEL RICHIEDENTE SU VIALE UNITÀ D’ITALIA CIVV. 14-20 TRATTO COMPRESO TRA VIA PISANELLI E VIA CAPRUZZI E VIA PISANELLI CIVV 11/13 PER IL POSIZIONAMENTO PONTEGGIO BICOLONNA DAL GIORNO DAL 1.1.2026 AL 28/02/2026 RICHIEDENTE: SIG. DE GAETANO FABIO <br><br>2025/03847<br>https://drive.google.com/file/d/14bsdtRPUUE4B86c_foBrrzWVFc7AL-a1/view<br><br>PROROGA ORDINANZA N. 2025/02702 DEL 16.9.2025<br>ISTITUZIONE TEMPORANEA DEL RESTRINGIMENTO DI CARREGGIATA E<br>DEROGA AL DIVIETO DI FERMATA IN LOCO ISTITUITO PER I MEZZI AL<br>SERVIZIO DEL RICHIEDENTE SU VIALE UNITÀ D’ITALIA CIVV. 14-20 TRATTO<br>COMPRESO TRA VIA PISANELLI E VIA CAPRUZZI E VIA PISANELLI CIVV 11/13<br>PER IL POSIZIONAMENTO PONTEGGIO BICOLONNA DAL GIORNO<br>01.12.2025 SINO AL 31.12.2025<br>RICHIEDENTE: SIG. DE GAETANO FABIO<br><br><br>Temporaneamente dal giorno 01.12.2025 sino al 31.12.2025, sono istituiti:<br>1) su Unità d’Italia civv. 14-20 tratto compreso tra via Pisanelli e via Capruzzi;<br>2) La deroga ai divieti di fermata in loco istituito per i mezzi a servizio del richiedente nel tratto di cui al punto 1;<br>3) Il restringimento di carreggiata con l’ ausilio di movieri e il divieto di sosta con rimozione forzata su via Pisanelli civv 11/13 tratto compreso<br>tra viale Unita’ d’Italia e via Re David.<br>4) La graduazione della velocità per tutti i veicoli per metri 50 in avvicinamento al tratto interessato dai lavori con limite pari a Km/h 20;<br>5) L’ interdizione al transito pedonale sul marciapiedi nell’ area interessata dai lavori;<br><br><br>Durata e tempistiche: 01/12/2025 - 31/12/2025]]></description>
      <styleUrl>#line-E65100-3519</styleUrl>
      <LineString>
        <tessellate>1</tessellate>
        <coordinates>
          16.8731847,41.1171981,0
          16.873225,41.1164686,0
        </coordinates>
      </LineString>
    </Placemark>
    <Placemark>
      <name>restringimento carreggiata</name>
      <description><![CDATA[2025/04171<br><br>https://drive.google.com/file/d/1wa29TrTs3hGWi0tsdzWO71-Kvz9-HiBw/view<br><br>PROROGA ORDINANZA N. 2025/03847 DEL 27.11.2025 ISTITUZIONE TEMPORANEA DEL RESTRINGIMENTO DI CARREGGIATA E DEROGA AL DIVIETO DI FERMATA IN LOCO ISTITUITO PER I MEZZI AL SERVIZIO DEL RICHIEDENTE SU VIALE UNITÀ D’ITALIA CIVV. 14-20 TRATTO COMPRESO TRA VIA PISANELLI E VIA CAPRUZZI E VIA PISANELLI CIVV 11/13 PER IL POSIZIONAMENTO PONTEGGIO BICOLONNA DAL GIORNO DAL 1.1.2026 AL 28/02/2026 RICHIEDENTE: SIG. DE GAETANO FABIO <br><br><br>2025/03847<br>https://drive.google.com/file/d/14bsdtRPUUE4B86c_foBrrzWVFc7AL-a1/view<br><br>PROROGA ORDINANZA N. 2025/02702 DEL 16.9.2025<br>ISTITUZIONE TEMPORANEA DEL RESTRINGIMENTO DI CARREGGIATA E<br>DEROGA AL DIVIETO DI FERMATA IN LOCO ISTITUITO PER I MEZZI AL<br>SERVIZIO DEL RICHIEDENTE SU VIALE UNITÀ D’ITALIA CIVV. 14-20 TRATTO<br>COMPRESO TRA VIA PISANELLI E VIA CAPRUZZI E VIA PISANELLI CIVV 11/13<br>PER IL POSIZIONAMENTO PONTEGGIO BICOLONNA DAL GIORNO<br>01.12.2025 SINO AL 31.12.2025<br>RICHIEDENTE: SIG. DE GAETANO FABIO<br><br><br>Temporaneamente dal giorno 01.12.2025 sino al 31.12.2025, sono istituiti:<br>1) su Unità d’Italia civv. 14-20 tratto compreso tra via Pisanelli e via Capruzzi;<br>2) La deroga ai divieti di fermata in loco istituito per i mezzi a servizio del richiedente nel tratto di cui al punto 1;<br>3) Il restringimento di carreggiata con l’ ausilio di movieri e il divieto di sosta con rimozione forzata su via Pisanelli civv 11/13 tratto compreso<br>tra viale Unita’ d’Italia e via Re David.<br>4) La graduazione della velocità per tutti i veicoli per metri 50 in avvicinamento al tratto interessato dai lavori con limite pari a Km/h 20;<br>5) L’ interdizione al transito pedonale sul marciapiedi nell’ area interessata dai lavori;<br><br><br>Durata e tempistiche: 01/12/2025 - 31/12/2025]]></description>
      <styleUrl>#icon-1541-E65100</styleUrl>
      <Point>
        <coordinates>
          16.8732474,41.1171171,0
        </coordinates>
      </Point>
    </Placemark>
    <Placemark>
      <name>LUNGOMARE TENENTE NICOLA MASSARO E LUNGOMARE UGO LORUSSO PALESE (BA) </name>
      <description><![CDATA[2025/03886<br><br>https://drive.google.com/file/d/1_o_lAPEOuB0_vlI5ukfZhF29qr3WoU0t/view<br><br>Comunicato: https://www.comune.bari.it/-/riqualificazione-e-potenziamento-degli-impianti-di-pubblica-illuminazione-sul-lungomare-di-palese-oggi-il-sopralluogo<br><br>OGGETTO: PN20017. ACCORDO QUADRO PER LAVORI DI MANUTENZIONE STRAORDINARIA DA REALIZZARSI SU IMPIANTI DI PUBBLICA ILLUMINAZIONE CON ALTO TASSO DI FUORI SERVIZIO. LAVORI DI EFFICIENTAMENTO IMPIANTO DI PUBBLICA ILLUMINAZIONE PRESSO IL WATERFRONT SAN GIROLAMO – FESCA E DEGLI APPARECCHI E DEI SOSTEGNI DI ILLUMINAZIONE PUBBLICA ALTAMENTE CORROSI SU AREA DEMANIALE MARITTIMA LUNGOMARE TENENTE NICOLA MASSARO E LUNGOMARE UGO LORUSSO PALESE (BA) E STRADE VARIE VICINALI (8 CONTRATTO ATTUATIVO) DAL 01/12/2025 AL 30/04/2026. CIG 85435139F4 – CIG DERIVATO A06D0261EE RICHIED.: POS INFRASTRUTTURE A RETE ING. RAFFAELE AMATO IMPRESA: ICR IMPIANTI E COSTRUZIONI S.R.L. CAPOGRUPPO E SOCIETÀ MATI GROUP S.P.A MANDANTE<br><br>1. Istituzione temporanea del divieto di sosta e di fermata con rimozione forzata ambo i lati in prossimità dei varchi esistenti; <br>2. Istituzione temporaneo del restringimento della carreggiata in prossimità dei varchi alternativamente nei due sensi di marcia rendendo al contempo fruibile e percorribile ai veicoli e ai mezzi pubblici una corsia di larghezza pari ad almeno 3,50 mt;<br> 3. Istituzione temporaneo del senso unico alternato previo utilizzo dei movieri nei tratti in cui risulti necessario eseguire i suddetti transiti veicoli rendendo al contempo fruire e percorribile ai veicoli e ai mezzi pubblici per il tratto interessato dai lavori una corsia di larghezza pari almeno a 3,50 mt; <br>4. La deroga ai divieti esistenti per lo stazionamento e transito su aree non destinate alla circolazione (marciapiedi, piste ciclabili e aree pedonali), nei confronti del mezzo appartenente all’impresa appaltatrice al mezzo targato CC639XH; 5. Tutti i provvedimenti in contrasto con la presente sono momentaneamente e provvisoriamente sospesi e divengono nuovamente efficaci all’esaurimento dei termini previsti dal presente disposto;<br>Durata e tempistiche: 01/12/2025 - 30/04/2026]]></description>
      <styleUrl>#line-E65100-6425</styleUrl>
      <LineString>
        <tessellate>1</tessellate>
        <coordinates>
          16.7679094,41.1602997,0
          16.7704736,41.160227,0
          16.7720185,41.1599604,0
          16.7748724,41.1602512,0
          16.7774366,41.1600574,0
          16.7787133,41.1596293,0
          16.7805157,41.1580784,0
          16.7823611,41.1564143,0
          16.7839812,41.1551946,0
          16.7857729,41.1538051,0
          16.786509,41.153149,0
          16.787801,41.152216,0
          16.789043,41.151541,0
        </coordinates>
      </LineString>
    </Placemark>
    <Placemark>
      <name>restringimento carreggiata/divieto di sosta/senso unico alternato</name>
      <description><![CDATA[2025/03886<br><br>https://drive.google.com/file/d/1_o_lAPEOuB0_vlI5ukfZhF29qr3WoU0t/view<br><br>OGGETTO: PN20017. ACCORDO QUADRO PER LAVORI DI MANUTENZIONE STRAORDINARIA DA REALIZZARSI SU IMPIANTI DI PUBBLICA ILLUMINAZIONE CON ALTO TASSO DI FUORI SERVIZIO. LAVORI DI EFFICIENTAMENTO IMPIANTO DI PUBBLICA ILLUMINAZIONE PRESSO IL WATERFRONT SAN GIROLAMO – FESCA E DEGLI APPARECCHI E DEI SOSTEGNI DI ILLUMINAZIONE PUBBLICA ALTAMENTE CORROSI SU AREA DEMANIALE MARITTIMA LUNGOMARE TENENTE NICOLA MASSARO E LUNGOMARE UGO LORUSSO PALESE (BA) E STRADE VARIE VICINALI (8 CONTRATTO ATTUATIVO) DAL 01/12/2025 AL 30/04/2026. CIG 85435139F4 – CIG DERIVATO A06D0261EE RICHIED.: POS INFRASTRUTTURE A RETE ING. RAFFAELE AMATO IMPRESA: ICR IMPIANTI E COSTRUZIONI S.R.L. CAPOGRUPPO E SOCIETÀ MATI GROUP S.P.A MANDANTE<br><br>1. Istituzione temporanea del divieto di sosta e di fermata con rimozione forzata ambo i lati in prossimità<br>dei varchi esistenti;<br>2. Istituzione temporaneo del restringimento della carreggiata in prossimità dei varchi alternativamente nei<br>due sensi di marcia rendendo al contempo fruibile e percorribile ai veicoli e ai mezzi pubblici una corsia<br>di larghezza pari ad almeno 3,50 mt;<br>3. Istituzione temporaneo del senso unico alternato previo utilizzo dei movieri nei tratti in cui risulti<br>necessario eseguire i suddetti transiti veicoli rendendo al contempo fruire e percorribile ai veicoli e ai<br>mezzi pubblici per il tratto interessato dai lavori una corsia di larghezza pari almeno a 3,50 mt;<br>4. La deroga ai divieti esistenti per lo stazionamento e transito su aree non destinate alla circolazione<br>(marciapiedi, piste ciclabili e aree pedonali), nei confronti del mezzo appartenente all’impresa<br>appaltatrice al mezzo targato CC639XH;<br>5. Tutti i provvedimenti in contrasto con la presente sono momentaneamente e provvisoriamente sospesi e<br>divengono nuovamente efficaci all’esaurimento dei termini previsti dal presente disposto;<br>Durata e tempistiche: 01/12/2025 - 30/04/2026]]></description>
      <styleUrl>#icon-1541-E65100</styleUrl>
      <Point>
        <coordinates>
          16.7768315,41.160437,0
        </coordinates>
      </Point>
    </Placemark>
    <Placemark>
      <name>restringimento carreggiata/divieto di sosta/senso unico alternato</name>
      <description><![CDATA[2025/03886<br><br>https://drive.google.com/file/d/1_o_lAPEOuB0_vlI5ukfZhF29qr3WoU0t/view<br><br>OGGETTO: PN20017. ACCORDO QUADRO PER LAVORI DI MANUTENZIONE STRAORDINARIA DA REALIZZARSI SU IMPIANTI DI PUBBLICA ILLUMINAZIONE CON ALTO TASSO DI FUORI SERVIZIO. LAVORI DI EFFICIENTAMENTO IMPIANTO DI PUBBLICA ILLUMINAZIONE PRESSO IL WATERFRONT SAN GIROLAMO – FESCA E DEGLI APPARECCHI E DEI SOSTEGNI DI ILLUMINAZIONE PUBBLICA ALTAMENTE CORROSI SU AREA DEMANIALE MARITTIMA LUNGOMARE TENENTE NICOLA MASSARO E LUNGOMARE UGO LORUSSO PALESE (BA) E STRADE VARIE VICINALI (8 CONTRATTO ATTUATIVO) DAL 01/12/2025 AL 30/04/2026. CIG 85435139F4 – CIG DERIVATO A06D0261EE RICHIED.: POS INFRASTRUTTURE A RETE ING. RAFFAELE AMATO IMPRESA: ICR IMPIANTI E COSTRUZIONI S.R.L. CAPOGRUPPO E SOCIETÀ MATI GROUP S.P.A MANDANTE<br><br>1. Istituzione temporanea del divieto di sosta e di fermata con rimozione forzata ambo i lati in prossimità dei varchi esistenti; <br>2. Istituzione temporaneo del restringimento della carreggiata in prossimità dei varchi alternativamente nei due sensi di marcia rendendo al contempo fruibile e percorribile ai veicoli e ai mezzi pubblici una corsia di larghezza pari ad almeno 3,50 mt;<br> 3. Istituzione temporaneo del senso unico alternato previo utilizzo dei movieri nei tratti in cui risulti necessario eseguire i suddetti transiti veicoli rendendo al contempo fruire e percorribile ai veicoli e ai mezzi pubblici per il tratto interessato dai lavori una corsia di larghezza pari almeno a 3,50 mt; <br>4. La deroga ai divieti esistenti per lo stazionamento e transito su aree non destinate alla circolazione (marciapiedi, piste ciclabili e aree pedonali), nei confronti del mezzo appartenente all’impresa appaltatrice al mezzo targato CC639XH; 5. Tutti i provvedimenti in contrasto con la presente sono momentaneamente e provvisoriamente sospesi e divengono nuovamente efficaci all’esaurimento dei termini previsti dal presente disposto;<br><br>Durata e tempistiche: 01/12/2025 - 30/04/2026]]></description>
      <styleUrl>#icon-1541-E65100</styleUrl>
      <Point>
        <coordinates>
          16.8172902,41.1393618,0
        </coordinates>
      </Point>
    </Placemark>
    <Placemark>
      <name>woterfront fesca san girolamo</name>
      <description><![CDATA[2025/03886<br><br>https://drive.google.com/file/d/1_o_lAPEOuB0_vlI5ukfZhF29qr3WoU0t/view<br><br>OGGETTO: PN20017. ACCORDO QUADRO PER LAVORI DI MANUTENZIONE STRAORDINARIA DA REALIZZARSI SU IMPIANTI DI PUBBLICA ILLUMINAZIONE CON ALTO TASSO DI FUORI SERVIZIO. LAVORI DI EFFICIENTAMENTO IMPIANTO DI PUBBLICA ILLUMINAZIONE PRESSO IL WATERFRONT SAN GIROLAMO – FESCA E DEGLI APPARECCHI E DEI SOSTEGNI DI ILLUMINAZIONE PUBBLICA ALTAMENTE CORROSI SU AREA DEMANIALE MARITTIMA LUNGOMARE TENENTE NICOLA MASSARO E LUNGOMARE UGO LORUSSO PALESE (BA) E STRADE VARIE VICINALI (8 CONTRATTO ATTUATIVO) DAL 01/12/2025 AL 30/04/2026. CIG 85435139F4 – CIG DERIVATO A06D0261EE RICHIED.: POS INFRASTRUTTURE A RETE ING. RAFFAELE AMATO IMPRESA: ICR IMPIANTI E COSTRUZIONI S.R.L. CAPOGRUPPO E SOCIETÀ MATI GROUP S.P.A MANDANTE<br><br>1. Istituzione temporanea del divieto di sosta e di fermata con rimozione forzata ambo i lati in prossimità dei varchi esistenti; <br>2. Istituzione temporaneo del restringimento della carreggiata in prossimità dei varchi alternativamente nei due sensi di marcia rendendo al contempo fruibile e percorribile ai veicoli e ai mezzi pubblici una corsia di larghezza pari ad almeno 3,50 mt;<br> 3. Istituzione temporaneo del senso unico alternato previo utilizzo dei movieri nei tratti in cui risulti necessario eseguire i suddetti transiti veicoli rendendo al contempo fruire e percorribile ai veicoli e ai mezzi pubblici per il tratto interessato dai lavori una corsia di larghezza pari almeno a 3,50 mt; <br>4. La deroga ai divieti esistenti per lo stazionamento e transito su aree non destinate alla circolazione (marciapiedi, piste ciclabili e aree pedonali), nei confronti del mezzo appartenente all’impresa appaltatrice al mezzo targato CC639XH; 5. Tutti i provvedimenti in contrasto con la presente sono momentaneamente e provvisoriamente sospesi e divengono nuovamente efficaci all’esaurimento dei termini previsti dal presente disposto;<br><br>Durata e tempistiche: 01/12/2025 - 30/04/2026]]></description>
      <styleUrl>#line-E65100-5069</styleUrl>
      <LineString>
        <tessellate>1</tessellate>
        <coordinates>
          16.8209978,41.13838,0
          16.8193831,41.13878,0
          16.8192436,41.1388123,0
          16.8188467,41.1388204,0
          16.8170174,41.1392931,0
          16.8161215,41.1394385,0
          16.8154939,41.1395234,0
          16.8140241,41.1396728,0
        </coordinates>
      </LineString>
    </Placemark>
    <Placemark>
      <name>Via Calefati/Corso Cavour</name>
      <description><![CDATA[Ordinanza: 2025/03893<br><br>https://drive.google.com/file/d/1_i5PXZGKkZW4MnVKP8U31_3vLlrDLzIg/view<br><br>1. in deroga all’Ordinanza Sindacale n. 2322 del 20.3.1991, E’ CONSENTITO IL TRANSITO all’ interno del<br>perimetro individuato dalla stessa: via B. Regina – via B. Bari – via Capruzzi – via Oberdan – via Di Vagno –<br>lungomare Nazario Sauro – lungomare A. Di Crollalanza – p.zza IV Novembre – c.so V. Emanuele, ai veicoli al<br>servizio del Sig.ra Brucoli Concetta;<br><br>2. per i giorni 3-4-5-9/12/2025 restringimento di carreggiata e divieto di sosta con rimozione forzata ambo i lati<br>su via Calefati dal civ 11 a corso Cavour tratto compreso tra corso Cavour e via Melo ;<br><br>3. per i giorni 10-11-12/12/2025 restringimento di carreggiata e divieto di sosta con rimozione forzata ambo i lati<br>su Corso Cavour dal civ 53a a corso Cavour tratto compreso tra via Abate Gimma e via Calefati ;<br><br>4. Spostamento Isola Ecologica su corso Cavour dal civ 55/a al civ 51;<br><br>5. Spostamento area riservata alla Farmacia su corso Cavour dal civ 53/a al civ 49;<br><br>RICHIEDENTE : SIG.RA BRUCOLI CONCETTA]]></description>
      <styleUrl>#line-E65100-4681</styleUrl>
      <LineString>
        <tessellate>1</tessellate>
        <coordinates>
          16.8713039,41.124149,0
          16.8721998,41.1241995,0
          16.8720951,41.1248582,0
        </coordinates>
      </LineString>
    </Placemark>
    <Placemark>
      <name>RESTRINGIMENTO DI CARREGGIATA E DIVIETO DI SOSTA </name>
      <description><![CDATA[Ordinanza: 2025/03893<br><br>https://drive.google.com/file/d/1_i5PXZGKkZW4MnVKP8U31_3vLlrDLzIg/view<br><br>1. in deroga all’Ordinanza Sindacale n. 2322 del 20.3.1991, E’ CONSENTITO IL TRANSITO all’ interno del<br>perimetro individuato dalla stessa: via B. Regina – via B. Bari – via Capruzzi – via Oberdan – via Di Vagno –<br>lungomare Nazario Sauro – lungomare A. Di Crollalanza – p.zza IV Novembre – c.so V. Emanuele, ai veicoli al<br>servizio del Sig.ra Brucoli Concetta;<br><br>2. per i giorni 3-4-5-9/12/2025 restringimento di carreggiata e divieto di sosta con rimozione forzata ambo i lati<br>su via Calefati dal civ 11 a corso Cavour tratto compreso tra corso Cavour e via Melo ;<br><br>3. per i giorni 10-11-12/12/2025 restringimento di carreggiata e divieto di sosta con rimozione forzata ambo i lati<br>su Corso Cavour dal civ 53a a corso Cavour tratto compreso tra via Abate Gimma e via Calefati ;<br><br>4. Spostamento Isola Ecologica su corso Cavour dal civ 55/a al civ 51;<br><br>5. Spostamento area riservata alla Farmacia su corso Cavour dal civ 53/a al civ 49;<br><br>RICHIEDENTE : SIG.RA BRUCOLI CONCETTA]]></description>
      <styleUrl>#icon-1541-E65100</styleUrl>
      <Point>
        <coordinates>
          16.8720335,41.1247964,0
        </coordinates>
      </Point>
    </Placemark>
    <Placemark>
      <name>Via alcide de Gaspari/ via V. Roppo</name>
      <description><![CDATA[prorogata fino al 31/03/2026<br>Ordinanza: 2026/00693<br>https://drive.google.com/file/d/1q_2SIebBbgApo8Ndf1K1c1yXDtx7Tqqa/view<br><br>Proroga Ordinanza Dirigenziale n. 2025/02983 del 07/10/2025<br><br>2025/03891 <br><br>https://drive.google.com/file/d/12eidfJPlxKdX8AkTEOL1TFm6MiATXedE/view<br><br>PROROGA ORDINANZA DIRIGENZIALE N. 2025/02983 DEL 07/10/2025. ORDINANZA PER ISTITUIRE TEMPORANEAMENTE UN DIVIETO DI SOSTA AMBO I LATI DELLA CARREGGIATA CON RESTRINGIMENTO CARREGGIATA SU CORSO ALCIDE DE GASPERI DA VIA GEREMIA D’ERASMO A VIA VINCENZO ROPPO, SU TRAVERSA CORSO ALCIDE DE GASPERI DA CORSO ALCIDE DE GASPERI FINO AL CIV. 0 DI CORSO ALCIDE DE GASPERI E SU VIA ROPPO DA CORSO ALCIDE DE GASPERI A VIA LUDOVICO LOQUERCIO, PER LAVORI DI SCAVO PER LA POSA CAVI MT DAL 01/12/2025 AL 31/01/2026. IMPRESA: DMF COSTRUZIONI S.R.L. ISTANTE: LOSACCO LUIGI (LEGALE RAPPRESENTANTE DELLA DMF COSTRUZIONI S.R.L.<br><br>1. L’istituzione temporanea del divieto di sosta ambo i lati della carreggiata con restringimento carreggiata su corso Arcide de Gasperi da via Geremia D’Erasmo a via Vincenzo Roppo, su Traversa corso Arcide de Gasperi da Corso Arcide de Gasperi fino al civ. 0 di Corso Arcide de Gasperi e su via Roppo da corso arcide de Gasperi a via Ludovico Loquercio; <br>2. Al fine della sicurezza pedonale e veicolare, verranno utilizzati i movieri per la gestione della mobilità e l’utilizzo di transenne metalliche modulari (di dimensioni 3,00 x 2,00) per la delimitazione diurna e notturna del cantiere;<br> 3. Tutti i provvedimenti in contrasto con la presente sono momentaneamente e provvisoriamente sospesi e divengono nuovamente efficaci all’esaurimento dei termini previsti dal presente disposto;<br><br>Durata e tempistiche: 01/12/2025 - 31/01/2026<br>Proroga: fino al 31/03/2026]]></description>
      <styleUrl>#line-E65100-4875</styleUrl>
      <LineString>
        <tessellate>1</tessellate>
        <coordinates>
          16.8693597,41.0808581,0
          16.8698854,41.0800656,0
          16.8702931,41.0784885,0
          16.867407,41.078626,0
        </coordinates>
      </LineString>
    </Placemark>
    <Placemark>
      <name>restringimento carreggiata/divieto di sosta</name>
      <description><![CDATA[Prorogata fino al 31/03/2026<br>Ordinanza: 2026/00693<br>https://drive.google.com/file/d/1q_2SIebBbgApo8Ndf1K1c1yXDtx7Tqqa/view<br><br>Proroga Ordinanza Dirigenziale n. 2025/02983 del 07/10/2025<br><br>2025/03891 <br><br>https://drive.google.com/file/d/12eidfJPlxKdX8AkTEOL1TFm6MiATXedE/view<br><br>PROROGA ORDINANZA DIRIGENZIALE N. 2025/02983 DEL 07/10/2025. ORDINANZA PER ISTITUIRE TEMPORANEAMENTE UN DIVIETO DI SOSTA AMBO I LATI DELLA CARREGGIATA CON RESTRINGIMENTO CARREGGIATA SU CORSO ALCIDE DE GASPERI DA VIA GEREMIA D’ERASMO A VIA VINCENZO ROPPO, SU TRAVERSA CORSO ALCIDE DE GASPERI DA CORSO ALCIDE DE GASPERI FINO AL CIV. 0 DI CORSO ALCIDE DE GASPERI E SU VIA ROPPO DA CORSO ALCIDE DE GASPERI A VIA LUDOVICO LOQUERCIO, PER LAVORI DI SCAVO PER LA POSA CAVI MT DAL 01/12/2025 AL 31/01/2026. IMPRESA: DMF COSTRUZIONI S.R.L. ISTANTE: LOSACCO LUIGI (LEGALE RAPPRESENTANTE DELLA DMF COSTRUZIONI S.R.L.<br><br>1. L’istituzione temporanea del divieto di sosta ambo i lati della carreggiata con restringimento carreggiata su corso Arcide de Gasperi da via Geremia D’Erasmo a via Vincenzo Roppo, su Traversa corso Arcide de Gasperi da Corso Arcide de Gasperi fino al civ. 0 di Corso Arcide de Gasperi e su via Roppo da corso arcide de Gasperi a via Ludovico Loquercio; <br>2. Al fine della sicurezza pedonale e veicolare, verranno utilizzati i movieri per la gestione della mobilità e l’utilizzo di transenne metalliche modulari (di dimensioni 3,00 x 2,00) per la delimitazione diurna e notturna del cantiere;<br> 3. Tutti i provvedimenti in contrasto con la presente sono momentaneamente e provvisoriamente sospesi e divengono nuovamente efficaci all’esaurimento dei termini previsti dal presente disposto;<br><br>Durata e tempistiche: 01/12/2025 - 31/01/2026<br>Proroga: fino al 31/03/2026]]></description>
      <styleUrl>#icon-1541-E65100</styleUrl>
      <Point>
        <coordinates>
          16.8698854,41.0789293,0
        </coordinates>
      </Point>
    </Placemark>
    <Placemark>
      <name>traversa Corso Alcide de Gaspari</name>
      <description><![CDATA[prorogata fino al 31/03/2026<br>Ordinanza: 2026/00693<br>https://drive.google.com/file/d/1q_2SIebBbgApo8Ndf1K1c1yXDtx7Tqqa/view<br><br>Proroga Ordinanza Dirigenziale n. 2025/02983 del 07/10/2025<br><br>2025/03891 <br><br>https://drive.google.com/file/d/12eidfJPlxKdX8AkTEOL1TFm6MiATXedE/view<br><br>PROROGA ORDINANZA DIRIGENZIALE N. 2025/02983 DEL 07/10/2025. ORDINANZA PER ISTITUIRE TEMPORANEAMENTE UN DIVIETO DI SOSTA AMBO I LATI DELLA CARREGGIATA CON RESTRINGIMENTO CARREGGIATA SU CORSO ALCIDE DE GASPERI DA VIA GEREMIA D’ERASMO A VIA VINCENZO ROPPO, SU TRAVERSA CORSO ALCIDE DE GASPERI DA CORSO ALCIDE DE GASPERI FINO AL CIV. 0 DI CORSO ALCIDE DE GASPERI E SU VIA ROPPO DA CORSO ALCIDE DE GASPERI A VIA LUDOVICO LOQUERCIO, PER LAVORI DI SCAVO PER LA POSA CAVI MT DAL 01/12/2025 AL 31/01/2026. IMPRESA: DMF COSTRUZIONI S.R.L. ISTANTE: LOSACCO LUIGI (LEGALE RAPPRESENTANTE DELLA DMF COSTRUZIONI S.R.L.<br><br>1. L’istituzione temporanea del divieto di sosta ambo i lati della carreggiata con restringimento carreggiata su corso Arcide de Gasperi da via Geremia D’Erasmo a via Vincenzo Roppo, su Traversa corso Arcide de Gasperi da Corso Arcide de Gasperi fino al civ. 0 di Corso Arcide de Gasperi e su via Roppo da corso arcide de Gasperi a via Ludovico Loquercio; <br>2. Al fine della sicurezza pedonale e veicolare, verranno utilizzati i movieri per la gestione della mobilità e l’utilizzo di transenne metalliche modulari (di dimensioni 3,00 x 2,00) per la delimitazione diurna e notturna del cantiere;<br> 3. Tutti i provvedimenti in contrasto con la presente sono momentaneamente e provvisoriamente sospesi e divengono nuovamente efficaci all’esaurimento dei termini previsti dal presente disposto;<br><br>Durata e tempistiche: 01/12/2025 - 31/01/2026<br>Proroga: fino al 31/03/2026]]></description>
      <styleUrl>#line-E65100-3519</styleUrl>
      <LineString>
        <tessellate>1</tessellate>
        <coordinates>
          16.8678514,41.0930798,0
          16.870244,41.0927482,0
        </coordinates>
      </LineString>
    </Placemark>
    <Placemark>
      <name>restringimento carreggiata /divieto di sosta</name>
      <description><![CDATA[prorogata fino al 31/03/2026<br>Ordinanza: 2026/00693<br>https://drive.google.com/file/d/1q_2SIebBbgApo8Ndf1K1c1yXDtx7Tqqa/view<br><br>Proroga Ordinanza Dirigenziale n. 2025/02983 del 07/10/2025<br><br>2025/03891 <br><br>https://drive.google.com/file/d/12eidfJPlxKdX8AkTEOL1TFm6MiATXedE/view<br>PROROGA ORDINANZA DIRIGENZIALE N. 2025/02983 DEL 07/10/2025. <br><br>ORDINANZA PER ISTITUIRE TEMPORANEAMENTE UN DIVIETO DI SOSTA AMBO I LATI DELLA CARREGGIATA CON RESTRINGIMENTO CARREGGIATA SU CORSO ALCIDE DE GASPERI DA VIA GEREMIA D’ERASMO A VIA VINCENZO ROPPO, SU TRAVERSA CORSO ALCIDE DE GASPERI DA CORSO ALCIDE DE GASPERI FINO AL CIV. 0 DI CORSO ALCIDE DE GASPERI E SU VIA ROPPO DA CORSO ALCIDE DE GASPERI A VIA LUDOVICO LOQUERCIO, PER LAVORI DI SCAVO PER LA POSA CAVI MT DAL 01/12/2025 AL 31/01/2026. IMPRESA: DMF COSTRUZIONI S.R.L. ISTANTE: LOSACCO LUIGI (LEGALE RAPPRESENTANTE DELLA DMF COSTRUZIONI S.R.L.<br><br>1. L’istituzione temporanea del divieto di sosta ambo i lati della carreggiata con restringimento carreggiata su corso Arcide de Gasperi da via Geremia D’Erasmo a via Vincenzo Roppo, su Traversa corso Arcide de Gasperi da Corso Arcide de Gasperi fino al civ. 0 di Corso Arcide de Gasperi e su via Roppo da corso arcide de Gasperi a via Ludovico Loquercio; <br>2. Al fine della sicurezza pedonale e veicolare, verranno utilizzati i movieri per la gestione della mobilità e l’utilizzo di transenne metalliche modulari (di dimensioni 3,00 x 2,00) per la delimitazione diurna e notturna del cantiere;<br> 3. Tutti i provvedimenti in contrasto con la presente sono momentaneamente e provvisoriamente sospesi e divengono nuovamente efficaci all’esaurimento dei termini previsti dal presente disposto;<br><br>Durata e tempistiche: 01/12/2025 - 31/01/2026<br>Proroga: fino al 31/03/2026]]></description>
      <styleUrl>#icon-1541-E65100</styleUrl>
      <Point>
        <coordinates>
          16.8692247,41.0929463,0
        </coordinates>
      </Point>
    </Placemark>
    <Placemark>
      <name>divieto di sosta/restringimento carreggiata</name>
      <description><![CDATA[2025/03898<br><br>https://drive.google.com/file/d/1bJ3syfNUso-f8Y6AIC3iqKkY4OZvGt2D/view<br><br>ISTITUZIONE TEMPORANEA DEL DIVIETO DI SOSTA RIMOZIONE COATTA CON RESTRINGIMENTO CARREGGIATA SU VIA ZANDONAI CIV. 15-19 PER REALIZZAZIONE AREA DI CANTIERE PER LAVORI DI DEMOLIZIONE MANUFATTI ESISTENTI DAL 03/12/2025 AL 03/02/2026. ISTANTE: D’AMICO VINCENZO (LEGALE RAPPRESENTANTE DELLA IDA COSTRUZIONI S.R.L.) IMPRESA: IDA COSTRUZIONI S.R.L.<br><br>1. L’istituzione temporanea del divieto di sosta – rimozione coatta in Bari San Girolamo su via Zandonai civv. 15-19 per un tratto di strada di mt. 29.10;<br>2. L’istituzione temporanea del restringimento carreggiata su via Zandonai civv. 15-19, al fine della realizzazione di un corridoio pedonale prospicente la recinzione di cantiere;<br>3. Il transito pedonale dovrà essere salvaguardato mediante la realizzazione di un corridoio pedonale sul tratto di carreggiata adiacente l’occupazione, di dimensioni trasversali di mt. 1.00 e debitamente protetto da corrimano, accessibile anche a persone con difficoltà motoria, deambulanti con ausili ortopedici;<br>4. Dovrà essere modificata la planimetria con l’indicazione dello stesso corridoio pedonale , in tal senso, il presente parere è confermato nelle indicazioni prescritte;<br>5. Particolare attenzione dovrà essere posta al transito pedonale e alle persone con ridotte capacità motorie; 6. Tutti i provvedimenti in contrasto con la presente sono momentaneamente e provvisoriamente sospesi e divengono nuovamente efficaci all’esaurimento dei termini previsti dal presente disposto;<br><br><br>Durata e tempistiche: 03/12/2025 - 03/02/2026]]></description>
      <styleUrl>#icon-1541-E65100</styleUrl>
      <Point>
        <coordinates>
          16.8154799,41.1378937,0
        </coordinates>
      </Point>
    </Placemark>
    <Placemark>
      <name>VIA ZANDONAI CIV. 15-19 </name>
      <description><![CDATA[2025/03898<br><br>https://drive.google.com/file/d/1bJ3syfNUso-f8Y6AIC3iqKkY4OZvGt2D/view<br><br>ISTITUZIONE TEMPORANEA DEL DIVIETO DI SOSTA RIMOZIONE COATTA CON RESTRINGIMENTO CARREGGIATA SU VIA ZANDONAI CIV. 15-19 PER REALIZZAZIONE AREA DI CANTIERE PER LAVORI DI DEMOLIZIONE MANUFATTI ESISTENTI DAL 03/12/2025 AL 03/02/2026. ISTANTE: D’AMICO VINCENZO (LEGALE RAPPRESENTANTE DELLA IDA COSTRUZIONI S.R.L.) IMPRESA: IDA COSTRUZIONI S.R.L.<br><br>1. L’istituzione temporanea del divieto di sosta – rimozione coatta in Bari San Girolamo su via Zandonai civv. 15-19 per un tratto di strada di mt. 29.10;<br>2. L’istituzione temporanea del restringimento carreggiata su via Zandonai civv. 15-19, al fine della realizzazione di un corridoio pedonale prospicente la recinzione di cantiere;<br>3. Il transito pedonale dovrà essere salvaguardato mediante la realizzazione di un corridoio pedonale sul tratto di carreggiata adiacente l’occupazione, di dimensioni trasversali di mt. 1.00 e debitamente protetto da corrimano, accessibile anche a persone con difficoltà motoria, deambulanti con ausili ortopedici;<br>4. Dovrà essere modificata la planimetria con l’indicazione dello stesso corridoio pedonale , in tal senso, il presente parere è confermato nelle indicazioni prescritte;<br>5. Particolare attenzione dovrà essere posta al transito pedonale e alle persone con ridotte capacità motorie; 6. Tutti i provvedimenti in contrasto con la presente sono momentaneamente e provvisoriamente sospesi e divengono nuovamente efficaci all’esaurimento dei termini previsti dal presente disposto;<br><br><br>Durata e tempistiche: 03/12/2025 - 03/02/2026]]></description>
      <styleUrl>#line-E65100-4681</styleUrl>
      <LineString>
        <tessellate>1</tessellate>
        <coordinates>
          16.815435,41.1379562,0
          16.8154082,41.1377693,0
        </coordinates>
      </LineString>
    </Placemark>
    <Placemark>
      <name>CHIUSURA AL TRANSITO VEICOLARE E DIVIETO DI SOSTA AMBO I LATI PER
RECINZIONE CANTIERE</name>
      <description><![CDATA[2025/03921<br><br>https://drive.google.com/file/d/1tEzUfI8OEpegjj7p-F4n55FjTVn21Uv0/view?usp=sharing<br><br>CHIUSURA AL TRANSITO VEICOLARE E DIVIETO DI SOSTA AMBO I LATI PER<br>RECINZIONE CANTIERE IN VIA VITO VITTORIO LENOCI N° 1 TRATTO<br>COMPRESO TRA VIA AMENDOLA E VIA FRESA PER IL PERIODO DALLA<br>DATA DI EMANAZIONE DELLA PRESENTE ORDINANZA AL 30 NOVEMBRE<br>2026.<br>RICHIEDENTE : SIG. ANTONIO PUTIGNANO<br><br>Durata e tempistiche: 3/12/25 - 30/11/26]]></description>
      <styleUrl>#icon-1541-757575</styleUrl>
      <Point>
        <coordinates>
          16.8889305,41.1004099,0
        </coordinates>
      </Point>
    </Placemark>
    <Placemark>
      <name>VIA LITUANIA</name>
      <description><![CDATA[2025/04037<br><br>https://drive.google.com/file/d/1JgiDSfwdidvJ_6Vn3EkFVaBJlZXdRIPm/view<br><br>ISTITUZIONE TEMPORANEA PER DIVIETO DI SOSTA E DI FERMATA AMBO I<br>LATI CON RIMOZIONE FORZATA CON RESTRINGIMENTO CARREGGIATA IN<br>VIA LITUANIA, VIA OLBIA, VIA SARDEGNA, VIA CAMPANIA, VIA TOSCANA, VIA<br>LAZIO E VIA VENETO  PER LAVORI DI INTERRAMENTO CAVI DI MEDIA TENSIONE<br>C/ENEL.<br>SOCIETÀ: NORD COSTRUZIONI GENERALI S.R.L.<br><br>Durata e Tempistiche: 12/12/2025 - 28/02/2026 (07:00 - 17:00)]]></description>
      <styleUrl>#line-E65100-4294</styleUrl>
      <LineString>
        <tessellate>1</tessellate>
        <coordinates>
          16.7921776,41.1164055,0
          16.7921346,41.1160782,0
          16.7921615,41.115961,0
          16.7923439,41.1159286,0
          16.7931002,41.1160418,0
          16.7947525,41.1162721,0
          16.7955142,41.1163772,0
          16.7956376,41.1164419,0
          16.795643,41.1167369,0
          16.795702,41.1169188,0
          16.7959756,41.1169511,0
          16.7964691,41.1170319,0
          16.7964959,41.11723,0
          16.796394,41.1176664,0
        </coordinates>
      </LineString>
    </Placemark>
    <Placemark>
      <name>VIA OLBIA </name>
      <description><![CDATA[2025/04037<br><br>https://drive.google.com/file/d/1JgiDSfwdidvJ_6Vn3EkFVaBJlZXdRIPm/view<br><br>ISTITUZIONE TEMPORANEA PER DIVIETO DI SOSTA E DI FERMATA AMBO I<br>LATI CON RIMOZIONE FORZATA CON RESTRINGIMENTO CARREGGIATA IN<br>VIA LITUANIA, VIA OLBIA, VIA SARDEGNA, VIA CAMPANIA, VIA TOSCANA, VIA<br>LAZIO E VIA VENETO PER LAVORI DI INTERRAMENTO CAVI DI MEDIA TENSIONE<br>C/ENEL.<br>SOCIETÀ: NORD COSTRUZIONI GENERALI S.R.L.<br><br>Durata e Tempistiche: 12/12/2025 - 28/02/2026 (07:00 - 17:00)]]></description>
      <styleUrl>#line-E65100-4100</styleUrl>
      <LineString>
        <tessellate>1</tessellate>
        <coordinates>
          16.7921776,41.1164055,0
          16.7929554,41.1166844,0
          16.7940068,41.1170602,0
          16.7943019,41.1171734,0
          16.7952997,41.1174765,0
          16.7963082,41.1176785,0
        </coordinates>
      </LineString>
    </Placemark>
    <Placemark>
      <name>VIA SARDEGNA</name>
      <description><![CDATA[2025/04037<br><br>https://drive.google.com/file/d/1JgiDSfwdidvJ_6Vn3EkFVaBJlZXdRIPm/view<br><br>ISTITUZIONE TEMPORANEA PER DIVIETO DI SOSTA E DI FERMATA AMBO I<br>LATI CON RIMOZIONE FORZATA CON RESTRINGIMENTO CARREGGIATA IN<br>VIA LITUANIA, VIA OLBIA, VIA SARDEGNA, VIA CAMPANIA, VIA TOSCANA, VIA<br>LAZIO E VIA VENETO PER LAVORI DI INTERRAMENTO CAVI DI MEDIA TENSIONE<br>C/ENEL.<br>SOCIETÀ: NORD COSTRUZIONI GENERALI S.R.L.<br><br>Durata e Tempistiche: 12/12/2025 - 28/02/2026 (07:00 - 17:00)]]></description>
      <styleUrl>#line-E65100-5263</styleUrl>
      <LineString>
        <tessellate>1</tessellate>
        <coordinates>
          16.7952514,41.1180988,0
          16.7959487,41.1181069,0
          16.7966944,41.118018,0
          16.7974991,41.1179089,0
          16.7976385,41.1178766,0
        </coordinates>
      </LineString>
    </Placemark>
    <Placemark>
      <name>VIA CAMPANIA </name>
      <description><![CDATA[2025/04037<br><br>https://drive.google.com/file/d/1JgiDSfwdidvJ_6Vn3EkFVaBJlZXdRIPm/view<br><br>ISTITUZIONE TEMPORANEA PER DIVIETO DI SOSTA E DI FERMATA AMBO I<br>LATI CON RIMOZIONE FORZATA CON RESTRINGIMENTO CARREGGIATA IN<br>VIA LITUANIA, VIA OLBIA, VIA SARDEGNA, VIA CAMPANIA, VIA TOSCANA, VIA<br>LAZIO E VIA VENETO PER LAVORI DI INTERRAMENTO CAVI DI MEDIA TENSIONE<br>C/ENEL.<br>SOCIETÀ: NORD COSTRUZIONI GENERALI S.R.L.<br><br>Durata e Tempistiche: 12/12/2025 - 28/02/2026 (07:00 - 17:00)]]></description>
      <styleUrl>#line-E65100-5069</styleUrl>
      <LineString>
        <tessellate>1</tessellate>
        <coordinates>
          16.7951682,41.1184707,0
          16.7968527,41.1189456,0
        </coordinates>
      </LineString>
    </Placemark>
    <Placemark>
      <name>VIA TOSCANA </name>
      <description><![CDATA[2025/04037<br><br>https://drive.google.com/file/d/1JgiDSfwdidvJ_6Vn3EkFVaBJlZXdRIPm/view<br><br>ISTITUZIONE TEMPORANEA PER DIVIETO DI SOSTA E DI FERMATA AMBO I<br>LATI CON RIMOZIONE FORZATA CON RESTRINGIMENTO CARREGGIATA IN<br>VIA LITUANIA, VIA OLBIA, VIA SARDEGNA, VIA CAMPANIA, VIA TOSCANA, VIA<br>LAZIO E VIA VENETO PER LAVORI DI INTERRAMENTO CAVI DI MEDIA TENSIONE<br>C/ENEL.<br>SOCIETÀ: NORD COSTRUZIONI GENERALI S.R.L.<br><br>Durata e Tempistiche: 12/12/2025 - 28/02/2026 (07:00 - 17:00)]]></description>
      <styleUrl>#line-E65100-4488</styleUrl>
      <LineString>
        <tessellate>1</tessellate>
        <coordinates>
          16.7938003,41.1184818,0
          16.7939264,41.1185566,0
          16.79409,41.1185728,0
          16.7943555,41.1185546,0
          16.7945969,41.1185142,0
          16.7949215,41.1184556,0
          16.7949805,41.1184414,0
        </coordinates>
      </LineString>
    </Placemark>
    <Placemark>
      <name>VIALE LAZIO E VIA VENETO</name>
      <description><![CDATA[2025/04037<br><br>https://drive.google.com/file/d/1JgiDSfwdidvJ_6Vn3EkFVaBJlZXdRIPm/view<br><br>ISTITUZIONE TEMPORANEA PER DIVIETO DI SOSTA E DI FERMATA AMBO I<br>LATI CON RIMOZIONE FORZATA CON RESTRINGIMENTO CARREGGIATA IN<br>VIA LITUANIA, VIA OLBIA, VIA SARDEGNA, VIA CAMPANIA, VIA TOSCANA, VIA<br>LAZIO E VIA VENETO PER LAVORI DI INTERRAMENTO CAVI DI MEDIA TENSIONE<br>C/ENEL.<br>SOCIETÀ: NORD COSTRUZIONI GENERALI S.R.L.<br><br>Durata e Tempistiche: 12/12/2025 - 28/02/2026 (07:00 - 17:00)]]></description>
      <styleUrl>#line-E65100-4100</styleUrl>
      <LineString>
        <tessellate>1</tessellate>
        <coordinates>
          16.7903354,41.1197506,0
          16.7906572,41.1196496,0
          16.7910274,41.1195566,0
          16.7916175,41.119496,0
          16.7920895,41.1194314,0
          16.7925187,41.1194112,0
          16.7933502,41.1194354,0
          16.7945464,41.1194516,0
          16.7951741,41.1194677,0
          16.7955603,41.1195081,0
          16.7958768,41.1196334,0
          16.7962845,41.1198739,0
        </coordinates>
      </LineString>
    </Placemark>
    <Placemark>
      <name>DIVIETO DI SOSTA E DI FERMATA</name>
      <description><![CDATA[2025/04037<br><br>https://drive.google.com/file/d/1JgiDSfwdidvJ_6Vn3EkFVaBJlZXdRIPm/view<br><br>ISTITUZIONE TEMPORANEA PER DIVIETO DI SOSTA E DI FERMATA AMBO I<br>LATI CON RIMOZIONE FORZATA CON RESTRINGIMENTO CARREGGIATA IN<br>VIA LITUANIA, VIA OLBIA, VIA SARDEGNA, VIA CAMPANIA, VIA TOSCANA, VIA<br>LAZIO E VIA VENETO PER LAVORI DI INTERRAMENTO CAVI DI MEDIA TENSIONE<br>C/ENEL.<br>SOCIETÀ: NORD COSTRUZIONI GENERALI S.R.L.<br><br>Durata e Tempistiche: 12/12/2025 - 28/02/2026 (07:00 - 17:00)]]></description>
      <styleUrl>#icon-1541-E65100</styleUrl>
      <Point>
        <coordinates>
          16.7947886,41.1177623,0
        </coordinates>
      </Point>
    </Placemark>
    <Placemark>
      <name>CORSO VITTORIO EMANUELE II IN PALESE</name>
      <description><![CDATA[2025/04052<br>https://drive.google.com/file/d/1ubPGzYJfJ4fN4zrpmB2PMQicpwxV6JKu/view?usp=sharing<br><br>ISTITUZIONE DELL’AREA PEDONALE IN VIA PROVVISORIA E SPERIMENTALE DALLE 9.00 ALLE 13.00 SU <br>- Corso Vittorio Emanuele II in Palese nel tratto stradale compreso tra via Principe Umberto<br>e via Monte San Michele;<br>-  Via Cesare Battisti in Palese<br><br>Nelle giornate del:<br>- 28.12.2025<br>- 25.01.2026<br>- 22.02.2026<br>- 22.03.2026<br>- 26.04.2026]]></description>
      <styleUrl>#line-0F9D58-3325</styleUrl>
      <LineString>
        <tessellate>1</tessellate>
        <coordinates>
          16.7646791,41.1490617,0
          16.7648695,41.1497155,0
          16.7650975,41.1503361,0
          16.7654677,41.1502644,0
          16.7650975,41.1503361,0
          16.7641909,41.1505017,0
        </coordinates>
      </LineString>
    </Placemark>
    <Placemark>
      <name>VIA CALEFATI DAL N.33/.53 </name>
      <description><![CDATA[2025/04066<br><br>https://drive.google.com/file/d/1DDWGCJEnbqh4VJ1R6blr547o0njBLk1B/view<br><br>ISTITUZIONE TEMPORANEA RESTRINGIMENTO CARREGGIATA, DIVIETO DI<br>SOSTA AMBO I LATI SU VIA NICOLÒ PUTIGNANI DA L CI V .23 AL CIV.71 - VIA<br>ALESSANDRO MARIA CALEFATI DAL CIV.33 AL CIV.53 -VIA ARGIRO DAL CIV.<br>65 AL CIV. 85 PER LAVORI DI SCAVO PER POSA IMPIANTI SU SEDE<br>STRADALE DALLA DATA DI EMANAZIONE DELLA PRESENTE ORDINANZA AL<br>GIORNO 31/06/2026 DALLE ORE 07:30 ALLE ORE 19:00.<br>IMPRESA: PATANO IMPIANTI & COSTRUZIONI S.R.L.<br><br>Durata e tempistiche: 11/12/2025 - 30/06/2026]]></description>
      <styleUrl>#line-880E4F-5263</styleUrl>
      <LineString>
        <tessellate>1</tessellate>
        <coordinates>
          16.8710068,41.1241267,0
          16.8699366,41.1240722,0
        </coordinates>
      </LineString>
    </Placemark>
    <Placemark>
      <name>VIA ARGIRO N.65/85</name>
      <description><![CDATA[2025/04066<br><br>https://drive.google.com/file/d/1DDWGCJEnbqh4VJ1R6blr547o0njBLk1B/view<br><br>ISTITUZIONE TEMPORANEA RESTRINGIMENTO CARREGGIATA, DIVIETO DI<br>SOSTA AMBO I LATI SU VIA NICOLÒ PUTIGNANI DA L CI V .23 AL CIV.71 - VIA<br>ALESSANDRO MARIA CALEFATI DAL CIV.33 AL CIV.53 -VIA ARGIRO DAL CIV.<br>65 AL CIV. 85 PER LAVORI DI SCAVO PER POSA IMPIANTI SU SEDE<br>STRADALE DALLA DATA DI EMANAZIONE DELLA PRESENTE ORDINANZA AL<br>GIORNO 31/06/2026 DALLE ORE 07:30 ALLE ORE 19:00.<br>IMPRESA: PATANO IMPIANTI & COSTRUZIONI S.R.L.<br><br>Durata e tempistiche: 11/12/2025 - 30/06/2026]]></description>
      <styleUrl>#line-880E4F-4100</styleUrl>
      <LineString>
        <tessellate>1</tessellate>
        <coordinates>
          16.8703857,41.1238359,0
          16.8704125,41.1235349,0
        </coordinates>
      </LineString>
    </Placemark>
    <Placemark>
      <name>VIA NICOLÒ PUTIGNANI N.23/71 </name>
      <description><![CDATA[2025/04066<br><br>https://drive.google.com/file/d/1DDWGCJEnbqh4VJ1R6blr547o0njBLk1B/view<br><br>ISTITUZIONE TEMPORANEA RESTRINGIMENTO CARREGGIATA, DIVIETO DI<br>SOSTA AMBO I LATI SU VIA NICOLÒ PUTIGNANI DA L CI V .23 AL CIV.71 - VIA<br>ALESSANDRO MARIA CALEFATI DAL CIV.33 AL CIV.53 -VIA ARGIRO DAL CIV.<br>65 AL CIV. 85 PER LAVORI DI SCAVO PER POSA IMPIANTI SU SEDE<br>STRADALE DALLA DATA DI EMANAZIONE DELLA PRESENTE ORDINANZA AL<br>GIORNO 31/06/2026 DALLE ORE 07:30 ALLE ORE 19:00.<br>IMPRESA: PATANO IMPIANTI & COSTRUZIONI S.R.L.<br><br>Durata e tempistiche: 11/12/2025 - 30/06/2026]]></description>
      <styleUrl>#line-880E4F-3906</styleUrl>
      <LineString>
        <tessellate>1</tessellate>
        <coordinates>
          16.8690982,41.123354,0
          16.871885,41.1234995,0
        </coordinates>
      </LineString>
    </Placemark>
    <Placemark>
      <name>Via don Luigi Sturzo</name>
      <description><![CDATA[2025/04055 <br><br>https://drive.google.com/file/d/1kb9ufkIbSGBbw1GtJ7vn53K5JUKtlFzV/view<br><br>ISTITUZIONE TEMPORANEA DEL DIVIETO DI SOSTA E FERMATA CON RIMOZIONE FORZATA AMBO I LATI E RESTRINGIMENTO DI CARREGGIATA SU VIA DON LUIGI STURZO (DA VIALE DELLA REPUBBLICA A CORSO B. CROCE),VIA MONFALCONE (DA CORSO B. CROCE A VIA BUCCARI), VIA MONTELLO (DA VIA BUCCARI A VIA G. PETRONI) E VIAPASUBIO (DA CORSO B. CROCE A VIA G. PETRONI) – BARI, DAL GIORNO 05 GENNAIO 2026 AL GIORNO 13 FEBBRAIO 2026 DALLE ORE 07.00 ALLE ORE 17.00 PER LAVORI DI INTERRAMENTO CAVI DI MEDIA TENSIONE C/ENEL, RICHIEDENTE: ENEL DISTRIBUZIONE S.P.A. DITTA ESECUTRICE: NORD COSTRUZIONI GENERALI SRL<br><br>Istituzione temporanea del divieto di sosta e fermata con rimozione forzata ambo i lati e il restringimento della carreggiata su:<br><br>via Don Luigi Sturzo (da viale della Repubblica a corso B. Croce), <br>via Monfalcone (da corso B. Croce a via Buccari), <br>via Montello (da via Buccari a via G. Petroni) <br> via Pasubio (da corso B. Croce a via G. Petroni) <br>La graduazione della velocità in avvicinamento per metri 100 all’area del lavori con limite pari a 20 km/h. <br><br>Durante l’esecuzione dei lavori dovrà essere garantito l’accesso/uscita in zona ai residenti e mezzi di soccorso e/o polizia e dovrà essere prevista la presenza di movieri, dotati di idoneo equipaggiamento, che dovranno sovraintendere alle esigenze della circolazione stradale visto il restringimento della carreggiata e del senso unico alternato, con particolare attenzione al transito pedonale e alle persone con ridotte capacità motorie. A tal fine dovrà permanere transitabile e sgombra da ogni mezzo e materiale una corsia di larghezza non inferiore a metri 3.50. Dovranno essere inoltre assicurati gli accessi privati. Tutti i provvedimenti in contrasto con la presente sono momentaneamente e provvisoriamente sospesi e divengono nuovamente efficaci all’esaurimento dei termini previsti dal presente disposto<br><br>Durata e tempistiche: 05/01/2026 - 13/02/2026 07:00-17:00]]></description>
      <styleUrl>#line-C2185B-4875</styleUrl>
      <LineString>
        <tessellate>1</tessellate>
        <coordinates>
          16.8718026,41.1070455,0
          16.8734656,41.1069606,0
          16.8738223,41.1070637,0
          16.8740932,41.1071465,0
        </coordinates>
      </LineString>
    </Placemark>
    <Placemark>
      <name>Via Montello/Via Monfalcone</name>
      <description><![CDATA[2025/04055 <br><br>https://drive.google.com/file/d/1kb9ufkIbSGBbw1GtJ7vn53K5JUKtlFzV/view<br><br>ISTITUZIONE TEMPORANEA DEL DIVIETO DI SOSTA E FERMATA CON RIMOZIONE FORZATA AMBO I LATI E RESTRINGIMENTO DI CARREGGIATA SU VIA DON LUIGI STURZO (DA VIALE DELLA REPUBBLICA A CORSO B. CROCE),VIA MONFALCONE (DA CORSO B. CROCE A VIA BUCCARI), VIA MONTELLO (DA VIA BUCCARI A VIA G. PETRONI) E VIAPASUBIO (DA CORSO B. CROCE A VIA G. PETRONI) – BARI, DAL GIORNO 05 GENNAIO 2026 AL GIORNO 13 FEBBRAIO 2026 DALLE ORE 07.00 ALLE ORE 17.00 PER LAVORI DI INTERRAMENTO CAVI DI MEDIA TENSIONE C/ENEL, RICHIEDENTE: ENEL DISTRIBUZIONE S.P.A. DITTA ESECUTRICE: NORD COSTRUZIONI GENERALI SRL<br><br>Istituzione temporanea del divieto di sosta e fermata con rimozione forzata ambo i lati e il restringimento della carreggiata su:<br><br>via Don Luigi Sturzo (da viale della Repubblica a corso B. Croce), <br>via Monfalcone (da corso B. Croce a via Buccari), <br>via Montello (da via Buccari a via G. Petroni) <br> via Pasubio (da corso B. Croce a via G. Petroni) <br>La graduazione della velocità in avvicinamento per metri 100 all’area del lavori con limite pari a 20 km/h. <br><br>Durante l’esecuzione dei lavori dovrà essere garantito l’accesso/uscita in zona ai residenti e mezzi di soccorso e/o polizia e dovrà essere prevista la presenza di movieri, dotati di idoneo equipaggiamento, che dovranno sovraintendere alle esigenze della circolazione stradale visto il restringimento della carreggiata e del senso unico alternato, con particolare attenzione al transito pedonale e alle persone con ridotte capacità motorie. A tal fine dovrà permanere transitabile e sgombra da ogni mezzo e materiale una corsia di larghezza non inferiore a metri 3.50. Dovranno essere inoltre assicurati gli accessi privati. Tutti i provvedimenti in contrasto con la presente sono momentaneamente e provvisoriamente sospesi e divengono nuovamente efficaci all’esaurimento dei termini previsti dal presente disposto<br><br>Durata e tempistiche: 05/01/2026 - 13/02/2026 07:00-17:00]]></description>
      <styleUrl>#line-C2185B-4294</styleUrl>
      <LineString>
        <tessellate>1</tessellate>
        <coordinates>
          16.8720227,41.1109341,0
          16.8701747,41.1111301,0
          16.8681818,41.1113484,0
        </coordinates>
      </LineString>
    </Placemark>
    <Placemark>
      <name>Via Pasubio</name>
      <description><![CDATA[2025/04055 <br><br>https://drive.google.com/file/d/1kb9ufkIbSGBbw1GtJ7vn53K5JUKtlFzV/view<br><br>ISTITUZIONE TEMPORANEA DEL DIVIETO DI SOSTA E FERMATA CON RIMOZIONE FORZATA AMBO I LATI E RESTRINGIMENTO DI CARREGGIATA SU VIA DON LUIGI STURZO (DA VIALE DELLA REPUBBLICA A CORSO B. CROCE),VIA MONFALCONE (DA CORSO B. CROCE A VIA BUCCARI), VIA MONTELLO (DA VIA BUCCARI A VIA G. PETRONI) E VIAPASUBIO (DA CORSO B. CROCE A VIA G. PETRONI) – BARI, DAL GIORNO 05 GENNAIO 2026 AL GIORNO 13 FEBBRAIO 2026 DALLE ORE 07.00 ALLE ORE 17.00 PER LAVORI DI INTERRAMENTO CAVI DI MEDIA TENSIONE C/ENEL, RICHIEDENTE: ENEL DISTRIBUZIONE S.P.A. DITTA ESECUTRICE: NORD COSTRUZIONI GENERALI SRL<br><br>Istituzione temporanea del divieto di sosta e fermata con rimozione forzata ambo i lati e il restringimento della carreggiata su:<br><br>via Don Luigi Sturzo (da viale della Repubblica a corso B. Croce), <br>via Monfalcone (da corso B. Croce a via Buccari), <br>via Montello (da via Buccari a via G. Petroni) <br> via Pasubio (da corso B. Croce a via G. Petroni) <br>La graduazione della velocità in avvicinamento per metri 100 all’area del lavori con limite pari a 20 km/h. <br><br>Durante l’esecuzione dei lavori dovrà essere garantito l’accesso/uscita in zona ai residenti e mezzi di soccorso e/o polizia e dovrà essere prevista la presenza di movieri, dotati di idoneo equipaggiamento, che dovranno sovraintendere alle esigenze della circolazione stradale visto il restringimento della carreggiata e del senso unico alternato, con particolare attenzione al transito pedonale e alle persone con ridotte capacità motorie. A tal fine dovrà permanere transitabile e sgombra da ogni mezzo e materiale una corsia di larghezza non inferiore a metri 3.50. Dovranno essere inoltre assicurati gli accessi privati. Tutti i provvedimenti in contrasto con la presente sono momentaneamente e provvisoriamente sospesi e divengono nuovamente efficaci all’esaurimento dei termini previsti dal presente disposto<br><br>Durata e tempistiche: 05/01/2026 - 13/02/2026 07:00-17:00]]></description>
      <styleUrl>#line-C2185B-4100</styleUrl>
      <LineString>
        <tessellate>1</tessellate>
        <coordinates>
          16.8680617,41.1104267,0
          16.8719241,41.1098568,0
        </coordinates>
      </LineString>
    </Placemark>
    <Placemark>
      <name>RESTRINGIMENTO CARREGGIATA, DIVIETO DI
SOSTA AMBO I LATI</name>
      <description><![CDATA[2025/04066<br><br>https://drive.google.com/file/d/1DDWGCJEnbqh4VJ1R6blr547o0njBLk1B/view<br><br>ISTITUZIONE TEMPORANEA RESTRINGIMENTO CARREGGIATA, DIVIETO DI<br>SOSTA AMBO I LATI SU VIA NICOLÒ PUTIGNANI DA L CI V .23 AL CIV.71 - VIA<br>ALESSANDRO MARIA CALEFATI DAL CIV.33 AL CIV.53 -VIA ARGIRO DAL CIV.<br>65 AL CIV. 85 PER LAVORI DI SCAVO PER POSA IMPIANTI SU SEDE<br>STRADALE DALLA DATA DI EMANAZIONE DELLA PRESENTE ORDINANZA AL<br>GIORNO 31/06/2026 DALLE ORE 07:30 ALLE ORE 19:00.<br>IMPRESA: PATANO IMPIANTI & COSTRUZIONI S.R.L.<br><br>Durata e tempistiche: 11/12/2025 - 30/06/2026]]></description>
      <styleUrl>#icon-1541-880E4F</styleUrl>
      <Point>
        <coordinates>
          16.8704571,41.1238925,0
        </coordinates>
      </Point>
    </Placemark>
    <Placemark>
      <name>divieto di sosta/ restringimento carreggiata</name>
      <description><![CDATA[2025/04055 <br><br>https://drive.google.com/file/d/1kb9ufkIbSGBbw1GtJ7vn53K5JUKtlFzV/view<br><br>ISTITUZIONE TEMPORANEA DEL DIVIETO DI SOSTA E FERMATA CON RIMOZIONE FORZATA AMBO I LATI E RESTRINGIMENTO DI CARREGGIATA SU VIA DON LUIGI STURZO (DA VIALE DELLA REPUBBLICA A CORSO B. CROCE),VIA MONFALCONE (DA CORSO B. CROCE A VIA BUCCARI), VIA MONTELLO (DA VIA BUCCARI A VIA G. PETRONI) E VIAPASUBIO (DA CORSO B. CROCE A VIA G. PETRONI) – BARI, DAL GIORNO 05 GENNAIO 2026 AL GIORNO 13 FEBBRAIO 2026 DALLE ORE 07.00 ALLE ORE 17.00 PER LAVORI DI INTERRAMENTO CAVI DI MEDIA TENSIONE C/ENEL, RICHIEDENTE: ENEL DISTRIBUZIONE S.P.A. DITTA ESECUTRICE: NORD COSTRUZIONI GENERALI SRL<br><br>Istituzione temporanea del divieto di sosta e fermata con rimozione forzata ambo i lati e il restringimento della carreggiata su:<br><br>via Don Luigi Sturzo (da viale della Repubblica a corso B. Croce), <br>via Monfalcone (da corso B. Croce a via Buccari), <br>via Montello (da via Buccari a via G. Petroni) <br> via Pasubio (da corso B. Croce a via G. Petroni) <br>La graduazione della velocità in avvicinamento per metri 100 all’area del lavori con limite pari a 20 km/h. <br><br>Durante l’esecuzione dei lavori dovrà essere garantito l’accesso/uscita in zona ai residenti e mezzi di soccorso e/o polizia e dovrà essere prevista la presenza di movieri, dotati di idoneo equipaggiamento, che dovranno sovraintendere alle esigenze della circolazione stradale visto il restringimento della carreggiata e del senso unico alternato, con particolare attenzione al transito pedonale e alle persone con ridotte capacità motorie. A tal fine dovrà permanere transitabile e sgombra da ogni mezzo e materiale una corsia di larghezza non inferiore a metri 3.50. Dovranno essere inoltre assicurati gli accessi privati. Tutti i provvedimenti in contrasto con la presente sono momentaneamente e provvisoriamente sospesi e divengono nuovamente efficaci all’esaurimento dei termini previsti dal presente disposto<br><br>Durata e tempistiche: 05/01/2026 - 13/02/2026 07:00-17:00]]></description>
      <styleUrl>#icon-1541-C2185B</styleUrl>
      <Point>
        <coordinates>
          16.8721875,41.1072222,0
        </coordinates>
      </Point>
    </Placemark>
    <Placemark>
      <name>Divieto di sosta/restringimento carreggiata</name>
      <description><![CDATA[2025/04055 <br><br>https://drive.google.com/file/d/1kb9ufkIbSGBbw1GtJ7vn53K5JUKtlFzV/view<br><br>ISTITUZIONE TEMPORANEA DEL DIVIETO DI SOSTA E FERMATA CON RIMOZIONE FORZATA AMBO I LATI E RESTRINGIMENTO DI CARREGGIATA SU VIA DON LUIGI STURZO (DA VIALE DELLA REPUBBLICA A CORSO B. CROCE),VIA MONFALCONE (DA CORSO B. CROCE A VIA BUCCARI), VIA MONTELLO (DA VIA BUCCARI A VIA G. PETRONI) E VIAPASUBIO (DA CORSO B. CROCE A VIA G. PETRONI) – BARI, DAL GIORNO 05 GENNAIO 2026 AL GIORNO 13 FEBBRAIO 2026 DALLE ORE 07.00 ALLE ORE 17.00 PER LAVORI DI INTERRAMENTO CAVI DI MEDIA TENSIONE C/ENEL, RICHIEDENTE: ENEL DISTRIBUZIONE S.P.A. DITTA ESECUTRICE: NORD COSTRUZIONI GENERALI SRL<br><br>Istituzione temporanea del divieto di sosta e fermata con rimozione forzata ambo i lati e il restringimento della carreggiata su:<br><br>via Don Luigi Sturzo (da viale della Repubblica a corso B. Croce), <br>via Monfalcone (da corso B. Croce a via Buccari), <br>via Montello (da via Buccari a via G. Petroni) <br> via Pasubio (da corso B. Croce a via G. Petroni) <br>La graduazione della velocità in avvicinamento per metri 100 all’area del lavori con limite pari a 20 km/h. <br><br>Durante l’esecuzione dei lavori dovrà essere garantito l’accesso/uscita in zona ai residenti e mezzi di soccorso e/o polizia e dovrà essere prevista la presenza di movieri, dotati di idoneo equipaggiamento, che dovranno sovraintendere alle esigenze della circolazione stradale visto il restringimento della carreggiata e del senso unico alternato, con particolare attenzione al transito pedonale e alle persone con ridotte capacità motorie. A tal fine dovrà permanere transitabile e sgombra da ogni mezzo e materiale una corsia di larghezza non inferiore a metri 3.50. Dovranno essere inoltre assicurati gli accessi privati. Tutti i provvedimenti in contrasto con la presente sono momentaneamente e provvisoriamente sospesi e divengono nuovamente efficaci all’esaurimento dei termini previsti dal presente disposto<br><br>Durata e tempistiche: 05/01/2026 - 13/02/2026 07:00-17:00]]></description>
      <styleUrl>#icon-1541-C2185B</styleUrl>
      <Point>
        <coordinates>
          16.8704172,41.1112006,0
        </coordinates>
      </Point>
    </Placemark>
    <Placemark>
      <name>divieto di sosta/restringimento carreggiata</name>
      <description><![CDATA[2025/04055 <br><br>https://drive.google.com/file/d/1kb9ufkIbSGBbw1GtJ7vn53K5JUKtlFzV/view<br><br>ISTITUZIONE TEMPORANEA DEL DIVIETO DI SOSTA E FERMATA CON RIMOZIONE FORZATA AMBO I LATI E RESTRINGIMENTO DI CARREGGIATA SU VIA DON LUIGI STURZO (DA VIALE DELLA REPUBBLICA A CORSO B. CROCE),VIA MONFALCONE (DA CORSO B. CROCE A VIA BUCCARI), VIA MONTELLO (DA VIA BUCCARI A VIA G. PETRONI) E VIAPASUBIO (DA CORSO B. CROCE A VIA G. PETRONI) – BARI, DAL GIORNO 05 GENNAIO 2026 AL GIORNO 13 FEBBRAIO 2026 DALLE ORE 07.00 ALLE ORE 17.00 PER LAVORI DI INTERRAMENTO CAVI DI MEDIA TENSIONE C/ENEL, RICHIEDENTE: ENEL DISTRIBUZIONE S.P.A. DITTA ESECUTRICE: NORD COSTRUZIONI GENERALI SRL<br><br>Istituzione temporanea del divieto di sosta e fermata con rimozione forzata ambo i lati e il restringimento della carreggiata su:<br><br>via Don Luigi Sturzo (da viale della Repubblica a corso B. Croce), <br>via Monfalcone (da corso B. Croce a via Buccari), <br>via Montello (da via Buccari a via G. Petroni) <br> via Pasubio (da corso B. Croce a via G. Petroni) <br>La graduazione della velocità in avvicinamento per metri 100 all’area del lavori con limite pari a 20 km/h. <br><br>Durante l’esecuzione dei lavori dovrà essere garantito l’accesso/uscita in zona ai residenti e mezzi di soccorso e/o polizia e dovrà essere prevista la presenza di movieri, dotati di idoneo equipaggiamento, che dovranno sovraintendere alle esigenze della circolazione stradale visto il restringimento della carreggiata e del senso unico alternato, con particolare attenzione al transito pedonale e alle persone con ridotte capacità motorie. A tal fine dovrà permanere transitabile e sgombra da ogni mezzo e materiale una corsia di larghezza non inferiore a metri 3.50. Dovranno essere inoltre assicurati gli accessi privati. Tutti i provvedimenti in contrasto con la presente sono momentaneamente e provvisoriamente sospesi e divengono nuovamente efficaci all’esaurimento dei termini previsti dal presente disposto<br><br>Durata e tempistiche: 05/01/2026 - 13/02/2026 07:00-17:00]]></description>
      <styleUrl>#icon-1541-C2185B</styleUrl>
      <Point>
        <coordinates>
          16.8688113,41.1103782,0
        </coordinates>
      </Point>
    </Placemark>
    <Placemark>
      <name>PIAZZA UMBERTO I</name>
      <description><![CDATA[Ordinanza: 2025/04065<br><br>https://drive.google.com/file/d/1Za7JK9ivxnT9oK-RBM2xCImKbpKWZwnm/view<br><br>LAVORI DI RIQUALIFICAZIONE DELLE STRADE ATTORNO ALLA PIAZZA UMBERTO IN CARBONARA E RIFACIMENTO DEI MARCIAPIEDI.<br>RIPRISTINO DEL SENSO ANTIORARIO SU PIAZZA UMBERTO I IN<br>CARBONARA E CREAZIONE DI ZONA DI PARCHEGGIO PER I VEICOLI SULLA<br>STESSA PIAZZA UMBERTO I, TRATTO VIA VELA/VIA VENEZIA – VIA<br>VENEZIA/VIA CALATAFIMI E VIA CALATAFIMI/VIA PRINCIPE DAL 15/12/2025<br>SINO A NUOVA DISPOSIZIONE. E<br>SOCIETÀ: CO.RES. SRL<br>ISTANTE: ING. COLAPIETRO VITANTONIO (DIRETTORE DEI LAVORI) RIP.<br>IVOP<br><br>Durata e tempistiche: 15/12/2025 - fino a nuova disposizione]]></description>
      <styleUrl>#line-880E4F-4681</styleUrl>
      <LineString>
        <tessellate>1</tessellate>
        <coordinates>
          16.8713906,41.0743212,0
          16.8715417,41.0742026,0
          16.8718063,41.0741978,0
          16.8719485,41.0741533,0
          16.872155,41.0740563,0
        </coordinates>
      </LineString>
    </Placemark>
    <Placemark>
      <name>LAVORI DI RIQUALIFICAZIONE DELLE STRADE ATTORNO ALLA PIAZZA UMBERTO</name>
      <description><![CDATA[Ordinanza: 2025/04065<br><br>https://drive.google.com/file/d/1Za7JK9ivxnT9oK-RBM2xCImKbpKWZwnm/view<br><br>LAVORI DI RIQUALIFICAZIONE DELLE STRADE ATTORNO ALLA PIAZZA UMBERTO IN CARBONARA E RIFACIMENTO DEI MARCIAPIEDI.<br>RIPRISTINO DEL SENSO ANTIORARIO SU PIAZZA UMBERTO I IN<br>CARBONARA E CREAZIONE DI ZONA DI PARCHEGGIO PER I VEICOLI SULLA<br>STESSA PIAZZA UMBERTO I, TRATTO VIA VELA/VIA VENEZIA – VIA<br>VENEZIA/VIA CALATAFIMI E VIA CALATAFIMI/VIA PRINCIPE DAL 15/12/2025<br>SINO A NUOVA DISPOSIZIONE. E<br>SOCIETÀ: CO.RES. SRL<br>ISTANTE: ING. COLAPIETRO VITANTONIO (DIRETTORE DEI LAVORI) RIP.<br>IVOP<br><br>Durata e tempistiche: 15/12/2025 - fino a nuova disposizione]]></description>
      <styleUrl>#icon-1541-880E4F</styleUrl>
      <Point>
        <coordinates>
          16.8716639,41.0742738,0
        </coordinates>
      </Point>
    </Placemark>
    <Placemark>
      <name>IA UMBERTO I CIVV. 263</name>
      <description><![CDATA[2025/04112 <br><br>https://drive.google.com/file/d/1Uj7heBuZlURusIo9AU4QfpRq_KAHhGhg/view<br><br> ISTITUZIONE TEMPORANEA DI DIVIETO DI TRANSITO SU VIA UMBERTO I CIVV. 263 – 269/C PER RIMOZIONE DELLA GRÙ POSIZIONATA ALL’INTERNO DEL CANTIERE PER LAVORI PROGRAMMATI DI DEMOLIZIONE DI EDIFICIO ESISTENTE E REALIZZAZIONE DI UN EDIFICIO NUOVO PER IL GIORNO 21/12/2025. ISTANTE : LORUSSO MICHELE (AMMINISTRATORE UNICO DELLA DITTA EDILCASA E.I S.R.L.) DITTA : EDILCASA E.I. S.R.L. <br><br>1. La temporanea Istituzione del divieto di sosta su via Umberto I lato civici dispari, nell’isolato compreso tra 1° Trav. di via Umberto I e via Losito in Ceglie del Campo (BA); <br>2. La temporanea chiusura al transito veicolare e pedonale dello stesso tratto di strada indicato al punto 1, con l’obbligo di posizionare idonea segnaletica di preavviso di chiusura della strada sia alla rotatoria presente tra la SP 49 (via Ceglie) – SP 80 /via Bari), sia alle intersezioni precedenti l’area oggetto dell’occupazione; <br>3. L’istante ha l’obbligo di comunicare al Comando di Polizia Locale l’orario di inizio e di fine lavori al fine di tutelare la circolazione stradale sulle vie limitrofe; <br>4. Tutti i provvedimenti in contrasto con la presente sono momentaneamente e provvisoriamente sospesi e divengono nuovamente efficaci all’esaurimento dei termini previsti dal presente disposto;<br><br>Durata e tempistiche: 21/12/2025 - 21/12/2025]]></description>
      <styleUrl>#icon-1541-E65100</styleUrl>
      <Point>
        <coordinates>
          16.8693302,41.060232,0
        </coordinates>
      </Point>
    </Placemark>
    <Placemark>
      <name>VIA UMBERTO I CIVV. 263</name>
      <description><![CDATA[2025/04112 <br><br>https://drive.google.com/file/d/1Uj7heBuZlURusIo9AU4QfpRq_KAHhGhg/view<br><br> ISTITUZIONE TEMPORANEA DI DIVIETO DI TRANSITO SU VIA UMBERTO I CIVV. 263 – 269/C PER RIMOZIONE DELLA GRÙ POSIZIONATA ALL’INTERNO DEL CANTIERE PER LAVORI PROGRAMMATI DI DEMOLIZIONE DI EDIFICIO ESISTENTE E REALIZZAZIONE DI UN EDIFICIO NUOVO PER IL GIORNO 21/12/2025. ISTANTE : LORUSSO MICHELE (AMMINISTRATORE UNICO DELLA DITTA EDILCASA E.I S.R.L.) DITTA : EDILCASA E.I. S.R.L. <br><br>1. La temporanea Istituzione del divieto di sosta su via Umberto I lato civici dispari, nell’isolato compreso tra 1° Trav. di via Umberto I e via Losito in Ceglie del Campo (BA); <br>2. La temporanea chiusura al transito veicolare e pedonale dello stesso tratto di strada indicato al punto 1, con l’obbligo di posizionare idonea segnaletica di preavviso di chiusura della strada sia alla rotatoria presente tra la SP 49 (via Ceglie) – SP 80 /via Bari), sia alle intersezioni precedenti l’area oggetto dell’occupazione; <br>3. L’istante ha l’obbligo di comunicare al Comando di Polizia Locale l’orario di inizio e di fine lavori al fine di tutelare la circolazione stradale sulle vie limitrofe; <br>4. Tutti i provvedimenti in contrasto con la presente sono momentaneamente e provvisoriamente sospesi e divengono nuovamente efficaci all’esaurimento dei termini previsti dal presente disposto;<br>Durata e tempistiche: 21/12/2025 - 21/12/2025]]></description>
      <styleUrl>#line-E65100-4875</styleUrl>
      <LineString>
        <tessellate>1</tessellate>
        <coordinates>
          16.8693928,41.0603864,0
          16.8694653,41.0599637,0
        </coordinates>
      </LineString>
    </Placemark>
    <Placemark>
      <name>VIA MICHELE TROISI</name>
      <description><![CDATA[Ordinanza: 2025/04114<br><br>P1557 LOTTO 1. ORDINANZA PER ISTITUIRE TEMPORANEAMENTE UN<br>DIVIETO DI SOSTA AMBO I ALTI, SENSO UNICO ALTERNATO NONCHÉ<br>RESTRINGIMENTO CARREGGIATA E ALL’OCCORRENZA DIVIETO DI<br>TRANSITO SU VIA MICHELE TROISI (DA INTERSEZIONE CON VIA ARTURO<br>TOSCANINO A INTERSEZIONE CON VIA ONOFRIO DEFELICE) INCROCI<br>COMPRESI, VIA ALPINI D’ITALIA (DA INTERSEZIONE CON VIA SALVATORE<br>QUASIMODO A INTERSEZIONE CON VIA MOISÈ MALDACEA) INCROCI<br>COMPRESI), VIA MOISE’ MALDACEA (DA INTERSEZIONE CON VIA ALPINI<br>D’ITALIA A INTERSEZIONE CON VIA SALVATORE QUASIMODO) INCROCI<br>COMPRESI, STRADA RURALE CANNONE (DA INTERSEZIONE CON VIA G.<br>GENTILE A INTERSEZIONE CON VIA FERDINANDO PALASCIANO) INCROCI<br>COMPRESI, VIA FERDINANDO PALASCIANO (DA INTERSEZIONE CON<br>STRADA RURALE CANNONE A INTERSEZIONE CON VIA MOISÈ MALDACEA)<br>INCROCI COMPRESI PER LAVORI DI SCAVI PER SOSTITUZIONE E POSA<br>DELLE NUOVE CONDOTTE IN GHISA, REALIZZAZIONE DI TUTTE LE<br>DERIVAZIONI DI UTENZA, RINTERRI E SUCCESSIVI RIPRISTINI PROVVISORI<br>PER TERMINARE CON QUELLI DEFINITIVI, DALLA DATA DI EMANAZIONE<br>DELLA PRESENTE ORDINANZA AL 27/02/2026.<br><br>Durata e Tempistiche: 16/12/2025 - 27/02/2026]]></description>
      <styleUrl>#line-880E4F-5456</styleUrl>
      <LineString>
        <tessellate>1</tessellate>
        <coordinates>
          16.9138888,41.106317,0
          16.9174722,41.1049144,0
        </coordinates>
      </LineString>
    </Placemark>
    <Placemark>
      <name>VIA ALPINI D’ITALIA/VIA MOISE’ MALDACEA</name>
      <description><![CDATA[Ordinanza: 2025/04114<br><br>P1557 LOTTO 1. ORDINANZA PER ISTITUIRE TEMPORANEAMENTE UN<br>DIVIETO DI SOSTA AMBO I ALTI, SENSO UNICO ALTERNATO NONCHÉ<br>RESTRINGIMENTO CARREGGIATA E ALL’OCCORRENZA DIVIETO DI<br>TRANSITO SU VIA MICHELE TROISI (DA INTERSEZIONE CON VIA ARTURO<br>TOSCANINO A INTERSEZIONE CON VIA ONOFRIO DEFELICE) INCROCI<br>COMPRESI, VIA ALPINI D’ITALIA (DA INTERSEZIONE CON VIA SALVATORE<br>QUASIMODO A INTERSEZIONE CON VIA MOISÈ MALDACEA) INCROCI<br>COMPRESI), VIA MOISE’ MALDACEA (DA INTERSEZIONE CON VIA ALPINI<br>D’ITALIA A INTERSEZIONE CON VIA SALVATORE QUASIMODO) INCROCI<br>COMPRESI, STRADA RURALE CANNONE (DA INTERSEZIONE CON VIA G.<br>GENTILE A INTERSEZIONE CON VIA FERDINANDO PALASCIANO) INCROCI<br>COMPRESI, VIA FERDINANDO PALASCIANO (DA INTERSEZIONE CON<br>STRADA RURALE CANNONE A INTERSEZIONE CON VIA MOISÈ MALDACEA)<br>INCROCI COMPRESI PER LAVORI DI SCAVI PER SOSTITUZIONE E POSA<br>DELLE NUOVE CONDOTTE IN GHISA, REALIZZAZIONE DI TUTTE LE<br>DERIVAZIONI DI UTENZA, RINTERRI E SUCCESSIVI RIPRISTINI PROVVISORI<br>PER TERMINARE CON QUELLI DEFINITIVI, DALLA DATA DI EMANAZIONE<br>DELLA PRESENTE ORDINANZA AL 27/02/2026.<br><br>Durata e Tempistiche: 16/12/2025 - 27/02/2026]]></description>
      <styleUrl>#line-880E4F-5263</styleUrl>
      <LineString>
        <tessellate>1</tessellate>
        <coordinates>
          16.9197251,41.1066475,0
          16.9195642,41.106512,0
          16.9193738,41.1061867,0
          16.9191216,41.1057723,0
          16.9190599,41.1056571,0
          16.919237,41.1055359,0
          16.9198807,41.1053176,0
          16.920629,41.1050387,0
          16.9208248,41.104968,0
          16.9209724,41.1049983,0
          16.9212003,41.1053075,0
          16.9214659,41.1058027,0
          16.9215624,41.1059441,0
          16.9214739,41.1060795,0
          16.9206505,41.1064029,0
          16.9199638,41.1066555,0
          16.9198136,41.1066677,0
        </coordinates>
      </LineString>
    </Placemark>
    <Placemark>
      <name>STRADA RURALE CANNONE</name>
      <description><![CDATA[Ordinanza: 2025/04114<br><br>P1557 LOTTO 1. ORDINANZA PER ISTITUIRE TEMPORANEAMENTE UN<br>DIVIETO DI SOSTA AMBO I ALTI, SENSO UNICO ALTERNATO NONCHÉ<br>RESTRINGIMENTO CARREGGIATA E ALL’OCCORRENZA DIVIETO DI<br>TRANSITO SU VIA MICHELE TROISI (DA INTERSEZIONE CON VIA ARTURO<br>TOSCANINO A INTERSEZIONE CON VIA ONOFRIO DEFELICE) INCROCI<br>COMPRESI, VIA ALPINI D’ITALIA (DA INTERSEZIONE CON VIA SALVATORE<br>QUASIMODO A INTERSEZIONE CON VIA MOISÈ MALDACEA) INCROCI<br>COMPRESI), VIA MOISE’ MALDACEA (DA INTERSEZIONE CON VIA ALPINI<br>D’ITALIA A INTERSEZIONE CON VIA SALVATORE QUASIMODO) INCROCI<br>COMPRESI, STRADA RURALE CANNONE (DA INTERSEZIONE CON VIA G.<br>GENTILE A INTERSEZIONE CON VIA FERDINANDO PALASCIANO) INCROCI<br>COMPRESI, VIA FERDINANDO PALASCIANO (DA INTERSEZIONE CON<br>STRADA RURALE CANNONE A INTERSEZIONE CON VIA MOISÈ MALDACEA)<br>INCROCI COMPRESI PER LAVORI DI SCAVI PER SOSTITUZIONE E POSA<br>DELLE NUOVE CONDOTTE IN GHISA, REALIZZAZIONE DI TUTTE LE<br>DERIVAZIONI DI UTENZA, RINTERRI E SUCCESSIVI RIPRISTINI PROVVISORI<br>PER TERMINARE CON QUELLI DEFINITIVI, DALLA DATA DI EMANAZIONE<br>DELLA PRESENTE ORDINANZA AL 27/02/2026.<br><br>Durata e Tempistiche: 16/12/2025 - 27/02/2026]]></description>
      <styleUrl>#line-880E4F-5650</styleUrl>
      <LineString>
        <tessellate>1</tessellate>
        <coordinates>
          16.9224385,41.1051913,0
          16.921794,41.1040287,0
        </coordinates>
      </LineString>
    </Placemark>
    <Placemark>
      <name>DIVIETO DI SOSTA AMBO I ALTI, SENSO UNICO ALTERNATO, 
RESTRINGIMENTO CARREGGIATA</name>
      <description><![CDATA[Ordinanza: 2025/04114<br><br>P1557 LOTTO 1. ORDINANZA PER ISTITUIRE TEMPORANEAMENTE UN<br>DIVIETO DI SOSTA AMBO I ALTI, SENSO UNICO ALTERNATO NONCHÉ<br>RESTRINGIMENTO CARREGGIATA E ALL’OCCORRENZA DIVIETO DI<br>TRANSITO SU VIA MICHELE TROISI (DA INTERSEZIONE CON VIA ARTURO<br>TOSCANINO A INTERSEZIONE CON VIA ONOFRIO DEFELICE) INCROCI<br>COMPRESI, VIA ALPINI D’ITALIA (DA INTERSEZIONE CON VIA SALVATORE<br>QUASIMODO A INTERSEZIONE CON VIA MOISÈ MALDACEA) INCROCI<br>COMPRESI), VIA MOISE’ MALDACEA (DA INTERSEZIONE CON VIA ALPINI<br>D’ITALIA A INTERSEZIONE CON VIA SALVATORE QUASIMODO) INCROCI<br>COMPRESI, STRADA RURALE CANNONE (DA INTERSEZIONE CON VIA G.<br>GENTILE A INTERSEZIONE CON VIA FERDINANDO PALASCIANO) INCROCI<br>COMPRESI, VIA FERDINANDO PALASCIANO (DA INTERSEZIONE CON<br>STRADA RURALE CANNONE A INTERSEZIONE CON VIA MOISÈ MALDACEA)<br>INCROCI COMPRESI PER LAVORI DI SCAVI PER SOSTITUZIONE E POSA<br>DELLE NUOVE CONDOTTE IN GHISA, REALIZZAZIONE DI TUTTE LE<br>DERIVAZIONI DI UTENZA, RINTERRI E SUCCESSIVI RIPRISTINI PROVVISORI<br>PER TERMINARE CON QUELLI DEFINITIVI, DALLA DATA DI EMANAZIONE<br>DELLA PRESENTE ORDINANZA AL 27/02/2026.<br><br>Durata e Tempistiche: 16/12/2025 - 27/02/2026]]></description>
      <styleUrl>#icon-1541-880E4F</styleUrl>
      <Point>
        <coordinates>
          16.9181181,41.1059027,0
        </coordinates>
      </Point>
    </Placemark>
    <Placemark>
      <name>DIVIETO DI FERMATA E RESTRINGIMENTO DI CARREGGIATA CON RIMOZIONE FORZATA</name>
      <description><![CDATA[https://drive.google.com/file/d/18uwoS3uZu1TrGhUQuBvL2_xL103W8wm2/view?usp=sharing<br><br>PROROGA ORDINANZA N. 2024/03965 DEL 5.12.2024<br>ISTITUZIONE TEMPORANEA DEL RESTRINGIMENTO DI CARREGGIATA E<br>DEL DIVIETO DI FERMATA CON RIMOZIONE FORZATA PER TUTTI I VEICOLI<br>SU AMBO I LATI SU UN TRATTO DI VIA SCIPIONE L’ AFRICANO CIVV. 262-266<br>E VIA R. GORJUX CIVV. 8-10 PER<br>ESEGUIRE ATTIVITÀ DI DEMOLIZIONE E RICOSTRUZIONE DI FABBRICATO.<br>RICHIEDENTE: SIG. COTUGNO GIOVANNI - DITTA CLAM COSTRUZIONI –<br>BARI<br><br>Durata e tempistiche: DAL GIORNO 1.1.2026 FINO AL 30.9.2026]]></description>
      <styleUrl>#icon-1541-E65100</styleUrl>
      <Point>
        <coordinates>
          16.8643907,41.1097399,0
        </coordinates>
      </Point>
    </Placemark>
    <Placemark>
      <name>DIVIETO DI FERMATA E RESTRINGIMENTO DI CARREGGIATA CON RIMOZIONE FORZATA</name>
      <description><![CDATA[https://drive.google.com/file/d/18uwoS3uZu1TrGhUQuBvL2_xL103W8wm2/view?usp=sharing<br><br>PROROGA ORDINANZA N. 2024/03965 DEL 5.12.2024<br>ISTITUZIONE TEMPORANEA DEL RESTRINGIMENTO DI CARREGGIATA E<br>DEL DIVIETO DI FERMATA CON RIMOZIONE FORZATA PER TUTTI I VEICOLI<br>SU AMBO I LATI SU UN TRATTO DI VIA SCIPIONE L’ AFRICANO CIVV. 262-266<br>E VIA R. GORJUX CIVV. 8-10 PER<br>ESEGUIRE ATTIVITÀ DI DEMOLIZIONE E RICOSTRUZIONE DI FABBRICATO.<br>RICHIEDENTE: SIG. COTUGNO GIOVANNI - DITTA CLAM COSTRUZIONI –<br>BARI<br><br>Durata e tempistiche: DAL GIORNO 1.1.2026 FINO AL 30.9.2026]]></description>
      <styleUrl>#icon-1541-E65100</styleUrl>
      <Point>
        <coordinates>
          16.8651303,41.1108005,0
        </coordinates>
      </Point>
    </Placemark>
    <Placemark>
      <name>CHIUSURA AL TRANSITO VEICOLARE E DIVIETO DI FERMATA </name>
      <description><![CDATA[https://drive.google.com/file/d/1f3IQMuWy5xBoG77j4P17ESyL3PHvE5Z4/view?usp=sharing<br><br>Aggiunti giorni 22/12/2025 - 23/12/2025 come da ordinanza 2025/04174<br><br>https://drive.google.com/file/d/1V-9tQGXLj8Xn9bR1-2Zs3K2n6Au2tG5s/view<br><br>ISTITUZIONE TEMPORANEA CHIUSURA AL TRANSITO VEICOLARE E DIVIETO DI FERMATA SU VIA SPALATO TRATTO COMPRESO TRA IL<br>LUNGOMARE NAZARIO SAURO E VIA DALMAZIA PER LAVORI DI RESTAURO DELLA<br>FACCIATA DEL PALAZZO DELLA PROVINCIA DI BARI.<br>RICHIEDENTE: CITTÀ METROPOLITANA DI BARI<br> Durata e tempistiche: PER IL GIORNO 19.12.2025 DALLE ORE 7.00 ALLE ORE 12.00 ]]></description>
      <styleUrl>#line-E65100-10300</styleUrl>
      <LineString>
        <tessellate>1</tessellate>
        <coordinates>
          16.8812645,41.1217107,0
          16.8807925,41.1211247,0
        </coordinates>
      </LineString>
    </Placemark>
    <Placemark>
      <name>Divieto di transito/sosta</name>
      <description><![CDATA[2025/04161<br><br>https://drive.google.com/file/d/1KbfkFoSi2_iw7Bm-rNjGtOWg0ZO-jJFP/view<br><br>PN21006. ACCORDO QUADRO PER LAVORI DI COSTRUZIONE DELLA FOGNATURA PLUVIALE A SERVIZIO DELLE EX FRAZIONI CEGLIE E CARBONARA. ORDINANZA PER DIVIETO DI SOSTA E DI FERMATA E CHIUSURA AL TRANSITO VEICOLARE IN VIA VACCARELLA TRATTO COMPRESO TRA VIA MARCHITELLI E VIA GASPARE DEL BUFALO PER LAVORI DI NUOVA COSTRUZIONE DELLA RETE DI FOGNA BIANCA COMUNALE. 1° E 2° CONTRATTO ATTUATIVO – CIG 8551675973. CONTINUAZIONE LAVORI SINO AL 31/12/2026. IMPRESA: FAP SRL <br><br>1. istituire temporaneamente la chiusura al transito veicolare sulla via Vaccarella tratto compreso tra via Marchitelli e via Gaspare del Bufalo eccetto frontisti e residenti; <br>2. Istituire temporaneamente il divieto di sosta e di fermata su via Gaetano Marchitelli per permette la fluidità del transito veicolare in uscita da Carbonara direzione via Trisorio Liuzzi; <br>3. Tutti i provvedimenti in contrasto con la presente sono momentaneamente e provvisoriamente sospesi e divengono nuovamente efficaci all’esaurimento dei termini previsti dal presente disposto;<br><br>Durata e tempistiche: 29/12/2025 - 31/12/2026]]></description>
      <styleUrl>#icon-1541-E65100</styleUrl>
      <Point>
        <coordinates>
          16.8638728,41.071375,0
        </coordinates>
      </Point>
    </Placemark>
    <Placemark>
      <name>via Vaccarella</name>
      <description><![CDATA[2025/04161<br><br>https://drive.google.com/file/d/1KbfkFoSi2_iw7Bm-rNjGtOWg0ZO-jJFP/view<br><br>PN21006. ACCORDO QUADRO PER LAVORI DI COSTRUZIONE DELLA FOGNATURA PLUVIALE A SERVIZIO DELLE EX FRAZIONI CEGLIE E CARBONARA. ORDINANZA PER DIVIETO DI SOSTA E DI FERMATA E CHIUSURA AL TRANSITO VEICOLARE IN VIA VACCARELLA TRATTO COMPRESO TRA VIA MARCHITELLI E VIA GASPARE DEL BUFALO PER LAVORI DI NUOVA COSTRUZIONE DELLA RETE DI FOGNA BIANCA COMUNALE. 1° E 2° CONTRATTO ATTUATIVO – CIG 8551675973. CONTINUAZIONE LAVORI SINO AL 31/12/2026. IMPRESA: FAP SRL <br><br>1. istituire temporaneamente la chiusura al transito veicolare sulla via Vaccarella tratto compreso tra via Marchitelli e via Gaspare del Bufalo eccetto frontisti e residenti; <br>2. Istituire temporaneamente il divieto di sosta e di fermata su via Gaetano Marchitelli per permette la fluidità del transito veicolare in uscita da Carbonara direzione via Trisorio Liuzzi; <br>3. Tutti i provvedimenti in contrasto con la presente sono momentaneamente e provvisoriamente sospesi e divengono nuovamente efficaci all’esaurimento dei termini previsti dal presente disposto;<br><br>Durata e tempistiche: 29/12/2025 - 31/12/2026]]></description>
      <styleUrl>#line-E65100-5456</styleUrl>
      <LineString>
        <tessellate>1</tessellate>
        <coordinates>
          16.8635134,41.0716662,0
          16.8644468,41.0700283,0
          16.8646638,41.069485,0
          16.8653534,41.0688635,0
          16.8655328,41.0682636,0
        </coordinates>
      </LineString>
    </Placemark>
    <Placemark>
      <name>restringimento di carreggiata/divieto di fermata/ divieto di transito</name>
      <description><![CDATA[2026/00675<br>PROROGA ORDINANZA 2025/04181<br><br>LAVORI DI REALIZZAZIONE DI UN SISTEMA BRT PER LA CITTÀ DI BARI -<br>FINANZIATO DALLA UNIONE EUROPEA NEXT GENERATION EU -<br>TRASPORTO RAPIDO DI MASSA - MISURA M2C2 - INV 4.2 DEL PNRR - CUP:<br>J91B21002850001<br>REGOLAMENTAZIONE TEMPORANEA DELLA CIRCOLAZIONE STRADALE SU<br>VIA CALDAROLA FINO AL 09/03/26<br>IMPRESA ESECUTRICE: R.T.I. COBAR S.P.A. - MER MEC STE S.R.L.<br>Dall’esecutività del presente provvedimento fino al 09/03/26 sono istituiti i seguenti provvedimenti<br>temporanei di circolazione:<br>a) L’istituzione del restringimento di carreggiata a tutti i veicoli su:<br>i) via Caldarola nel tratto stradale compreso tra via Salapia e via Magna Grecia, su entrambe le carreggiate.<br>b) L’istituzione del divieto di fermata a tutti i veicoli su:<br>i) via Caldarola nel tratto stradale compreso tra via Salapia e via Magna Grecia, su entrambe le carreggiate;<br>ii) via Santa Teresa;<br>iii) via Padre Massimiliano Kolbe.<br>c) L’istituzione del divieto di transito, eccetto frontisti, a tutti i veicoli su:<br>i) via Santa Teresa;<br>ii) via Padre Massimiliano Kolbe.<br>d) L’istituzione del doppio senso di marcia, riservato ai soli frontisti su:<br>i) via Santa Teresa;<br>ii) via Padre Massimiliano Kolbe.<br>e) L’istituzione dell’obbligo di proseguite diritto a tutti i veicoli su:<br><br>i) Via Caldarola, in corrispondenza dell’intersezione con via Santa Teresa;<br>ii) Via Caldarola, in corrispondenza dell’intersezione con via Padre Massimiliano Kolbe;<br>2) Dagli obblighi e divieti di cui al punto 1) sono esclusi:<br>i) i veicoli al servizio, ovvero di proprietà dell’impresa esecutrice dei lavori e sue subappaltatrici;<br>ii) i veicoli delle forze dell’ordine, dei vigili del fuoco e delle ambulanze durante l’espletamento di servizi<br>d’istituto e di soccorso pubblico e d’emergenza;<br>iii) i veicoli al servizio di persone con limitate o impedite capacità motorie;<br>iv) i veicoli diretti agli accessi carrabili privati.<br>TERMINE E DURATA: 10/02/2026 - 09/03/2026<br><br>2025/04181<br><br>https://drive.google.com/file/d/1dUmgpDqfbFFAo3LDDIiiGx-1RAlkauOe/view<br><br>PN21006. ACCORDO QUADRO PER LAVORI DI COSTRUZIONE DELLA FOGNATURA PLUVIALE A SERVIZIO DELLE EX FRAZIONI CEGLIE E CARBONARA. ORDINANZA PER DIVIETO DI SOSTA E DI FERMATA E CHIUSURA AL TRANSITO VEICOLARE IN VIA VACCARELLA TRATTO COMPRESO TRA VIA MARCHITELLI E VIA GASPARE DEL BUFALO PER LAVORI DI NUOVA COSTRUZIONE DELLA RETE DI FOGNA BIANCA COMUNALE. 1° E 2° CONTRATTO ATTUATIVO – CIG 8551675973. CONTINUAZIONE LAVORI SINO AL 31/12/2026. IMPRESA: FAP SRL<br> <br>Durata e tempistiche: 29/12/2025 - 31/12/2026<br><br>2025/03451 <br><br>LAVORI DI REALIZZAZIONE DI UN SISTEMA BRT PER LA CITTÀ DI BARI -<br>FINANZIATO DALLA UNIONE EUROPEA NEXT GENERATION EU -<br>TRASPORTO RAPIDO DI MASSA - MISURA M2C2 - INV 4.2 DEL PNRR - CUP:<br>J91B21002850001<br>REGOLAMENTAZIONE TEMPORANEA DELLA CIRCOLAZIONE STRADALE SU<br>VIA CALDAROLA FINO AL 03.12.2025<br>IMPRESA ESECUTRICE: R.T.I. COBAR S.P.A. - MER MEC STE S.R.L.<br><br>a) L’istituzione del restringimento di carreggiata a tutti i veicoli su:<br>i) via Caldarola nel tratto stradale compreso tra via Salapia e via Magna Grecia, su entrambe le carreggiate.<br>b) L’istituzione del divieto di fermata a tutti i veicoli su:<br>i) via Caldarola nel tratto stradale compreso tra via Salapia e via Magna Grecia, su entrambe le carreggiate;<br>ii) via Santa Teresa;<br>iii) via Padre Massimiliano Kolbe.<br>c) L’istituzione del divieto di transito, eccetto frontisti, a tutti i veicoli su:<br>i) via Santa Teresa;<br>ii) via Padre Massimiliano Kolbe.<br>d) L’istituzione del doppio senso di marcia, riservato ai soli frontisti su:<br>i) via Santa Teresa;<br>ii) via Padre Massimiliano Kolbe.<br>e) L’istituzione dell’obbligo di proseguite diritto a tutti i veicoli su:<br>i) Via Caldarola, in corrispondenza dell’intersezione con via Santa Teresa;<br><br>ii) Via Caldarola, in corrispondenza dell’intersezione con via Padre Massimiliano Kolbe;<br>2) Dagli obblighi e divieti di cui al punto 1) sono esclusi:<br>i) i veicoli al servizio, ovvero di proprietà dell’impresa esecutrice dei lavori e sue subappaltatrici;<br>ii) i veicoli]]></description>
      <styleUrl>#icon-1541-E65100</styleUrl>
      <Point>
        <coordinates>
          16.8928832,41.1092535,0
        </coordinates>
      </Point>
    </Placemark>
    <Placemark>
      <name>via Padre Massimiliano Kolbe</name>
      <description><![CDATA[2025/04181<br><br>https://drive.google.com/file/d/1dUmgpDqfbFFAo3LDDIiiGx-1RAlkauOe/view<br><br>PN21006. ACCORDO QUADRO PER LAVORI DI COSTRUZIONE DELLA FOGNATURA PLUVIALE A SERVIZIO DELLE EX FRAZIONI CEGLIE E CARBONARA. ORDINANZA PER DIVIETO DI SOSTA E DI FERMATA E CHIUSURA AL TRANSITO VEICOLARE IN VIA VACCARELLA TRATTO COMPRESO TRA VIA MARCHITELLI E VIA GASPARE DEL BUFALO PER LAVORI DI NUOVA COSTRUZIONE DELLA RETE DI FOGNA BIANCA COMUNALE. 1° E 2° CONTRATTO ATTUATIVO – CIG 8551675973. CONTINUAZIONE LAVORI SINO AL 31/12/2026. IMPRESA: FAP SRL<br><br>Durata e tempistiche: 29/12/2025 - 31/12/2026<br><br>2025/03451 <br><br>LAVORI DI REALIZZAZIONE DI UN SISTEMA BRT PER LA CITTÀ DI BARI -<br>FINANZIATO DALLA UNIONE EUROPEA NEXT GENERATION EU -<br>TRASPORTO RAPIDO DI MASSA - MISURA M2C2 - INV 4.2 DEL PNRR - CUP:<br>J91B21002850001<br>REGOLAMENTAZIONE TEMPORANEA DELLA CIRCOLAZIONE STRADALE SU<br>VIA CALDAROLA FINO AL 03.12.2025<br>IMPRESA ESECUTRICE: R.T.I. COBAR S.P.A. - MER MEC STE S.R.L.<br><br>a) L’istituzione del restringimento di carreggiata a tutti i veicoli su:<br>i) via Caldarola nel tratto stradale compreso tra via Salapia e via Magna Grecia, su entrambe le carreggiate.<br>b) L’istituzione del divieto di fermata a tutti i veicoli su:<br>i) via Caldarola nel tratto stradale compreso tra via Salapia e via Magna Grecia, su entrambe le carreggiate;<br>ii) via Santa Teresa;<br>iii) via Padre Massimiliano Kolbe.<br>c) L’istituzione del divieto di transito, eccetto frontisti, a tutti i veicoli su:<br>i) via Santa Teresa;<br>ii) via Padre Massimiliano Kolbe.<br>d) L’istituzione del doppio senso di marcia, riservato ai soli frontisti su:<br>i) via Santa Teresa;<br>ii) via Padre Massimiliano Kolbe.<br>e) L’istituzione dell’obbligo di proseguite diritto a tutti i veicoli su:<br>i) Via Caldarola, in corrispondenza dell’intersezione con via Santa Teresa;<br><br>ii) Via Caldarola, in corrispondenza dell’intersezione con via Padre Massimiliano Kolbe;<br>2) Dagli obblighi e divieti di cui al punto 1) sono esclusi:<br>i) i veicoli al servizio, ovvero di proprietà dell’impresa esecutrice dei lavori e sue subappaltatrici;<br>ii) i veicoli delle forze dell’ordine, dei vigili del fuoco e delle ambulanze durante l’espletamento di servizi<br>d’istituto e di soccorso pubblico e d’emergenza;<br>iii) i veicoli al servizio di persone con limitate o impedite capacità motorie;<br>iv) i veicoli diretti agli accessi carrabili privati.<br><br><br>Durata e tempistiche: 03/11/2025 - 03/12/2025 ]]></description>
      <styleUrl>#line-E65100-4294</styleUrl>
      <LineString>
        <tessellate>1</tessellate>
        <coordinates>
          16.8928725,41.1103286,0
          16.8945032,41.1096657,0
        </coordinates>
      </LineString>
    </Placemark>
    <Placemark>
      <name>via caldarola</name>
      <description><![CDATA[2026/00675<br>PROROGA ORDINANZA 2025/04181<br><br>LAVORI DI REALIZZAZIONE DI UN SISTEMA BRT PER LA CITTÀ DI BARI -<br>FINANZIATO DALLA UNIONE EUROPEA NEXT GENERATION EU -<br>TRASPORTO RAPIDO DI MASSA - MISURA M2C2 - INV 4.2 DEL PNRR - CUP:<br>J91B21002850001<br>REGOLAMENTAZIONE TEMPORANEA DELLA CIRCOLAZIONE STRADALE SU<br>VIA CALDAROLA FINO AL 09/03/26<br>IMPRESA ESECUTRICE: R.T.I. COBAR S.P.A. - MER MEC STE S.R.L.<br>Dall’esecutività del presente provvedimento fino al 09/03/26 sono istituiti i seguenti provvedimenti<br>temporanei di circolazione:<br>a) L’istituzione del restringimento di carreggiata a tutti i veicoli su:<br>i) via Caldarola nel tratto stradale compreso tra via Salapia e via Magna Grecia, su entrambe le carreggiate.<br>b) L’istituzione del divieto di fermata a tutti i veicoli su:<br>i) via Caldarola nel tratto stradale compreso tra via Salapia e via Magna Grecia, su entrambe le carreggiate;<br>ii) via Santa Teresa;<br>iii) via Padre Massimiliano Kolbe.<br>c) L’istituzione del divieto di transito, eccetto frontisti, a tutti i veicoli su:<br>i) via Santa Teresa;<br>ii) via Padre Massimiliano Kolbe.<br>d) L’istituzione del doppio senso di marcia, riservato ai soli frontisti su:<br>i) via Santa Teresa;<br>ii) via Padre Massimiliano Kolbe.<br>e) L’istituzione dell’obbligo di proseguite diritto a tutti i veicoli su:<br><br>i) Via Caldarola, in corrispondenza dell’intersezione con via Santa Teresa;<br>ii) Via Caldarola, in corrispondenza dell’intersezione con via Padre Massimiliano Kolbe;<br>2) Dagli obblighi e divieti di cui al punto 1) sono esclusi:<br>i) i veicoli al servizio, ovvero di proprietà dell’impresa esecutrice dei lavori e sue subappaltatrici;<br>ii) i veicoli delle forze dell’ordine, dei vigili del fuoco e delle ambulanze durante l’espletamento di servizi<br>d’istituto e di soccorso pubblico e d’emergenza;<br>iii) i veicoli al servizio di persone con limitate o impedite capacità motorie;<br>iv) i veicoli diretti agli accessi carrabili privati.<br>TERMINE E DURATA: 10/02/2026 - 09/03/2026<br><br>2025/04181<br><br>https://drive.google.com/file/d/1dUmgpDqfbFFAo3LDDIiiGx-1RAlkauOe/view<br><br>PN21006. ACCORDO QUADRO PER LAVORI DI COSTRUZIONE DELLA FOGNATURA PLUVIALE A SERVIZIO DELLE EX FRAZIONI CEGLIE E CARBONARA. ORDINANZA PER DIVIETO DI SOSTA E DI FERMATA E CHIUSURA AL TRANSITO VEICOLARE IN VIA VACCARELLA TRATTO COMPRESO TRA VIA MARCHITELLI E VIA GASPARE DEL BUFALO PER LAVORI DI NUOVA COSTRUZIONE DELLA RETE DI FOGNA BIANCA COMUNALE. 1° E 2° CONTRATTO ATTUATIVO – CIG 8551675973. CONTINUAZIONE LAVORI SINO AL 31/12/2026. IMPRESA: FAP SRL<br><br>Durata e tempistiche: 29/12/2025 - 31/12/2026<br><br>2025/03451 <br><br>LAVORI DI REALIZZAZIONE DI UN SISTEMA BRT PER LA CITTÀ DI BARI -<br>FINANZIATO DALLA UNIONE EUROPEA NEXT GENERATION EU -<br>TRASPORTO RAPIDO DI MASSA - MISURA M2C2 - INV 4.2 DEL PNRR - CUP:<br>J91B21002850001<br>REGOLAMENTAZIONE TEMPORANEA DELLA CIRCOLAZIONE STRADALE SU<br>VIA CALDAROLA FINO AL 03.12.2025<br>IMPRESA ESECUTRICE: R.T.I. COBAR S.P.A. - MER MEC STE S.R.L.<br><br>a) L’istituzione del restringimento di carreggiata a tutti i veicoli su:<br>i) via Caldarola nel tratto stradale compreso tra via Salapia e via Magna Grecia, su entrambe le carreggiate.<br>b) L’istituzione del divieto di fermata a tutti i veicoli su:<br>i) via Caldarola nel tratto stradale compreso tra via Salapia e via Magna Grecia, su entrambe le carreggiate;<br>ii) via Santa Teresa;<br>iii) via Padre Massimiliano Kolbe.<br>c) L’istituzione del divieto di transito, eccetto frontisti, a tutti i veicoli su:<br>i) via Santa Teresa;<br>ii) via Padre Massimiliano Kolbe.<br>d) L’istituzione del doppio senso di marcia, riservato ai soli frontisti su:<br>i) via Santa Teresa;<br>ii) via Padre Massimiliano Kolbe.<br>e) L’istituzione dell’obbligo di proseguite diritto a tutti i veicoli su:<br>i) Via Caldarola, in corrispondenza dell’intersezione con via Santa Teresa;<br><br>ii) Via Caldarola, in corrispondenza dell’intersezione con via Padre Massimiliano Kolbe;<br>2) Dagli obblighi e divieti di cui al punto 1) sono esclusi:<br>i) i veicoli al servizio, ovvero di proprietà dell’impresa esecutrice dei lavori e sue subappaltatrici;<br>ii) i veicoli d]]></description>
      <styleUrl>#line-E65100-3519</styleUrl>
      <LineString>
        <tessellate>1</tessellate>
        <coordinates>
          16.8937835,41.108664,0
          16.8905998,41.1100157,0
        </coordinates>
      </LineString>
    </Placemark>
    <Placemark>
      <name>divieto di transito/divieto di sosta</name>
      <description><![CDATA[2026/00371<br><br>https://drive.google.com/file/d/1f3FpTUXHiuPxWNpgAPcTzguXOqyL00W_/view<br><br>REVOCA ORDINANZE 2026/00370 2025/04183<br><br>LAVORI DI REALIZZAZIONE DI UN SISTEMA BRT PER LA CITTÀ DI BARI -<br>FINANZIATO DALLA UNIONE EUROPEA NEXT GENERATION EU -<br>TRASPORTO RAPIDO DI MASSA - MISURA M2C2 - INV 4.2 DEL PNRR - CUP:<br>J91B21002850001<br>REGOLAMENTAZIONE TEMPORANEA DELLA CIRCOLAZIONE STRADALE SU<br>VIA DI MARATONA E VIA VERDI FINO AL 28/02/26<br>IMPRESA ESECUTRICE: R.T.I. COBAR S.P.A. - MER MEC STE S.R.L.<br><br><br>Sono revocate le Ordinanze Dirigenziali 2026/00370 2025/04183<br>1) Dall’emanazione del presente provvedimento fino al giorno 28.02.26 sono istituiti i seguenti provvedimenti<br>temporanei di circolazione:<br>a) L’istituzione del divieto di transito a tutti i veicoli su:<br>i) via Giuseppe Verdi, nel tratto stradale compreso tra via Accettura e via di Maratona, eccetto frontisti;<br>ii) via Pola in prossimità dell’intersezione con via di Maratona;<br>iii) via di Maratona nel tratto stradale compreso tra via Verdi e via Portoghese, per entrambe le carreggiate.<br>(1) Deroga al divieto di transito di cui sopra nel tratto di via di Maratona - carreggiata ovest in prossimità<br>dell’intersezione con via Portoghese e contestuale istituzione del doppio senso di circolazione, al fine di<br>consentire l’ingresso e l’uscita dalle Piscine Comunali<br>b) L’istituzione del divieto di fermata a tutti i veicoli su:<br>i) via Giuseppe Verdi, ambo i lati, nel tratto stradale compreso tra via Accettura e via di Maratona, eccetto<br>frontisti;<br>ii) via di Maratona, ambo i lati, nel tratto stradale compreso tra via Verdi e via Portoghese, per entrambe le<br>carreggiate.<br><br>c) L’istituzione dell’obbligo di svolta a destra a tutti i veicoli su:<br>i) Via Giuseppe Verdi, in corrispondenza dell’intersezione con via Accettura per tutti i veicoli sulla corrente di<br>traffico che va da via Giordano verso via Accettura.<br>d) L’istituzione dell’obbligo di svolta a sinistra a tutti i veicoli su:<br>i) Via Accettura, in corrispondenza dell’intersezione con via Giuseppe Verdi per tutti i veicoli sulla corrente di<br>traffico che va da via Mascagni verso via Giuseppe Verdi.<br>e) L’istituzione dell’obbligo di proseguire diritto e svolta a sinistra a tutti i veicoli su:<br>i) Via Portoghese, in corrispondenza dell’intersezione con via di Maratona per tutti i veicoli sulla corrente di<br>traffico che va da via Portoghese verso via Accettura.<br>f) L’istituzione dell’obbligo di proseguire diritto e svolta a destra a tutti i veicoli su:<br>i) Via Mascagni, in corrispondenza dell’intersezione con via di Maratona per tutti i veicoli sulla corrente di<br>traffico che va da via Mascagni verso via Portoghese.<br>2) Dagli obblighi e divieti di cui al punto 1) sono esclusi:<br>i) i veicoli al servizio, ovvero di proprietà dell’impresa esecutrice dei lavori e sue subappaltatrici;<br>ii) i veicoli delle forze dell’ordine, dei vigili del fuoco e delle ambulanze durante l’espletamento di servizi<br>d’istituto e di soccorso pubblico e d’emergenza;<br>iii) i veicoli al servizio di persone con limitate o impedite capacità motorie;<br>iv) i veicoli diretti agli accessi carrabili privati.<br><br>Durata e tempistiche: 28/01/2025 - 28/02//2026<br><br>2025/04183<br><br>https://drive.google.com/file/d/1vmr23I4ID4_ePGQr37m8JKmjaFcw8r0w/view<br><br>PROROGA ORDINANZA 2025/03303 LAVORI DI REALIZZAZIONE DI UN SISTEMA BRT PER LA CITTÀ DI BARI - FINANZIATO DALLA UNIONE EUROPEA NEXT GENERATION EU - TRASPORTO RAPIDO DI MASSA - MISURA M2C2 - INV 4.2 DEL PNRR - CUP: J91B21002850001 REGOLAMENTAZIONE TEMPORANEA DELLA CIRCOLAZIONE STRADALE SU VIA DI MARATONA FINO AL 28/02/26 IMPRESA ESECUTRICE: R.T.I. COBAR S.P.A. - MER MEC STE S.R.L. <br><br>a) L’istituzione del divieto di transito a tutti i veicoli su: i) via di Maratona nel tratto stradale compreso tra via Verdi e l’accesso carrabile allo stadio della Vittoria per la carreggiata che percorre la direzione che va da via Verdi verso via Pietro Mascagni. b) L’istituzione del senso unico di marcia a tutti i veicoli su: i) via Giuseppe Verdi, nel tratto stradale compreso tra via Accett]]></description>
      <styleUrl>#icon-1541-E65100</styleUrl>
      <Point>
        <coordinates>
          16.838148,41.133605,0
        </coordinates>
      </Point>
    </Placemark>
    <Placemark>
      <name>VIA NISIO CIV. 6</name>
      <description><![CDATA[Ordinanza: 2025/04188<br><br>https://drive.google.com/file/d/1t8nrjqeGvnzTzjzyfdxMR-l4myTFx3js/view<br><br>ISTITUZIONE TEMPORANEA DEL RESTRINGIMENTO CARREGGIATA CON<br>SENSO UNICO ALTERNATO E DIVIETO DI SOSTA CON ZONA RIMOZIONE SU<br>VIA NISIO CIV. 6, PER ISTITUZIONE DI AREA DI CANTIERE EDILE PER<br>DEMOLIZIONE FABBRICATO ESISTENTE E REALIZZAZIONE FABBRICATO<br>PER CIVILE ABITAZIONE DAL 01/01/2026 AL 28/02/2026. PROROGA<br>ORDINANZA DIRIGENZIALE N. 2025/185/01093 DEL 29/07/2025.<br>ISTANTE: OSTUNI MICHELE<br>SOCIETÀ: OSTUNI IMMOBILIARE S.R.L.<br><br>Durata e Tempistiche: 01/01/2026  - 28/02/2026]]></description>
      <styleUrl>#icon-1541-E65100</styleUrl>
      <Point>
        <coordinates>
          16.7686219,41.1529946,0
        </coordinates>
      </Point>
    </Placemark>
    <Placemark>
      <name>CORSO ITALIA 10 - 60</name>
      <description><![CDATA[Ordinanza: 2025/04230<br><br>https://drive.google.com/file/d/1mBuxxTW844esoCsRviYirnQx0RFUwaOL/view<br><br>OGGETTO: PROROGA ORDINANZA N. 2025/01373 DEL 25.9.2025 DI AUTORIZZAZIONE<br>TEMPORANEA AL TRANSITO DEI MEZZI SUPERIORI AI 35 Q.LI, IN DEROGA<br>ALL’ORDINANZA SINDACALE N. 2322 DEL 20.3.1991<br>ISTITUZIONE TEMPORANEA DEL RESTRINGIMENTO DI CARREGGIATA IN<br>CORSO ITALIA DAL CIV. 10 AL CIV. 60 PER UN TRATTO DI METRI LINEARI<br>160- DIVIETO DI FERMATA IN CORSO ITALIA DAL CIV. 10 AL CIV. 60-<br>SPOSTAMENTO ISOLA ECOLOGICA DAI CIV. 48/50 NELLE IMMEDIATE<br>VICINANZE, PER LAVORI DI RIFACIMENTO DELLA PENSILINA A SERVIZIO<br>DEL FABBRICATO SEDE DELLE FERROVIE APPULO LUCANE, PER IL<br>PERIODO DAL 01/01/2026 AL 31/03/2026<br>RICHIEDENTE:SIG. NATILE MASSIMILIANO<br><br>Durata e Tempistiche: 01/01/2026 AL 31/03/2026]]></description>
      <styleUrl>#line-E65100-4875</styleUrl>
      <LineString>
        <tessellate>1</tessellate>
        <coordinates>
          16.8669305,41.1185288,0
          16.868969,41.11864,0
        </coordinates>
      </LineString>
    </Placemark>
    <Placemark>
      <name>via Calefati</name>
      <description><![CDATA[2025/04211 <br><br>https://drive.google.com/file/d/1m38jHFLjniCSOO6rBxUtsUEJ4RGkjQ2A/view<br><br>AUTORIZZAZIONE TEMPORANEA AL TRANSITO DEI MEZZI SUPERIORI AI 35 Q.LI, IN DEROGA ALL’ORDINANZA SINDACALE N. 2322 DEL 20.3.1991, RESTRINGIMENTO DI CARREGGIATA, DIVIETO DI SOSTA AMBO I LATI PER LA REALIZZAZIONE DI UN’AREA DI CANTIERE DELIMITATA DA RECINZIONE METALLICA, IN VIA CALEFATI DAL CIV 393 AL 397 DAL 07/01/2026 AL 28/02/2026. RICHIEDENTE : SIG. CACCAVALE SAVERIO<br><br>1. in deroga all’Ordinanza Sindacale n. 2322 del 20.3.1991, E’ CONSENTITO IL TRANSITO all’ interno del perimetro individuato dalla stessa: via B. Regina – via B. Bari – via Capruzzi – via Oberdan – via Di Vagno – lungomare Nazario Sauro – lungomare A. Di Crollalanza – p.zza IV Novembre – c.so V. Emanuele, ai veicoli al servizio del Sig. Caputo Vito ; 2. restringimento di carreggiata e divieto di sosta con rimozione forzata ambo i lati su via Calefati dal civ 393 al 397 ; 3. La realizzazione temporanea, di fianco alla recinzione di cantiere, di un corridoio pedonale di larghezza non inferiore a mt. 1,00 (art. 40 del Reg. D.P.R. 495/92) debitamente protetto da corrimano, che si raccordi con il marciapiede mediante idonei scivoli al fine di rendere fruibile, lo stesso, anche a persone con difficoltà motoria;<br><br>Durata e tempistiche: 07/01/2026 - 28/02/2026]]></description>
      <styleUrl>#line-E65100-4875</styleUrl>
      <LineString>
        <tessellate>1</tessellate>
        <coordinates>
          16.8584046,41.1234425,0
          16.8581431,41.1234324,0
        </coordinates>
      </LineString>
    </Placemark>
    <Placemark>
      <name>restringimento carreggiata</name>
      <description><![CDATA[2025/04211 <br><br>https://drive.google.com/file/d/1m38jHFLjniCSOO6rBxUtsUEJ4RGkjQ2A/view<br><br>AUTORIZZAZIONE TEMPORANEA AL TRANSITO DEI MEZZI SUPERIORI AI 35 Q.LI, IN DEROGA ALL’ORDINANZA SINDACALE N. 2322 DEL 20.3.1991, RESTRINGIMENTO DI CARREGGIATA, DIVIETO DI SOSTA AMBO I LATI PER LA REALIZZAZIONE DI UN’AREA DI CANTIERE DELIMITATA DA RECINZIONE METALLICA, IN VIA CALEFATI DAL CIV 393 AL 397 DAL 07/01/2026 AL 28/02/2026. RICHIEDENTE : SIG. CACCAVALE SAVERIO<br><br>1. in deroga all’Ordinanza Sindacale n. 2322 del 20.3.1991, E’ CONSENTITO IL TRANSITO all’ interno del perimetro individuato dalla stessa: via B. Regina – via B. Bari – via Capruzzi – via Oberdan – via Di Vagno – lungomare Nazario Sauro – lungomare A. Di Crollalanza – p.zza IV Novembre – c.so V. Emanuele, ai veicoli al servizio del Sig. Caputo Vito ; 2. restringimento di carreggiata e divieto di sosta con rimozione forzata ambo i lati su via Calefati dal civ 393 al 397 ; 3. La realizzazione temporanea, di fianco alla recinzione di cantiere, di un corridoio pedonale di larghezza non inferiore a mt. 1,00 (art. 40 del Reg. D.P.R. 495/92) debitamente protetto da corrimano, che si raccordi con il marciapiede mediante idonei scivoli al fine di rendere fruibile, lo stesso, anche a persone con difficoltà motoria;<br>Durata e tempistiche: 07/01/2026 - 28/02/2026]]></description>
      <styleUrl>#icon-1541-E65100</styleUrl>
      <Point>
        <coordinates>
          16.8581619,41.1234688,0
        </coordinates>
      </Point>
    </Placemark>
    <Placemark>
      <name>RESTRINGIMENTO DI CARREGGIATA</name>
      <description><![CDATA[Ordinanza: 2025/04230<br><br>https://drive.google.com/file/d/1mBuxxTW844esoCsRviYirnQx0RFUwaOL/view<br><br>OGGETTO: PROROGA ORDINANZA N. 2025/01373 DEL 25.9.2025 DI AUTORIZZAZIONE<br>TEMPORANEA AL TRANSITO DEI MEZZI SUPERIORI AI 35 Q.LI, IN DEROGA<br>ALL’ORDINANZA SINDACALE N. 2322 DEL 20.3.1991<br>ISTITUZIONE TEMPORANEA DEL RESTRINGIMENTO DI CARREGGIATA IN<br>CORSO ITALIA DAL CIV. 10 AL CIV. 60 PER UN TRATTO DI METRI LINEARI<br>160- DIVIETO DI FERMATA IN CORSO ITALIA DAL CIV. 10 AL CIV. 60-<br>SPOSTAMENTO ISOLA ECOLOGICA DAI CIV. 48/50 NELLE IMMEDIATE<br>VICINANZE, PER LAVORI DI RIFACIMENTO DELLA PENSILINA A SERVIZIO<br>DEL FABBRICATO SEDE DELLE FERROVIE APPULO LUCANE, PER IL<br>PERIODO DAL 01/01/2026 AL 31/03/2026<br>RICHIEDENTE:SIG. NATILE MASSIMILIANO<br><br>Durata e Tempistiche: 01/01/2026 AL 31/03/2026]]></description>
      <styleUrl>#icon-1541-E65100</styleUrl>
      <Point>
        <coordinates>
          16.868843,41.1187088,0
        </coordinates>
      </Point>
    </Placemark>
    <Placemark>
      <name>CORSO DE TULLIO</name>
      <description><![CDATA[Ordinanza: 2025/04229<br><br>https://drive.google.com/file/d/1nerkXHFGYnlTF-T8w0X9eMF3LGLfB2xe/view<br><br>AUTORIZZAZIONE TEMPORANEA AL TRANSITO DEI MEZZI<br>SUPERIORI AI 35 Q.LI, IN DEROGA ALL’ORDINANZA SINDACALE N. 2322<br>DEL 20.3.1991 , RESTRINGIMENTO DI CARREGGIATA E DIVIETO DI SOSTA<br>CON RIMOZIONE FORZATA AD ESCLUSIONE DEI MEZZI AL SERVIZIO DEL<br>SIG. CORDASCO SILVIO SU CORSO DE TULLIO, LATO TERRA, TRATTO<br>PROSPICIENTE IL CASTELLO SVEVO PER POSIZIONAMENTO RECINZIONE<br>DI CANTIERE , DAL GIORNO 1.1.2026 AL GIORNO 30.6.2026<br>RICHIEDENTE : SIG. CORDASCO SILVIO<br><br>Durata e Tempistiche:  01/01/2026 - 30/06/2026]]></description>
      <styleUrl>#line-E65100-6231</styleUrl>
      <LineString>
        <tessellate>1</tessellate>
        <coordinates>
          16.8654718,41.128886,0
          16.8665366,41.1291527,0
          16.8670623,41.129389,0
        </coordinates>
      </LineString>
    </Placemark>
    <Placemark>
      <name>RESTRINGIMENTO DI CARREGGIATA E DIVIETO DI SOSTA</name>
      <description><![CDATA[Ordinanza: 2025/04229<br><br>https://drive.google.com/file/d/1nerkXHFGYnlTF-T8w0X9eMF3LGLfB2xe/view<br><br>AUTORIZZAZIONE TEMPORANEA AL TRANSITO DEI MEZZI<br>SUPERIORI AI 35 Q.LI, IN DEROGA ALL’ORDINANZA SINDACALE N. 2322<br>DEL 20.3.1991 , RESTRINGIMENTO DI CARREGGIATA E DIVIETO DI SOSTA<br>CON RIMOZIONE FORZATA AD ESCLUSIONE DEI MEZZI AL SERVIZIO DEL<br>SIG. CORDASCO SILVIO SU CORSO DE TULLIO, LATO TERRA, TRATTO<br>PROSPICIENTE IL CASTELLO SVEVO PER POSIZIONAMENTO RECINZIONE<br>DI CANTIERE , DAL GIORNO 1.1.2026 AL GIORNO 30.6.2026<br>RICHIEDENTE : SIG. CORDASCO SILVIO<br><br>Durata e Tempistiche: 01/01/2026 - 30/06/2026]]></description>
      <styleUrl>#icon-1541-E65100</styleUrl>
      <Point>
        <coordinates>
          16.8665044,41.1292678,0
        </coordinates>
      </Point>
    </Placemark>
    <Placemark>
      <name>variazioni alla viabilità</name>
      <description><![CDATA[proroga ordinanza 2025/04232<br><br>2026/00392 <br><br>https://drive.google.com/file/d/1zWkLkLPRJVFmnIeF1E082g1mdhiVTXMM/view<br><br>PROROGA DELL’ORDINANZA DIRIGENZIALE N. 2025/04232 PROGRAMMA COMPLESSIVO DI INTERVENTI PER LA “STAZIONE BARI CENTRALE: NUOVO HUB PER LA RICONNESSIONE URBANA E LA MOBILITÀ SOSTENIBILE, NUOVO PARCO URBANO E RINNOVAMENTO DELLE AREE ESTERNE” - PROGETTAZIONE ESECUTIVA ED ESECUZIONE DEI LAVORI DI RIQUALIFICAZIONE DI PIAZZA ALDO MORO REGOLAMENTAZIONE TEMPORANEA DELLA CIRCOLAZIONE SU PIAZZA ALDO MORO FINO AL 28.02.2026 RICHIEDENTE: RETE FERROVIARIA ITALIANA S.P.A. - GRUPPO FERROVIE DELLO STATO ITALIANE IMPRESA ESECUTRICE: MANELLI COSTRUZIONI GENERALI S.P.A. <br><br><br>Durata e tempistiche: 30/01/2026 - 28/02/2026<br><br>2025/04232 <br><br>https://drive.google.com/file/d/1KDk2chPeURlyXlz-gnNZxxltaISXSfb3/view<br><br>PROROGA DELL’ORDINANZA DIRIGENZIALE N. 2025/02918 PROGRAMMA COMPLESSIVO DI INTERVENTI PER LA “STAZIONE BARI CENTRALE: NUOVO HUB PER LA RICONNESSIONE URBANA E LA MOBILITÀ SOSTENIBILE, NUOVO PARCO URBANO E RINNOVAMENTO DELLE AREE ESTERNE” - PROGETTAZIONE ESECUTIVA ED ESECUZIONE DEI LAVORI DI RIQUALIFICAZIONE DI PIAZZA ALDO MORO REGOLAMENTAZIONE TEMPORANEA DELLA CIRCOLAZIONE SU PIAZZA ALDO MORO FINO AL 31.01.2026 RICHIEDENTE: RETE FERROVIARIA ITALIANA S.P.A. - GRUPPO FERROVIE DELLO STATO ITALIANE IMPRESA ESECUTRICE: MANELLI COSTRUZIONI GENERALI S.P.A. <br><br>a) L’istituzione del divieto di transito a tutti i veicoli, sui seguenti tratti stradali: <br>i) Piazza Aldo Moro, nel tratto stradale compreso tra il civ. 4 ed il civ. 20; <br>ii) Piazza Aldo Moro, nel tratto stradale compreso tra la rotatoria ed il civ. 26 <br>b) L’istituzione del divieto di fermata a tutti i veicoli, sui seguenti tratti stradali:<br> i) Piazza Aldo Moro su ambo i lati, nel tratto stradale compreso tra il civ. 4 ed il civ. 20;<br> ii) Piazza Aldo Moro su ambo i lati, nel tratto stradale compreso tra la rotatoria ed il civ. 26; <br>iii) Piazza Aldo Moro nell’area compresa tra la rotatoria ed i giardini a nord di essa, in prossimità dei chioschi tabacchi ed edicola; <br>iv) Piazza Aldo Moro, nel tratto stradale compreso tra il civ. 26 ed il civ. 22, sul lato ovest; <br>c) L’istituzione del divieto di fermata agli autobus su tutti i lati dei giardini a nord della rotatoria; <br>d) L’istituzione di una fermata bus temporanea, sul seguente tratto stradale:<br> i) via Raffale de Cesare, sul lato est, nel tratto stradale compreso tra il civ 16 ed il civ 18;<br> e) Inibizione degli attraversamenti pedonali esistenti sui seguenti tratti stradali:<br> i) Piazza Aldo Moro nel tratto compreso tra via Sparano ed i giardini a nord della rotatoria <br>ii) Piazza Aldo Moro nel tratto compreso tra i giardini a nord della rotatoria e la rotatoria <br>f) L’istituzione del restringimento di carreggiata sui seguenti tratti stradali: <br>i) Rotatoria di Piazza Aldo Moro, nell’arco di nord-est;	<br> ii) Piazza Aldo Moro, nel tratto stradale compreso tra il civ. 61 ed il civ. 53, sul lato ovest <br>g) L’obbligo di proseguire diritto su Piazza Aldo Moro verso via Niccolò dell’Arca a tutti i veicoli della corrente di traffico presente su Piazza Aldo Moro in corrispondenza del civ.22; <br>h) L’istituzione del limite massimo di velocità pari a trenta chilometri orari a tutti i veicoli in avvicinamento alle aree interessate dai lavori. <br>2) Dai divieti di cui al punto 1) sono esclusi: i) i veicoli al servizio, ovvero di proprietà dell’impresa esecutrice dei lavori e sue subappaltatrici; ii) i veicoli delle forze dell’ordine, dei vigili del fuoco e delle ambulanze durante l’espletamento di servizi d’istituto e di soccorso pubblico e d’emergenza; iii) i veicoli al servizio di persone con limitate o impedite capacità motorie; iv) i veicoli al servizio del cantiere edile di Piazza Aldo Moro civ. 4 (Hotel Leon D’Oro).<br><br>2025/02918 <br>https://drive.google.com/drive/folders/1d9h0YP713Vdz3GKpkEshHU8pOs59ivbh?hl=it<br><br>Durata e tempistiche: 30/12/2025 - 31/01/2026]]></description>
      <styleUrl>#icon-1541-E65100</styleUrl>
      <Point>
        <coordinates>
          16.8699114,41.118829,0
        </coordinates>
      </Point>
    </Placemark>
    <Placemark>
      <name>piazza aldo moro</name>
      <description><![CDATA[proroga ordinanza 2025/04232<br><br>2026/00392 <br><br>https://drive.google.com/file/d/1zWkLkLPRJVFmnIeF1E082g1mdhiVTXMM/view<br><br>PROROGA DELL’ORDINANZA DIRIGENZIALE N. 2025/04232 PROGRAMMA COMPLESSIVO DI INTERVENTI PER LA “STAZIONE BARI CENTRALE: NUOVO HUB PER LA RICONNESSIONE URBANA E LA MOBILITÀ SOSTENIBILE, NUOVO PARCO URBANO E RINNOVAMENTO DELLE AREE ESTERNE” - PROGETTAZIONE ESECUTIVA ED ESECUZIONE DEI LAVORI DI RIQUALIFICAZIONE DI PIAZZA ALDO MORO REGOLAMENTAZIONE TEMPORANEA DELLA CIRCOLAZIONE SU PIAZZA ALDO MORO FINO AL 28.02.2026 RICHIEDENTE: RETE FERROVIARIA ITALIANA S.P.A. - GRUPPO FERROVIE DELLO STATO ITALIANE IMPRESA ESECUTRICE: MANELLI COSTRUZIONI GENERALI S.P.A. <br><br><br>Durata e tempistiche: 30/01/2026 - 28/02/2026<br><br>2025/04232 <br><br>https://drive.google.com/file/d/1KDk2chPeURlyXlz-gnNZxxltaISXSfb3/view<br><br>PROROGA DELL’ORDINANZA DIRIGENZIALE N. 2025/02918 PROGRAMMA COMPLESSIVO DI INTERVENTI PER LA “STAZIONE BARI CENTRALE: NUOVO HUB PER LA RICONNESSIONE URBANA E LA MOBILITÀ SOSTENIBILE, NUOVO PARCO URBANO E RINNOVAMENTO DELLE AREE ESTERNE” - PROGETTAZIONE ESECUTIVA ED ESECUZIONE DEI LAVORI DI RIQUALIFICAZIONE DI PIAZZA ALDO MORO REGOLAMENTAZIONE TEMPORANEA DELLA CIRCOLAZIONE SU PIAZZA ALDO MORO FINO AL 31.01.2026 RICHIEDENTE: RETE FERROVIARIA ITALIANA S.P.A. - GRUPPO FERROVIE DELLO STATO ITALIANE IMPRESA ESECUTRICE: MANELLI COSTRUZIONI GENERALI S.P.A. <br><br>a) L’istituzione del divieto di transito a tutti i veicoli, sui seguenti tratti stradali: <br>i) Piazza Aldo Moro, nel tratto stradale compreso tra il civ. 4 ed il civ. 20; <br>ii) Piazza Aldo Moro, nel tratto stradale compreso tra la rotatoria ed il civ. 26 <br>b) L’istituzione del divieto di fermata a tutti i veicoli, sui seguenti tratti stradali:<br> i) Piazza Aldo Moro su ambo i lati, nel tratto stradale compreso tra il civ. 4 ed il civ. 20;<br> ii) Piazza Aldo Moro su ambo i lati, nel tratto stradale compreso tra la rotatoria ed il civ. 26; <br>iii) Piazza Aldo Moro nell’area compresa tra la rotatoria ed i giardini a nord di essa, in prossimità dei chioschi tabacchi ed edicola; <br>iv) Piazza Aldo Moro, nel tratto stradale compreso tra il civ. 26 ed il civ. 22, sul lato ovest; <br>c) L’istituzione del divieto di fermata agli autobus su tutti i lati dei giardini a nord della rotatoria; <br>d) L’istituzione di una fermata bus temporanea, sul seguente tratto stradale:<br> i) via Raffale de Cesare, sul lato est, nel tratto stradale compreso tra il civ 16 ed il civ 18;<br> e) Inibizione degli attraversamenti pedonali esistenti sui seguenti tratti stradali:<br> i) Piazza Aldo Moro nel tratto compreso tra via Sparano ed i giardini a nord della rotatoria <br>ii) Piazza Aldo Moro nel tratto compreso tra i giardini a nord della rotatoria e la rotatoria <br>f) L’istituzione del restringimento di carreggiata sui seguenti tratti stradali: <br>i) Rotatoria di Piazza Aldo Moro, nell’arco di nord-est;	<br> ii) Piazza Aldo Moro, nel tratto stradale compreso tra il civ. 61 ed il civ. 53, sul lato ovest <br>g) L’obbligo di proseguire diritto su Piazza Aldo Moro verso via Niccolò dell’Arca a tutti i veicoli della corrente di traffico presente su Piazza Aldo Moro in corrispondenza del civ.22; <br>h) L’istituzione del limite massimo di velocità pari a trenta chilometri orari a tutti i veicoli in avvicinamento alle aree interessate dai lavori. <br>2) Dai divieti di cui al punto 1) sono esclusi: i) i veicoli al servizio, ovvero di proprietà dell’impresa esecutrice dei lavori e sue subappaltatrici; ii) i veicoli delle forze dell’ordine, dei vigili del fuoco e delle ambulanze durante l’espletamento di servizi d’istituto e di soccorso pubblico e d’emergenza; iii) i veicoli al servizio di persone con limitate o impedite capacità motorie; iv) i veicoli al servizio del cantiere edile di Piazza Aldo Moro civ. 4 (Hotel Leon D’Oro).<br><br>2025/02918 <br>https://drive.google.com/drive/folders/1d9h0YP713Vdz3GKpkEshHU8pOs59ivbh?hl=it<br><br><br>Durata e tempistiche: 30/12/2025 - 31/01/2026]]></description>
      <styleUrl>#line-E65100-5456</styleUrl>
      <LineString>
        <tessellate>1</tessellate>
        <coordinates>
          16.8691925,41.1194741,0
          16.8692167,41.1190841,0
          16.8708769,41.119175,0
          16.8709521,41.1187446,0
          16.8704102,41.1187285,0
          16.8702144,41.1186578,0
        </coordinates>
      </LineString>
    </Placemark>
    <Placemark>
      <name>VIA NAZARIO
SAURO CIV. 64</name>
      <description><![CDATA[PROROGA: 2026/00288<br>Durata e tempistiche: 26/01/2026 - 01/02/2026.<br><br>https://drive.google.com/file/d/1LjFmS6B0RQXN16QCfxUYz4528bbd75Ty/view<br>----------------<br>Ordinanza: 2026/00006<br><br>https://drive.google.com/file/d/1P7jvkCZBoDXiR-PftZFgOUdmRW-q5L4m/view<br><br>ISTITUZIONE TEMPORANEA DEL DIVIETO DI TRANSITO SU VIA NAZARIO<br>SAURO CIV. 64 ALL’INTERSEZIONE CON VIA DELLA CROCE CIV. 31/A, SINO<br>AD ANGOLO CON LA VIA SPERANZA, PER POSIZIONAMENTO PONTEGGIO<br>PER MANUTENZIONE STRAORDINARIA DEL PROSPETTO ALL’EDIFICIO IVI<br>UBICATO DAL GIORNO 12/01/2026 AL GIORNO 25/01/2026.<br>IMPRESA: ROMANO COSTRUZIONI S.R.L.<br>ISTANTE: ROMANO BARTOLOMEO (LEGALE RAPPRESENTANTE DELLA<br>“ROMANO COSTRUZIONI S.R.L.”)<br><br>Durata e tempistiche: 12/01/2026 - 25/01/2026]]></description>
      <styleUrl>#line-E65100-4875</styleUrl>
      <LineString>
        <tessellate>1</tessellate>
        <coordinates>
          16.868061,41.0744831,0
          16.8682676,41.0743941,0
        </coordinates>
      </LineString>
    </Placemark>
    <Placemark>
      <name>Via Napoli carbonara</name>
      <description><![CDATA[2026/00001<br><br>https://drive.google.com/file/d/13Zrr1F5dk_AYQpe275CEES2WOidY8d40/view<br><br>ISTITUZIONE TEMPORANEA DEL RESTRINGIMENTO CARREGGIATA SULLA VIA NAPOLI CIVV. 17 -21 ANGOLO VIA MONTEGRAPPA IN CARBONARA (BA) PER POSIZIONAMENTO DI PONTEGGIO FISSO, PER SVOLGERE ATTIVITÀ DI LAVORI DI MANUTENZIONE STRAORDINARIA DEI PROSPETTI DEL FABBRICATO IVI PRESENTE DAL 01/01/2026 AL 02/05/2026. PROROGA ORDINANZA DIRIGENZIALE N. 02549 DEL 26/08/2025. ISTANTE: MANCINI CARLO (PROPRIETARIO DELL’APPARTAMENTO)<br><br>Durata e tempistiche: 01/01/2026 - 02/05/2026]]></description>
      <styleUrl>#line-E65100-4875</styleUrl>
      <LineString>
        <tessellate>1</tessellate>
        <coordinates>
          16.8720363,41.0726802,0
          16.8723314,41.0725407,0
        </coordinates>
      </LineString>
    </Placemark>
    <Placemark>
      <name>DIVIETO DI TRANSITO</name>
      <description><![CDATA[Ordinanza: 2026/00006<br><br>https://drive.google.com/file/d/1P7jvkCZBoDXiR-PftZFgOUdmRW-q5L4m/view<br><br>ISTITUZIONE TEMPORANEA DEL DIVIETO DI TRANSITO SU VIA NAZARIO<br>SAURO CIV. 64 ALL’INTERSEZIONE CON VIA DELLA CROCE CIV. 31/A, SINO<br>AD ANGOLO CON LA VIA SPERANZA, PER POSIZIONAMENTO PONTEGGIO<br>PER MANUTENZIONE STRAORDINARIA DEL PROSPETTO ALL’EDIFICIO IVI<br>UBICATO DAL GIORNO 12/01/2026 AL GIORNO 25/01/2026.<br>IMPRESA: ROMANO COSTRUZIONI S.R.L.<br>ISTANTE: ROMANO BARTOLOMEO (LEGALE RAPPRESENTANTE DELLA<br>“ROMANO COSTRUZIONI S.R.L.”)<br><br>Durata e tempistiche: 12/01/2026 - 25/01/2026]]></description>
      <styleUrl>#icon-1541-E65100</styleUrl>
      <Point>
        <coordinates>
          16.8681013,41.0745113,0
        </coordinates>
      </Point>
    </Placemark>
    <Placemark>
      <name>Sottovia Giuseppe Filippo</name>
      <description><![CDATA[2026/00002<br><br>https://drive.google.com/file/d/1mDyeuYbWh0-FzPH3KiDvb8yMvKuTNRKW/view<br><br>LAVORI DI REALIZZAZIONE DI UN SISTEMA BRT PER LA CITTÀ DI BARI - FINANZIATO DALLA UNIONE EUROPEA NEXT GENERATION EU - TRASPORTO RAPIDO DI MASSA - MISURA M2C2 - INV 4.2 DEL PNRR - CUP: J91B21002850001 REGOLAMENTAZIONE TEMPORANEA DELLA CIRCOLAZIONE STRADALE SUL SOTTOVIA GIUSEPPE FILIPPO DAL GIORNO 07.01.2026 AL GIORNO 07.02.2026 IMPRESA ESECUTRICE: R.T.I. COBAR S.P.A. - MER MEC STE S.R.L. <br><br>Istituzione temporanea del divieto di transito su Sottovia Giuseppe Filippo:<br> - Nella carreggiata stradale che segue la corrente di traffico che va da Viale Pasteur verso via Brigata Bari (FASE 1)<br> - Nella carreggiata stradale che segue la corrente di traffico che va da via Brigata Bari verso viale Pasteur (FASE 2) 2) <br>Dai divieti di cui al punto 1) sono esclusi: i) i veicoli al servizio, ovvero di proprietà dell’impresa esecutrice dei lavori e sue subappaltatrici; ii) i veicoli delle forze dell’ordine, dei vigili del fuoco e delle ambulanze durante l’espletamento di servizi d’istituto e di soccorso pubblico e d’emergenza<br><br>Durata e tempistiche: 07/01/2026 - 07/02/2026]]></description>
      <styleUrl>#line-E65100-4100</styleUrl>
      <LineString>
        <tessellate>1</tessellate>
        <coordinates>
          16.852994,41.11262,0
          16.8526595,41.1154948,0
          16.8525522,41.1164587,0
          16.8524101,41.1171012,0
          16.8522625,41.1188976,0
          16.8522143,41.1195119,0
        </coordinates>
      </LineString>
    </Placemark>
    <Placemark>
      <name>RESTRINGIMENTO CARREGGIATA</name>
      <description><![CDATA[2026/00001<br><br>https://drive.google.com/file/d/13Zrr1F5dk_AYQpe275CEES2WOidY8d40/view<br><br>ISTITUZIONE TEMPORANEA DEL RESTRINGIMENTO CARREGGIATA SULLA VIA NAPOLI CIVV. 17 -21 ANGOLO VIA MONTEGRAPPA IN CARBONARA (BA) PER POSIZIONAMENTO DI PONTEGGIO FISSO, PER SVOLGERE ATTIVITÀ DI LAVORI DI MANUTENZIONE STRAORDINARIA DEI PROSPETTI DEL FABBRICATO IVI PRESENTE DAL 01/01/2026 AL 02/05/2026. PROROGA ORDINANZA DIRIGENZIALE N. 02549 DEL 26/08/2025. ISTANTE: MANCINI CARLO (PROPRIETARIO DELL’APPARTAMENTO)<br><br>Durata e tempistiche: 01/01/2026 - 02/05/2026]]></description>
      <styleUrl>#icon-1541-E65100</styleUrl>
      <Point>
        <coordinates>
          16.8720149,41.0725513,0
        </coordinates>
      </Point>
    </Placemark>
    <Placemark>
      <name>BRT: CORSO VITTORIO VENETO</name>
      <description><![CDATA[https://albo.comune.bari.it/AlboPretorio/BA_PubblicIntranet.nsf/63e823169cf6eba8c1256fdc003ae470/3028b9147f60d162c1258d960047981d/$FILE/Atto20260206113757.pdf<br><br>2026/00618<br>PROROGA ORDINANZA N. 2026/00003 DEL N31.12.2025<br>LAVORI DI REALIZZAZIONE DI UN SISTEMA BRT PER LA CITTÀ DI BARI -<br>FINANZIATO DALLA UNIONE EUROPEA NEXT GENERATION EU -<br>TRASPORTO RAPIDO DI MASSA - MISURA M2C2 - INV 4.2 DEL PNRR - CUP:<br>J91B21002850001<br>REGOLAMENTAZIONE TEMPORANEA DELLA CIRCOLAZIONE STRADALE SU<br>CORSO VITTORIO VENETO NEL TRATTO STRADALE COMPRESO TRA VIA<br>EMANUELE ORLANDO E VIA BRIGATA REGINA - CARREGGIATA NORD (LATO<br>MARE) DAL GIORNO 08.02.2026 AL GIORNO 07.04.2026<br>IMPRESA ESECUTRICE: R.T.I. COBAR S.P.A. - MER MEC STE S.R.L.Dal giorno 08.02.2026 al giorno 07.04.2026 sono istituiti i seguenti provvedimenti temporanei di circolazione:<br>1) Istituzione del restringimento di carreggiata su Corso Vittorio Veneto nel tratto stradale compreso tra via Emanuele<br>Orlando e via Brigata Regina - carreggiata Nord (lato mare)<br>2) Istituzione della luce gialla lampeggiante per i semafori a monte e a valle del tratto interessato dai lavori durante<br>l'esecuzione degli stessi<br>Dagli obblighi e divieti di cui al punto 1) sono esclusi:<br>i) i veicoli al servizio, ovvero di proprietà dell’impresa esecutrice dei lavori e sue subappaltatrici;<br>ii) i veicoli delle forze dell’ordine, dei vigili del fuoco e delle ambulanze durante l’espletamento di servizi<br>d’istituto e di soccorso pubblico e d’emergenza;<br>iii) i veicoli al servizio di persone con limitate o impedite capacità motorie;<br>iv) i veicoli diretti agli accessi carrabili privati. <br><br>Ordinanza: 2026/00003<br><br>https://drive.google.com/file/d/1OVUH4RceHw156mTI2zW_wRaABZhxVnCG/view<br><br>LAVORI DI REALIZZAZIONE DI UN SISTEMA BRT PER LA CITTÀ DI BARI -<br>FINANZIATO DALLA UNIONE EUROPEA NEXT GENERATION EU -<br>TRASPORTO RAPIDO DI MASSA - MISURA M2C2 - INV 4.2 DEL PNRR - CUP:<br>J91B21002850001<br>REGOLAMENTAZIONE TEMPORANEA DELLA CIRCOLAZIONE STRADALE SU<br>CORSO VITTORIO VENETO NEL TRATTO STRADALE COMPRESO TRA VIA<br>EMANUELE ORLANDO E VIA BRIGATA REGINA - CARREGGIATA NORD (LATO<br>MARE) <br><br>Nello specifico: <br>1) Istituzione del restringimento di carreggiata su Corso Vittorio Veneto nel tratto stradale compreso tra via Emanuele<br>Orlando e via Brigata Regina - carreggiata Nord (lato mare)<br>2) Istituzione della luce gialla lampeggiante per i semafori a monte e a valle del tratto interessato dai lavori durante<br>l'esecuzione degli stessi<br><br>Dagli obblighi e divieti di cui al punto 1) sono esclusi:<br>i) i veicoli al servizio, ovvero di proprietà dell’impresa esecutrice dei lavori e sue subappaltatrici;<br>ii) i veicoli delle forze dell’ordine, dei vigili del fuoco e delle ambulanze durante l’espletamento di servizi<br>d’istituto e di soccorso pubblico e d’emergenza;<br>iii) i veicoli al servizio di persone con limitate o impedite capacità motorie;<br>iv) i veicoli diretti agli accessi carrabili privati.<br>IMPRESA ESECUTRICE: R.T.I. COBAR S.P.A. - MER MEC STE S.R.L.<br><br>Durata e Tempistiche : 07/01/2026 - 07/02/2026]]></description>
      <styleUrl>#line-E65100-5069</styleUrl>
      <LineString>
        <tessellate>1</tessellate>
        <coordinates>
          16.844435,41.134035,0
          16.8446454,41.1335619,0
          16.8450316,41.1331376,0
          16.845906,41.1325558,0
          16.8466302,41.1321639,0
          16.8470701,41.131877,0
          16.8476495,41.1315457,0
          16.8495002,41.1304911,0
          16.851323,41.129459,0
        </coordinates>
      </LineString>
    </Placemark>
    <Placemark>
      <name>RESTRINGIMENTO DI CARREGGIATA</name>
      <description><![CDATA[https://albo.comune.bari.it/AlboPretorio/BA_PubblicIntranet.nsf/63e823169cf6eba8c1256fdc003ae470/3028b9147f60d162c1258d960047981d/$FILE/Atto20260206113757.pdf<br><br>2026/00618<br>PROROGA ORDINANZA N. 2026/00003 DEL N31.12.2025<br>LAVORI DI REALIZZAZIONE DI UN SISTEMA BRT PER LA CITTÀ DI BARI -<br>FINANZIATO DALLA UNIONE EUROPEA NEXT GENERATION EU -<br>TRASPORTO RAPIDO DI MASSA - MISURA M2C2 - INV 4.2 DEL PNRR - CUP:<br>J91B21002850001<br>REGOLAMENTAZIONE TEMPORANEA DELLA CIRCOLAZIONE STRADALE SU<br>CORSO VITTORIO VENETO NEL TRATTO STRADALE COMPRESO TRA VIA<br>EMANUELE ORLANDO E VIA BRIGATA REGINA - CARREGGIATA NORD (LATO<br>MARE) DAL GIORNO 08.02.2026 AL GIORNO 07.04.2026<br>IMPRESA ESECUTRICE: R.T.I. COBAR S.P.A. - MER MEC STE S.R.L.Dal giorno 08.02.2026 al giorno 07.04.2026 sono istituiti i seguenti provvedimenti temporanei di circolazione:<br>1) Istituzione del restringimento di carreggiata su Corso Vittorio Veneto nel tratto stradale compreso tra via Emanuele<br>Orlando e via Brigata Regina - carreggiata Nord (lato mare)<br>2) Istituzione della luce gialla lampeggiante per i semafori a monte e a valle del tratto interessato dai lavori durante<br>l'esecuzione degli stessi<br>Dagli obblighi e divieti di cui al punto 1) sono esclusi:<br>i) i veicoli al servizio, ovvero di proprietà dell’impresa esecutrice dei lavori e sue subappaltatrici;<br>ii) i veicoli delle forze dell’ordine, dei vigili del fuoco e delle ambulanze durante l’espletamento di servizi<br>d’istituto e di soccorso pubblico e d’emergenza;<br>iii) i veicoli al servizio di persone con limitate o impedite capacità motorie;<br>iv) i veicoli diretti agli accessi carrabili privati. <br><br>aggiornamento 14/01/2026<br>Proseguono, inoltre, gli interventi sul lungomare Vittorio Veneto, nel tratto stradale compreso tra via Emanuele Orlando e via Brigata Regina: conclusa la potatura dei cespugli di oleandro, l’impresa incaricata sta procedendo con la scarifica del manto stradale e con le lavorazioni analoghe a quelle effettuate sul sottovia.<br><br>Ordinanza: 2026/00003<br><br>https://drive.google.com/file/d/1OVUH4RceHw156mTI2zW_wRaABZhxVnCG/view<br><br>LAVORI DI REALIZZAZIONE DI UN SISTEMA BRT PER LA CITTÀ DI BARI -<br>FINANZIATO DALLA UNIONE EUROPEA NEXT GENERATION EU -<br>TRASPORTO RAPIDO DI MASSA - MISURA M2C2 - INV 4.2 DEL PNRR - CUP:<br>J91B21002850001<br>REGOLAMENTAZIONE TEMPORANEA DELLA CIRCOLAZIONE STRADALE SU<br>CORSO VITTORIO VENETO NEL TRATTO STRADALE COMPRESO TRA VIA<br>EMANUELE ORLANDO E VIA BRIGATA REGINA - CARREGGIATA NORD (LATO<br>MARE) <br><br>Nello specifico: <br>1) Istituzione del restringimento di carreggiata su Corso Vittorio Veneto nel tratto stradale compreso tra via Emanuele<br>Orlando e via Brigata Regina - carreggiata Nord (lato mare)<br>2) Istituzione della luce gialla lampeggiante per i semafori a monte e a valle del tratto interessato dai lavori durante<br>l'esecuzione degli stessi<br><br>Dagli obblighi e divieti di cui al punto 1) sono esclusi:<br>i) i veicoli al servizio, ovvero di proprietà dell’impresa esecutrice dei lavori e sue subappaltatrici;<br>ii) i veicoli delle forze dell’ordine, dei vigili del fuoco e delle ambulanze durante l’espletamento di servizi<br>d’istituto e di soccorso pubblico e d’emergenza;<br>iii) i veicoli al servizio di persone con limitate o impedite capacità motorie;<br>iv) i veicoli diretti agli accessi carrabili privati.<br>IMPRESA ESECUTRICE: R.T.I. COBAR S.P.A. - MER MEC STE S.R.L.<br><br>Durata e Tempistiche : 07/01/2026 - 07/02/2026]]></description>
      <styleUrl>#icon-1541-E65100</styleUrl>
      <Point>
        <coordinates>
          16.8447205,41.1339174,0
        </coordinates>
      </Point>
    </Placemark>
    <Placemark>
      <name>divieto di transito</name>
      <description><![CDATA[2026/00002<br><br>https://drive.google.com/file/d/1mDyeuYbWh0-FzPH3KiDvb8yMvKuTNRKW/view<br><br>LAVORI DI REALIZZAZIONE DI UN SISTEMA BRT PER LA CITTÀ DI BARI - FINANZIATO DALLA UNIONE EUROPEA NEXT GENERATION EU - TRASPORTO RAPIDO DI MASSA - MISURA M2C2 - INV 4.2 DEL PNRR - CUP: J91B21002850001 REGOLAMENTAZIONE TEMPORANEA DELLA CIRCOLAZIONE STRADALE SUL SOTTOVIA GIUSEPPE FILIPPO DAL GIORNO 07.01.2026 AL GIORNO 07.02.2026 IMPRESA ESECUTRICE: R.T.I. COBAR S.P.A. - MER MEC STE S.R.L. <br><br>Istituzione temporanea del divieto di transito su Sottovia Giuseppe Filippo:<br> - Nella carreggiata stradale che segue la corrente di traffico che va da Viale Pasteur verso via Brigata Bari (FASE 1)<br> - Nella carreggiata stradale che segue la corrente di traffico che va da via Brigata Bari verso viale Pasteur (FASE 2) 2) <br>Dai divieti di cui al punto 1) sono esclusi: i) i veicoli al servizio, ovvero di proprietà dell’impresa esecutrice dei lavori e sue subappaltatrici; ii) i veicoli delle forze dell’ordine, dei vigili del fuoco e delle ambulanze durante l’espletamento di servizi d’istituto e di soccorso pubblico e d’emergenza<br><br>Durata e tempistiche: 07/01/2026 - 07/02/2026]]></description>
      <styleUrl>#icon-1541-E65100</styleUrl>
      <Point>
        <coordinates>
          16.852968,41.1153639,0
        </coordinates>
      </Point>
    </Placemark>
    <Placemark>
      <name>divieto di transito/sosta /fermata</name>
      <description><![CDATA[2026/00013 <br><br>https://drive.google.com/file/d/1BHCkeBmq1WIOEc087GQzazLeqzIcwtc7/view<br><br>P1557 LOTTO 1. ORDINANZA PER ISTITUIRE TEMPORANEAMENTE UN DIVIETO DI SOSTA, DI FERMATA AMBO I LATI CON CHIUSURA STRADA SU STRADELLA ACQUEDOTTO, PER INTERVENTI MIRATI A CONSEGUIRE LA DISTRETTUALIZZAZIONE, IL CONTROLLO DELLE PRESSIONI ED IL MONITORAGGIO DELLE GRANDEZZE IDRAULICHE NELLE RETI IDRICHE E SOSTITUZIONE DEI TRONCHI VETUSTI ED AMMALORATI DALL’ESECUTIVITÀ DELL’ATTO SINO AL 09/03/2026 E COMUNQUE FINO A FINE LAVORI. SOCIETÀ: ACCIONA AGUA S.A. <br><br><br>1. L’istituzione temporanea del divieto di sosta e di fermata ambo i lati, con chiusura strada su Stradella Acquedotto, per interventi mirati a conseguire la distrettualizzazione, il controllo delle pressioni ed il monitoraggio delle grandezze idrauliche nelle reti idriche e sostituzione dei tronchi vetusti ed ammalorati; <br>2. Per tutte le strade interessate, la circolazione stradale dovrà essere altresì regolamentata con movieri dotati di idoneo equipaggiamento al fine di permettere il transito veicolare e pedonale durante l’esecuzione dei lavori;<br>3. Sarà cura dell’impresa esecutrice dei lavori apporre idonea segnaletica di cantiere; 4. Sarà cura, altresì, dell’impresa esecutrice dei lavori, al termine degli stessi, il ripristino dello stato dei luoghi; <br>5. Dovrà essere garantito l’accesso/uscita in zona ai residenti e mezzi di soccorso e/o polizia, compatibilmente con l’esecuzione dei lavori in particolare nei tratti liberi e transitabili delle strade in narrativa; <br>6. Il cantiere sarà dinamico, ben delimitato con apposite recinzioni a protezione delle aree di lavoro, il tutto eseguito a perfetta regola d’arte; <br>7. I lavori saranno svolti nei giorni dal lunedì al venerdì, dalle ore 00.00 alle ore 24.00 e salvo urgenze e necessità anche nei giorni di sabato e domenica; <br>8. Tutti i provvedimenti in contrasto con la presente sono momentaneamente e provvisoriamente sospesi e divengono nuovamente efficaci all’esaurimento dei termini previsti dal presente disposto; <br><br>Durata e tempistiche: 08/01/2026 - 09/03/2026 dal lunedì al venerdì, dalle ore 00.00 alle ore 24.00]]></description>
      <styleUrl>#icon-1541-FF5252</styleUrl>
      <Point>
        <coordinates>
          16.8662397,41.0843585,0
        </coordinates>
      </Point>
    </Placemark>
    <Placemark>
      <name>Stradella Acquedotto</name>
      <description><![CDATA[2026/00013 <br><br>https://drive.google.com/file/d/1BHCkeBmq1WIOEc087GQzazLeqzIcwtc7/view<br><br>P1557 LOTTO 1. ORDINANZA PER ISTITUIRE TEMPORANEAMENTE UN DIVIETO DI SOSTA, DI FERMATA AMBO I LATI CON CHIUSURA STRADA SU STRADELLA ACQUEDOTTO, PER INTERVENTI MIRATI A CONSEGUIRE LA DISTRETTUALIZZAZIONE, IL CONTROLLO DELLE PRESSIONI ED IL MONITORAGGIO DELLE GRANDEZZE IDRAULICHE NELLE RETI IDRICHE E SOSTITUZIONE DEI TRONCHI VETUSTI ED AMMALORATI DALL’ESECUTIVITÀ DELL’ATTO SINO AL 09/03/2026 E COMUNQUE FINO A FINE LAVORI. SOCIETÀ: ACCIONA AGUA S.A. <br><br><br>1. L’istituzione temporanea del divieto di sosta e di fermata ambo i lati, con chiusura strada su Stradella Acquedotto, per interventi mirati a conseguire la distrettualizzazione, il controllo delle pressioni ed il monitoraggio delle grandezze idrauliche nelle reti idriche e sostituzione dei tronchi vetusti ed ammalorati; <br>2. Per tutte le strade interessate, la circolazione stradale dovrà essere altresì regolamentata con movieri dotati di idoneo equipaggiamento al fine di permettere il transito veicolare e pedonale durante l’esecuzione dei lavori;<br>3. Sarà cura dell’impresa esecutrice dei lavori apporre idonea segnaletica di cantiere; 4. Sarà cura, altresì, dell’impresa esecutrice dei lavori, al termine degli stessi, il ripristino dello stato dei luoghi; <br>5. Dovrà essere garantito l’accesso/uscita in zona ai residenti e mezzi di soccorso e/o polizia, compatibilmente con l’esecuzione dei lavori in particolare nei tratti liberi e transitabili delle strade in narrativa; <br>6. Il cantiere sarà dinamico, ben delimitato con apposite recinzioni a protezione delle aree di lavoro, il tutto eseguito a perfetta regola d’arte; <br>7. I lavori saranno svolti nei giorni dal lunedì al venerdì, dalle ore 00.00 alle ore 24.00 e salvo urgenze e necessità anche nei giorni di sabato e domenica; <br>8. Tutti i provvedimenti in contrasto con la presente sono momentaneamente e provvisoriamente sospesi e divengono nuovamente efficaci all’esaurimento dei termini previsti dal presente disposto; <br><br>Durata e tempistiche: 08/01/2026 - 09/03/2026 dal lunedì al venerdì, dalle ore 00.00 alle ore 24.00]]></description>
      <styleUrl>#line-E65100-4100</styleUrl>
      <LineString>
        <tessellate>1</tessellate>
        <coordinates>
          16.8650976,41.0842995,0
          16.8688849,41.0841095,0
        </coordinates>
      </LineString>
    </Placemark>
    <Placemark>
      <name>divieto di sosta /restringimento carreggiata</name>
      <description><![CDATA[2026/00015<br>https://drive.google.com/file/d/1N1q3jxwRhsL2yxPWhyjc8SpVrn8CWPqT/view?usp=sharing<br><br>(in precedenza 2025/03889 <br>https://drive.google.com/file/d/1r4VDj39rcREUNwoXpfJ-CIhBLyOf7E2W/view )<br><br>ISTITUZIONE TEMPORANEA DEL DIVIETO DI SOSTA E FERMATA CON RIMOZIONE FORZATA AMBO I LATI E RESTRINGIMENTO DI CARREGGIATA SU VIA LUCARELLI (DA VIA L. DE LAURENTIS A VIA G. PETRONI), VIA G. PETRONI (DA VIA M. CALVARIO A VIA N. PENDE), VIA N. PENDE (DA VIA G. PETRONI A CSO A. DE GASPERI), STR CALVANI (DA CSO A. DE GASPERIA VIA E. DEL RE), VIA E. DEL RE (DA STR CALVANI A STR VICINALE VASSALLO), STR VICINALE VASSALLO (DA VIA E. DEL RE A CSO A. DE GASPERI), CSO A. DE GASPERI (DA VIA N. PENDE A VIA AVV. O. LATTANZIO) E VIA CARDUCCI (DA CSO A. DE GASPERI A VIA G. PETRONI) – BARI” DAL GIORNO 07/01/2026 AL 31/01/2026 DALLE ORE 07.00 ALLE ORE 17.00 PER DI RIPRISTINO MANTO STRADALE C/ENEL RICHIEDENTE: ENEL DISTRIBUZIONE S.P.A. DITTA ESECUTRICE: NORD COSTRUZIONI GENERALI SRL<br><br>istituzione temporanea del divieto di sosta e fermata con rimozione forzata ambo i lati e il restringimento della carreggiata su: <br><br>- via Lucarelli (da via L. de Laurentis a via G. Petroni) <br>- via G. Petroni (da via M. Calvario a via N. Pende) <br>- via N. Pende (da via G. Petroni a cso A. De Gasperi)<br>- str Calvani (da cso A. De Gasperia via E. Del Re) <br> via E. Del Re (da str Calvani a str vicinale Vassallo) <br>- str vicinale Vassallo (da via E. Del Re a cso A. De Gasperi) <br>- cso A. De Gasperi (da via N. Pende a via avv. O. Lattanzio) <br>- via Carducci (da cso A. De Gasperi a via G. Petroni). <br><br>La graduazione della velocità in avvicinamento per metri 100 all’area del lavori con limite pari a 20 km/h. Durante l’esecuzione dei lavori dovrà essere garantito l’accesso/uscita in zona ai residenti e mezzi di soccorso e/o polizia e dovrà essere prevista la presenza di movieri, dotati di idoneo equipaggiamento, che dovranno sovraintendere alle esigenze della circolazione stradale visto il restringimento della carreggiata e del senso unico alternato, con particolare attenzione al transito pedonale e alle persone con ridotte capacità motorie<br><br>Durata e tempistiche: 07/01/2026 - 31/01/2026]]></description>
      <styleUrl>#icon-1541-E65100</styleUrl>
      <Point>
        <coordinates>
          16.8693096,41.0936572,0
        </coordinates>
      </Point>
    </Placemark>
    <Placemark>
      <name>via Lucarelli/ via G. Petroni/via N. Pende/ str Calvani/ via E. Del Re/str vicinale Vassallo/ cso A. De Gasperi/via Carducci </name>
      <description><![CDATA[2026/00015<br>https://drive.google.com/file/d/1N1q3jxwRhsL2yxPWhyjc8SpVrn8CWPqT/view?usp=sharing<br><br>(in precedenza 2025/03889 <br>https://drive.google.com/file/d/1r4VDj39rcREUNwoXpfJ-CIhBLyOf7E2W/view )<br><br>ISTITUZIONE TEMPORANEA DEL DIVIETO DI SOSTA E FERMATA CON RIMOZIONE FORZATA AMBO I LATI E RESTRINGIMENTO DI CARREGGIATA SU VIA LUCARELLI (DA VIA L. DE LAURENTIS A VIA G. PETRONI), VIA G. PETRONI (DA VIA M. CALVARIO A VIA N. PENDE), VIA N. PENDE (DA VIA G. PETRONI A CSO A. DE GASPERI), STR CALVANI (DA CSO A. DE GASPERIA VIA E. DEL RE), VIA E. DEL RE (DA STR CALVANI A STR VICINALE VASSALLO), STR VICINALE VASSALLO (DA VIA E. DEL RE A CSO A. DE GASPERI), CSO A. DE GASPERI (DA VIA N. PENDE A VIA AVV. O. LATTANZIO) E VIA CARDUCCI (DA CSO A. DE GASPERI A VIA G. PETRONI) – BARI” DAL GIORNO 07/01/2026 AL 31/01/2026  DALLE ORE 07.00 ALLE ORE 17.00 PER DI RIPRISTINO MANTO STRADALE C/ENEL RICHIEDENTE: ENEL DISTRIBUZIONE S.P.A. DITTA ESECUTRICE: NORD COSTRUZIONI GENERALI SRL<br><br>istituzione temporanea del divieto di sosta e fermata con rimozione forzata ambo i lati e il restringimento della carreggiata su: <br><br> via Lucarelli (da via L. de Laurentis a via G. Petroni) <br> via G. Petroni (da via M. Calvario a via N. Pende) <br>via N. Pende (da via G. Petroni a cso A. De Gasperi)<br> str Calvani (da cso A. De Gasperia via E. Del Re) <br> via E. Del Re (da str Calvani a str vicinale Vassallo) <br>str vicinale Vassallo (da via E. Del Re a cso A. De Gasperi) <br> cso A. De Gasperi (da via N. Pende a via avv. O. Lattanzio) <br>via Carducci (da cso A. De Gasperi a via G. Petroni). <br><br>La graduazione della velocità in avvicinamento per metri 100 all’area del lavori con limite pari a 20 km/h. Durante l’esecuzione dei lavori dovrà essere garantito l’accesso/uscita in zona ai residenti e mezzi di soccorso e/o polizia e dovrà essere prevista la presenza di movieri, dotati di idoneo equipaggiamento, che dovranno sovraintendere alle esigenze della circolazione stradale visto il restringimento della carreggiata e del senso unico alternato, con particolare attenzione al transito pedonale e alle persone con ridotte capacità motorie<br><br>Durata e tempistiche: 07/01/2026 - 31/01/2026]]></description>
      <styleUrl>#line-E65100-4875</styleUrl>
      <LineString>
        <tessellate>1</tessellate>
        <coordinates>
          16.8658763,41.0909161,0
          16.8661982,41.0931559,0
          16.8641919,41.0931801,0
          16.8662197,41.093164,0
          16.8665522,41.0937785,0
          16.870361,41.0932933,0
          16.870361,41.0931721,0
          16.8735582,41.0929942,0
          16.8736118,41.0917651,0
          16.8731612,41.0918298,0
          16.8725711,41.0920481,0
          16.8701142,41.0921856,0
          16.8699426,41.0907059,0
          16.8714768,41.0904633,0
          16.8723565,41.090431,0
          16.8725282,41.0909565,0
          16.8748886,41.0907463,0
        </coordinates>
      </LineString>
    </Placemark>
    <Placemark>
      <name>via Nicolai: tratto tra via Ravanas e via brigata Bari</name>
      <description><![CDATA[2026/00018<br>https://drive.google.com/file/d/1bcm3QVpiKfwlO88ed8Yw7YvZ_JQyJ--Q/view?usp=sharing<br><br> ISTITUZIONE TEMPORANEAMENTE DI DIVIETO DI SOSTA E DI FERMATA AMBO I LATI PER SOTTO-CANTIERI DI LUNGHEZZA MEDIA PARI A CIRCA 50 METRI DI VIA NICOLAI NEL TRATTO COMPRESO TRA VIA RAVANAS E VIA BRIGATA BARI PER LAVORI DI MANUTENZIONE STRAORDINARIA DELLE OPERE A RETE IDRICHE E FOGNARIE DELLA STO BA-BAT – AET BARI – SOSTITUZIONE DELLA CONDOTTA IDRICA IN VIA NICOLAI DALLA DATA DI<br>EMANAZIONE DELLA PRESENTE ORDINANZA E PER 90 GIORNI NATURALI E CONSECUTIVI<br>ISTANTE: AQP<br>SOCIETÀ: INGALLINA S.R.L.<br><br>Durata e tempistiche: 08/01/2026 - 08/04/2026]]></description>
      <styleUrl>#line-E65100-5650</styleUrl>
      <LineString>
        <tessellate>1</tessellate>
        <coordinates>
          16.8521482,41.120369,0
          16.8588001,41.1207408,0
        </coordinates>
      </LineString>
    </Placemark>
    <Placemark>
      <name>DIVIETO DI SOSTA E DI FERMATA
AMBO I LATI </name>
      <description><![CDATA[2026/00018<br>https://drive.google.com/file/d/1bcm3QVpiKfwlO88ed8Yw7YvZ_JQyJ--Q/view?usp=sharing<br><br> ISTITUZIONE TEMPORANEAMENTE DI DIVIETO DI SOSTA E DI FERMATA AMBO I LATI PER SOTTO-CANTIERI DI LUNGHEZZA MEDIA PARI A CIRCA 50 METRI DI VIA NICOLAI NEL TRATTO COMPRESO TRA VIA RAVANAS E VIA<br>BRIGATA BARI PER LAVORI DI MANUTENZIONE STRAORDINARIA DELLE OPERE A RETE IDRICHE E FOGNARIE DELLA STO BA-BAT – AET BARI – SOSTITUZIONE DELLA CONDOTTA IDRICA IN VIA NICOLAI DALLA DATA DI<br>EMANAZIONE DELLA PRESENTE ORDINANZA E PER 90 GIORNI NATURALI E CONSECUTIVI<br>ISTANTE: AQP<br>SOCIETÀ: INGALLINA S.R.L.<br><br>Durata e tempistiche: 08/01/2026 - 08/04/2026]]></description>
      <styleUrl>#icon-1541-E65100</styleUrl>
      <Point>
        <coordinates>
          16.8555577,41.1205711,0
        </coordinates>
      </Point>
    </Placemark>
    <Placemark>
      <name>BRT: Via Aquilino</name>
      <description><![CDATA[Ordinanza: 2026/00030<br><br>https://drive.google.com/file/d/1axECmDKwJF0gqB10cUmhNLNIZ4yvy_dE/view<br><br>LAVORI DI REALIZZAZIONE DI UN SISTEMA BRT PER LA CITTÀ DI BARI -<br>FINANZIATO DALLA UNIONE EUROPEA NEXT GENERATION EU -<br>TRASPORTO RAPIDO DI MASSA - MISURA M2C2 - INV 4.2 DEL PNRR - CUP:<br>J91B21002850001<br>REGOLAMENTAZIONE DELLA CIRCOLAZIONE STRADALE SU VIA PAOLO<br>AQUILINO DAL GIORNO <br><br>Nello specifico: <br>Sono istituiti i seguenti provvedimenti temporanei di<br>circolazione:<br>1) Istituzione del senso unico di marcia su via Paolo Aquilino nella direzione di marcia che va da via<br>Arturo Toscanini verso via Natale Loiacono<br>2) Istituzione del divieto di fermata su via Paolo Aquilino, lato nord<br>3) Istituzione del senso vietato su via Paolo Aquilino ai veicoli provenienti da via Natale Loiacono<br><br>Durata e tempistiche: 12/01/2026 - 12/03/2026]]></description>
      <styleUrl>#line-E65100-5456</styleUrl>
      <LineString>
        <tessellate>1</tessellate>
        <coordinates>
          16.9116417,41.1065108,0
          16.9133744,41.1057873,0
        </coordinates>
      </LineString>
    </Placemark>
    <Placemark>
      <name>restringimento carreggiata/divieto di sosta</name>
      <description><![CDATA[2026/00020<br><br>https://drive.google.com/file/d/1QWDCMZ97lQvtfqTA7SFac2CWlgmvnNkS/view<br><br> ISTITUZIONE TEMPORANEA DI DIVIETO DI SOSTA AMBO I LATI SU VIA CILEA DALL’INTERSEZIONE CON IL LUNG. IX MAGGIO AL CIV. 12 E UN RESTRINGIMENTO CARREGGIATA SULLA STESSA VIA TRA IL CIV. 8 E IL CIV. 10/A PER ISTITUIRE UNA RECINZIONE DI CANTIERE PER LAVORI DI DEMOLIZIONE E COSTRUZIONE DI UN NUOVO FABBRICATO DAL GIORNO 15/01/2026 AL 19/07/2026. ISTANTE : VALLARELLA LUCA (AMMINISTRATORE UNICO DELLA “VALLARELLA IMMOBILIARE S.R.L.”) DITTA : VALLARELLA IMMOBILIARE S.R.L. <br><br><br>1. La temporanea Istituzione del restringimento carreggiata su via Cilea nel tratto compreso tra il civ. 8 e il civ. 10/A (posizionamento della recinzione sulla sede stradale); <br>2. Dovranno essere lasciati liberi ed agevoli gli accessi privati presenti nel tratto interessato della via Cilea, disponendo i relativi passaggi; <br>3. L’istante dovrà assicurare il passaggio pedonale mediante la realizzazione di un corridoio pedonale sul tratto di carreggiata adiacente l’occupazione, di dimensioni trasversali di mt. 1.00 e debitamente protetto da corrimano, che si raccordi con i marciapiedi alle estremità dell’occupazione mediante idonei scivoli, accessibile anche a persone con difficoltà motoria deambulanti con ausili ortopedici; <br>4. L’istituzione temporanea del divieto di sosta zona rimozione, ambo i lati, su via Cilea dall’intersezione con il Lungomare IX Maggio al civ. 12, al fine di consentire il regolare transito veicolare e l’installazione della recinzione;<br> 5. Tutti i provvedimenti in contrasto con la presente sono momentaneamente e provvisoriamente sospesi e divengono nuovamente efficaci all’esaurimento dei termini previsti dal presente disposto;<br><br>Durata e tempistiche: 15/01/2026 - 19/07/2026 ]]></description>
      <styleUrl>#icon-1541-E65100</styleUrl>
      <Point>
        <coordinates>
          16.8258594,41.1370159,0
        </coordinates>
      </Point>
    </Placemark>
    <Placemark>
      <name>Via Cilea </name>
      <description><![CDATA[2026/00020<br><br>https://drive.google.com/file/d/1QWDCMZ97lQvtfqTA7SFac2CWlgmvnNkS/view<br><br> ISTITUZIONE TEMPORANEA DI DIVIETO DI SOSTA AMBO I LATI SU VIA CILEA DALL’INTERSEZIONE CON IL LUNG. IX MAGGIO AL CIV. 12 E UN RESTRINGIMENTO CARREGGIATA SULLA STESSA VIA TRA IL CIV. 8 E IL CIV. 10/A PER ISTITUIRE UNA RECINZIONE DI CANTIERE PER LAVORI DI DEMOLIZIONE E COSTRUZIONE DI UN NUOVO FABBRICATO DAL GIORNO 15/01/2026 AL 19/07/2026. ISTANTE : VALLARELLA LUCA (AMMINISTRATORE UNICO DELLA “VALLARELLA IMMOBILIARE S.R.L.”) DITTA : VALLARELLA IMMOBILIARE S.R.L. <br><br><br>1. La temporanea Istituzione del restringimento carreggiata su via Cilea nel tratto compreso tra il civ. 8 e il civ. 10/A (posizionamento della recinzione sulla sede stradale); <br>2. Dovranno essere lasciati liberi ed agevoli gli accessi privati presenti nel tratto interessato della via Cilea, disponendo i relativi passaggi; <br>3. L’istante dovrà assicurare il passaggio pedonale mediante la realizzazione di un corridoio pedonale sul tratto di carreggiata adiacente l’occupazione, di dimensioni trasversali di mt. 1.00 e debitamente protetto da corrimano, che si raccordi con i marciapiedi alle estremità dell’occupazione mediante idonei scivoli, accessibile anche a persone con difficoltà motoria deambulanti con ausili ortopedici; <br>4. L’istituzione temporanea del divieto di sosta zona rimozione, ambo i lati, su via Cilea dall’intersezione con il Lungomare IX Maggio al civ. 12, al fine di consentire il regolare transito veicolare e l’installazione della recinzione;<br> 5. Tutti i provvedimenti in contrasto con la presente sono momentaneamente e provvisoriamente sospesi e divengono nuovamente efficaci all’esaurimento dei termini previsti dal presente disposto;<br><br>Durata e tempistiche: 15/01/2026 - 19/07/2026 ]]></description>
      <styleUrl>#line-E65100-3906</styleUrl>
      <LineString>
        <tessellate>1</tessellate>
        <coordinates>
          16.825797,41.1371795,0
          16.8256844,41.1368038,0
        </coordinates>
      </LineString>
    </Placemark>
    <Placemark>
      <name>Via Lopez</name>
      <description><![CDATA[PROROGA: 2026/00395<br><br>https://drive.google.com/file/d/1iE0LV8IxGVLuYV5SFwCgO8yXwdmZWi6j/view<br><br>AUTORIZZAZIONE TEMPORANEA AL TRANSITO DEI MEZZI SUPERIORI AI 35 Q.LI, IN DEROGA ALL’ORDINANZA SINDACALE N. 2322 DEL 20.3.1991, AI VEICOLI AL SERVIZIO DEL SIG. CARLONE GEREMIA ISTITUZIONE TEMPORANEA CHIUSURA AL TRANSITO VEICOLARE CON DIVIETO DI SOSTA ZONA RIMOZIONE SU VIA DAVIDE LOPEZ DAL CIVICO 7 A VIA BRIGATA REGINA PER TRASPORTO GRU DA CANTIERE DAL 09/02/2026 AL 10/02/2026 RICHIEDENTE : SIG. CARLONE GEREMIA<br><br>Durata e tempistiche: 09/02/2026 - 10/02/2026<br><br>2026/00022 <br><br>https://drive.google.com/file/d/11WvM14tjt5soGuNsYtSjJgfVsavFlYfi/view<br><br>AUTORIZZAZIONE TEMPORANEA AL TRANSITO DEI MEZZI SUPERIORI AI 35 Q.LI, IN DEROGA ALL’ORDINANZA SINDACALE N. 2322 DEL 20.3.1991, AI VEICOLI AL SERVIZIO DEL SIG. CARLONE GEREMIA ISTITUZIONE TEMPORANEA CHIUSURA AL TRANSITO VEICOLARE CON DIVIETO DI SOSTA ZONA RIMOZIONE SU VIA DAVIDE LOPEZ DAL CIVICO 7 A VIA BRIGATA REGINA PER TRASPORTO GRU DA CANTIERE PER I GIORNI 12 E 13 GENNAIO 2026 RICHIEDENTE : SIG. CARLONE GEREMIA<br><br><br>1. per i giorni 12 e 13 gennaio 2026in deroga all’Ordinanza Sindacale n. 2322 del 20.3.1991, E’ CONSENTITO IL TRANSITO all’ interno del perimetro individuato dalla stessa: via B. Regina – via B. Bari – via Capruzzi – via Oberdan – via Di Vagno – lungomare Nazario Sauro – lungomare A. Di Crollalanza – p.zza IV Novembre – c.so V. Emanuele, ai veicoli al servizio del Sig. CARLONE GEREMIA <br>2. Istituzione temporanea di chiusura al transito veicolare su via Davide Lopez dal civico 7 tratto a via Brigata Regina tratto compreso tra via Brigata Regina e via Costa;; 3. Istituzione temporanea del divieto di sosta con rimozione forzata ambo i lati su via Davide Lopez dal civico 7 a via Brigata Regina tratto compreso tra via Brigata Regina e via Costa; <br>4. Spostamento temporaneo dello stallo di sosta riservato a diversamente abili su via D. Lopez dal civ. 26 al civ 40; <br>5. Spostamento temporaneo isola ecologica su via D.Lopez dal civ 30 al civ 34; <br>6. Dovrà essere garantito in sicurezza un passaggio pedonale ampio almeno 1 metro sul lato opposto a quello interessato dai lavori , riferito al punto 1, e all’occorrenza, il transito ai veicoli della forza pubblica e mezzi di soccorso; 7. Dovrà essere garantita la viabilità alternativa dei residenti in zona, riferito al punto 1; <br><br>Durata e tempistiche: 12/01/2026 - 13/01/2026 ]]></description>
      <styleUrl>#line-E65100-3325</styleUrl>
      <LineString>
        <tessellate>1</tessellate>
        <coordinates>
          16.8506172,41.1261977,0
          16.8506225,41.1261795,0
          16.8515398,41.1260482,0
        </coordinates>
      </LineString>
    </Placemark>
    <Placemark>
      <name>BRT: SENSO UNICO/SENSO VIETATO</name>
      <description><![CDATA[aggiornamento 14/01/2026<br>Per quanto riguarda invece i lavori del BRT nel quartiere Japigia, nella giornata di domani, mercoledì 14 gennaio, è in programma la cantierizzazione degli interventi in via Paolo Aquilino, nell’area su cui sarà realizzato il capolinea della Linea Rossa e della Linea Verde del BRT, su cui sono anche previste le fermata di due linee di bus del trasporto pubblico locale: la zona diventerà un nodo strategico di integrazione tra BRT e TPL, in un’area al servizio di numerose residenze, uffici, negozi e scuole.<br><br>I lavori partiranno da via Toscanini: come previsto da ordinanza, è stato istituito il senso unico di marcia su via Aquilino, nella direzione che va da via Toscanini verso via Loiacono.<br><br>Ordinanza: 2026/00030<br><br>https://drive.google.com/file/d/1axECmDKwJF0gqB10cUmhNLNIZ4yvy_dE/view<br><br>LAVORI DI REALIZZAZIONE DI UN SISTEMA BRT PER LA CITTÀ DI BARI -<br>FINANZIATO DALLA UNIONE EUROPEA NEXT GENERATION EU -<br>TRASPORTO RAPIDO DI MASSA - MISURA M2C2 - INV 4.2 DEL PNRR - CUP:<br>J91B21002850001<br>REGOLAMENTAZIONE DELLA CIRCOLAZIONE STRADALE SU VIA PAOLO<br>AQUILINO DAL GIORNO <br><br>Nello specifico: <br>Sono istituiti i seguenti provvedimenti temporanei di<br>circolazione:<br>1) Istituzione del senso unico di marcia su via Paolo Aquilino nella direzione di marcia che va da via<br>Arturo Toscanini verso via Natale Loiacono<br>2) Istituzione del divieto di fermata su via Paolo Aquilino, lato nord<br>3) Istituzione del senso vietato su via Paolo Aquilino ai veicoli provenienti da via Natale Loiacono<br><br>Durata e tempistiche: 12/01/2026 - 12/03/2026]]></description>
      <styleUrl>#icon-1541-E65100</styleUrl>
      <Point>
        <coordinates>
          16.9117289,41.1065344,0
        </coordinates>
      </Point>
    </Placemark>
    <Placemark>
      <name>diviato di transito e sosta</name>
      <description><![CDATA[2026/00395<br><br>https://drive.google.com/file/d/1iE0LV8IxGVLuYV5SFwCgO8yXwdmZWi6j/view<br><br>AUTORIZZAZIONE TEMPORANEA AL TRANSITO DEI MEZZI SUPERIORI AI 35 Q.LI, IN DEROGA ALL’ORDINANZA SINDACALE N. 2322 DEL 20.3.1991, AI VEICOLI AL SERVIZIO DEL SIG. CARLONE GEREMIA ISTITUZIONE TEMPORANEA CHIUSURA AL TRANSITO VEICOLARE CON DIVIETO DI SOSTA ZONA RIMOZIONE SU VIA DAVIDE LOPEZ DAL CIVICO 7 A VIA BRIGATA REGINA PER TRASPORTO GRU DA CANTIERE DAL 09/02/2026 AL 10/02/2026 RICHIEDENTE : SIG. CARLONE GEREMIA<br><br>Durata e tempistiche: 09/02/2026 - 10/02/2026<br><br>2026/00022 <br><br>https://drive.google.com/file/d/11WvM14tjt5soGuNsYtSjJgfVsavFlYfi/view<br><br>AUTORIZZAZIONE TEMPORANEA AL TRANSITO DEI MEZZI SUPERIORI AI 35 Q.LI, IN DEROGA ALL’ORDINANZA SINDACALE N. 2322 DEL 20.3.1991, AI VEICOLI AL SERVIZIO DEL SIG. CARLONE GEREMIA ISTITUZIONE TEMPORANEA CHIUSURA AL TRANSITO VEICOLARE CON DIVIETO DI SOSTA ZONA RIMOZIONE SU VIA DAVIDE LOPEZ DAL CIVICO 7 A VIA BRIGATA REGINA PER TRASPORTO GRU DA CANTIERE PER I GIORNI 12 E 13 GENNAIO 2026 RICHIEDENTE : SIG. CARLONE GEREMIA<br><br><br>1. per i giorni 12 e 13 gennaio 2026in deroga all’Ordinanza Sindacale n. 2322 del 20.3.1991, E’ CONSENTITO IL TRANSITO all’ interno del perimetro individuato dalla stessa: via B. Regina – via B. Bari – via Capruzzi – via Oberdan – via Di Vagno – lungomare Nazario Sauro – lungomare A. Di Crollalanza – p.zza IV Novembre – c.so V. Emanuele, ai veicoli al servizio del Sig. CARLONE GEREMIA <br>2. Istituzione temporanea di chiusura al transito veicolare su via Davide Lopez dal civico 7 tratto a via Brigata Regina tratto compreso tra via Brigata Regina e via Costa;; 3. Istituzione temporanea del divieto di sosta con rimozione forzata ambo i lati su via Davide Lopez dal civico 7 a via Brigata Regina tratto compreso tra via Brigata Regina e via Costa; <br>4. Spostamento temporaneo dello stallo di sosta riservato a diversamente abili su via D. Lopez dal civ. 26 al civ 40; <br>5. Spostamento temporaneo isola ecologica su via D.Lopez dal civ 30 al civ 34; <br>6. Dovrà essere garantito in sicurezza un passaggio pedonale ampio almeno 1 metro sul lato opposto a quello interessato dai lavori , riferito al punto 1, e all’occorrenza, il transito ai veicoli della forza pubblica e mezzi di soccorso; 7. Dovrà essere garantita la viabilità alternativa dei residenti in zona, riferito al punto 1; <br><br>Durata e tempistiche: 12/01/2026 - 13/01/2026 ]]></description>
      <styleUrl>#icon-1541-E65100</styleUrl>
      <Point>
        <coordinates>
          16.8507352,41.1261431,0
        </coordinates>
      </Point>
    </Placemark>
    <Placemark>
      <name>restringimento carreggiata/divieto di sosta</name>
      <description><![CDATA[A partire dal prossimo lunedì 19 gennaio, corso Vittorio Emanuele sarà interessato dall’intervento di E-Distribuzione (società del gruppo Enel che gestisce la rete cittadina a Bari) nell’ambito del progetto “Resilienza Climatica”.<br>L’intervento prevede, nello specifico, la realizzazione di quattro nuove linee di Media Tensione, che andranno a potenziare il grado di magliatura della rete elettrica dell’intera città di Bari, a partire dal centro storio e dal quartiere murattiano, con l’obiettivo di ridurre le interruzioni straordinarie e migliorare la qualità del servizio elettrico.<br>Pertanto, è in pubblicazione l’ordinanza dirigenziale con cui la ripartizione IVOP, a partire da lunedì 19 gennaio, dispone l’istituzione del restringimento della carreggiata, con divieto di sosta ambo i lati su Corso Vittorio Emanuele II, dalle ore 7.30 alle ore 18.30, per consentire l’esecuzione dei lavori di scavo.<br>Sebbene l’ordinanza riguardi l’intero tratto stradale oggetto di intervento e il periodo complessivo in cui l’intervento stesso sarà realizzato e ultimato (entro il prossimo 30 aprile), è bene precisare che la ditta incaricata lavorerà su singoli tratti del corso, nei quali, volta per volta, i divieti saranno indicati attraverso l’installazione di apposita segnaletica verticale, con l’obiettivo di mitigare l’impatto del cantiere e minimizzare i disagi per la circolazione.<br><br>2026/00046 <br><br>https://drive.google.com/file/d/1ilSW43aJ-1TQYM5JvLOAFrn5o4VUmZoy/view<br><br>ISTITUZIONE TEMPORANEA RESTRINGIMENTO CARREGGIATA, DIVIETO DI SOSTA AMBO I LATI SU CORSO VITTORIO EMANUELE II DA VIA QUINTINO SELLA FINO LUNGOMARE IMPERATORE AUGUSTO PER LAVORI DI SCAVO SU SEDE STRADALE DAL 19/01/2026 AL 30/04/2026 DALLE ORE 07:30 ALLE ORE 18:30. IMPRESA: PATANO IMPIANTI & COSTRUZIONI S.R.L. <br><br>1. Istituire temporaneamente un restringimento carreggiata, divieto di sosta ambo i lati su : Corso Vittorio Emanuele II da Via Quintino Sella fino Lungomare Imperatore Augusto <br>Tutti i provvedimenti in contrasto con la presente sono momentaneamente e provvisoriamente sospesi e divengono nuovamente efficaci all’esaurimento dei termini previsti dal presente disposto; <br><br>Durata e tempistiche: 19/01/2026 - 30/04/2026 07:30-18:30]]></description>
      <styleUrl>#icon-1541-E65100</styleUrl>
      <Point>
        <coordinates>
          16.8658993,41.1259912,0
        </coordinates>
      </Point>
    </Placemark>
    <Placemark>
      <name>Corso Vittorio Emanuele II</name>
      <description><![CDATA[2026/00046 <br><br>https://drive.google.com/file/d/1ilSW43aJ-1TQYM5JvLOAFrn5o4VUmZoy/view<br><br>ISTITUZIONE TEMPORANEA RESTRINGIMENTO CARREGGIATA, DIVIETO DI SOSTA AMBO I LATI SU CORSO VITTORIO EMANUELE II DA VIA QUINTINO SELLA FINO LUNGOMARE IMPERATORE AUGUSTO PER LAVORI DI SCAVO SU SEDE STRADALE DAL 19/01/2026 AL 30/04/2026 DALLE ORE 07:30 ALLE ORE 18:30. IMPRESA: PATANO IMPIANTI & COSTRUZIONI S.R.L. <br><br>1. Istituire temporaneamente un restringimento carreggiata, divieto di sosta ambo i lati su : Corso Vittorio Emanuele II da Via Quintino Sella fino Lungomare Imperatore Augusto <br>Tutti i provvedimenti in contrasto con la presente sono momentaneamente e provvisoriamente sospesi e divengono nuovamente efficaci all’esaurimento dei termini previsti dal presente disposto; <br><br>Durata e tempistiche: 19/01/2026 - 30/04/2026 07:30-18:30<br><br>A partire dal prossimo lunedì 19 gennaio, corso Vittorio Emanuele sarà interessato dall’intervento di E-Distribuzione (società del gruppo Enel che gestisce la rete cittadina a Bari) nell’ambito del progetto “Resilienza Climatica”.<br>L’intervento prevede, nello specifico, la realizzazione di quattro nuove linee di Media Tensione, che andranno a potenziare il grado di magliatura della rete elettrica dell’intera città di Bari, a partire dal centro storio e dal quartiere murattiano, con l’obiettivo di ridurre le interruzioni straordinarie e migliorare la qualità del servizio elettrico.<br>Pertanto, è in pubblicazione l’ordinanza dirigenziale con cui la ripartizione IVOP, a partire da lunedì 19 gennaio, dispone l’istituzione del restringimento della carreggiata, con divieto di sosta ambo i lati su Corso Vittorio Emanuele II, dalle ore 7.30 alle ore 18.30, per consentire l’esecuzione dei lavori di scavo.<br>Sebbene l’ordinanza riguardi l’intero tratto stradale oggetto di intervento e il periodo complessivo in cui l’intervento stesso sarà realizzato e ultimato (entro il prossimo 30 aprile), è bene precisare che la ditta incaricata lavorerà su singoli tratti del corso, nei quali, volta per volta, i divieti saranno indicati attraverso l’installazione di apposita segnaletica verticale, con l’obiettivo di mitigare l’impatto del cantiere e minimizzare i disagi per la circolazione.]]></description>
      <styleUrl>#line-E65100-3713</styleUrl>
      <LineString>
        <tessellate>1</tessellate>
        <coordinates>
          16.863925,41.125684,0
          16.871937,41.126169,0
        </coordinates>
      </LineString>
    </Placemark>
    <Placemark>
      <name>Divieto di sosta e fermata</name>
      <description><![CDATA[2026/00055 <br><br>https://drive.google.com/file/d/1xRJDhwNJIxoKLsC-qM6uRSkHcZQspPaN/view<br><br>P1557 - PROGRAMMA DEGLI INTERVENTI AQP 2020-2023 “INTERVENTI MIRATI PER CONSEGUIRE LA DISTRETTUALIZZAZIONE, IL CONTROLLO DELLE PRESSIONI ED IL MONITORAGGIO DELLE GRANDEZZE IDRAULICHE NELLE RETI DEL TERRITORIO SERVITO DALL’ACQUEDOTTO PUGLIESE E SOSTITUZIONE DEI TRONCHI VETUSTI ED AMMALORATI - LOTTO1 - BA1”. CUP: E15G18000180005 - CIG: 953550212F – ISTITUZIONE TEMPORANEAMENTE DEL DIVIETO DI SOSTA E FERMATA AMBO I LATI E CHIUSURA TOTALE DELLA STRADA IN CORRISPONDENZA DELLE INTERSEZIONI, ECCETTO RESIDENTI E FRONTISTI, NONCHÉ RESTRINGIMENTO DI CARREGGIATA E/O DIVIETO DI TRANSITO PER ISOLATI, SU VIA GABRIELI,VIA ENRICO PESSINA,VIA PODGORA INCROCI COMPRESI, DAL GIORNO 15/01/2026 SINO AL 06/02/2026 DALLE ORE 00 ALLE ORE 24. SOCIETÀ: ACCIONA AGUA S.A.<br><br>1. divieto di sosta e fermata ambo i lati e chiusura totale della strada in corrispondenza delle intersezioni, eccetto residenti e frontisti, nonché restringimento di carreggiata e/o divieto di transito per isolati, su: Via Gabrieli Via Enrico Pessina Via Podgora<br> Per tutte le strade interessate, la circolazione stradale dovrà essere altresì regolamentata con movieri dotati di idoneo equipaggiamento al fine di permettere il transito veicolare e pedonale durante l’esecuzione dei lavori; <br>Dovrà essere garantito l’accesso/uscita in zona ai residenti e mezzi di soccorso e/o polizia, compatibilmente con l’esecuzione dei lavori in particolare nei tratti liberi e transitabili delle strade in narrativa; <br>Tutti i provvedimenti in contrasto con la presente sono momentaneamente e provvisoriamente sospesi e divengono nuovamente efficaci all’esaurimento dei termini previsti dal presente disposto;<br><br><br>Durata e tempistiche: 15/01/2026 - 06/02/2026 00:00-24:00<br><br>2025/03410<br>https://drive.google.com/file/d/1kQXx0TcjKp13xzyZ-SHc9O5bvc8MdY8f/view<br><br><br>Divieto di sosta e fermata ambo i lati e chiusura totale della strada in corrispondenza delle<br>intersezioni, eccetto residenti e frontisti, nonché restringimento di carreggiata e/o divieto di transito<br>per isolati, su:<br>Via Gabrieli incroci compresi<br>Via Enrico Pessina incroci compresi<br><br>Durata e tempistiche: 03/11/2025 - 08/12/2025 00:00 ALLE ORE 24:00.]]></description>
      <styleUrl>#icon-1541-E65100</styleUrl>
      <Point>
        <coordinates>
          16.8734662,41.1063324,0
        </coordinates>
      </Point>
    </Placemark>
    <Placemark>
      <name>Divieto di sosta/senso unico/restring carreggiata/ chiusura strada</name>
      <description><![CDATA[2026/00055 <br><br>https://drive.google.com/file/d/1xRJDhwNJIxoKLsC-qM6uRSkHcZQspPaN/view<br><br>P1557 - PROGRAMMA DEGLI INTERVENTI AQP 2020-2023 “INTERVENTI MIRATI PER CONSEGUIRE LA DISTRETTUALIZZAZIONE, IL CONTROLLO DELLE PRESSIONI ED IL MONITORAGGIO DELLE GRANDEZZE IDRAULICHE NELLE RETI DEL TERRITORIO SERVITO DALL’ACQUEDOTTO PUGLIESE E SOSTITUZIONE DEI TRONCHI VETUSTI ED AMMALORATI - LOTTO1 - BA1”. CUP: E15G18000180005 - CIG: 953550212F – ISTITUZIONE TEMPORANEAMENTE DEL DIVIETO DI SOSTA E FERMATA AMBO I LATI E CHIUSURA TOTALE DELLA STRADA IN CORRISPONDENZA DELLE INTERSEZIONI, ECCETTO RESIDENTI E FRONTISTI, NONCHÉ RESTRINGIMENTO DI CARREGGIATA E/O DIVIETO DI TRANSITO PER ISOLATI, SU VIA GABRIELI,VIA ENRICO PESSINA,VIA PODGORA INCROCI COMPRESI, DAL GIORNO 15/01/2026 SINO AL 06/02/2026 DALLE ORE 00 ALLE ORE 24. SOCIETÀ: ACCIONA AGUA S.A.<br><br>1. divieto di sosta e fermata ambo i lati e chiusura totale della strada in corrispondenza delle intersezioni, eccetto residenti e frontisti, nonché restringimento di carreggiata e/o divieto di transito per isolati, su: Via Gabrieli Via Enrico Pessina Via Podgora<br> Per tutte le strade interessate, la circolazione stradale dovrà essere altresì regolamentata con movieri dotati di idoneo equipaggiamento al fine di permettere il transito veicolare e pedonale durante l’esecuzione dei lavori; <br>Dovrà essere garantito l’accesso/uscita in zona ai residenti e mezzi di soccorso e/o polizia, compatibilmente con l’esecuzione dei lavori in particolare nei tratti liberi e transitabili delle strade in narrativa; <br>Tutti i provvedimenti in contrasto con la presente sono momentaneamente e provvisoriamente sospesi e divengono nuovamente efficaci all’esaurimento dei termini previsti dal presente disposto;<br><br><br>Durata e tempistiche: 15/01/2026 - 06/02/2026 00:00-24:00<br><br>2025/03714<br>https://drive.google.com/file/d/1LqjcS7cYk4o7CweNLLme1SzoQv-GSNoO/view<br><br><br><br>P1557 LOTTO 1. ORDINANZA PER ISTITUIRE TEMPORANEAMENTE UN DIVIETO DI SOSTA AMBO I ALTI, SENSO UNICO ALTERNATO NONCHÉ RESTRINGIMENTO CARREGGIATA E ALL’OCCORRENZA DIVIETO DI TRANSITO SU VIA PODGORA PER LAVORI DI SCAVI PER SOSTITUZIONE E POSA DELLE NUOVE CONDOTTE IN GHISA, REALIZZAZIONE DI TUTTE LE DERIVAZIONI DI UTENZA, RINTERRI E SUCCESSIVI RIPRISTINI PROVVISORI PER TERMINARE CON QUELLI DEFINITIVI, DAL GIORNO DAL GIORNO 25/11/2025 SINO AL 23/12/2025. SOCIETÀ: ACCIONA AGUA S.A<br><br>1. Istituzione temporanea del divieto di sosta ambo i alti, senso unico alternato nonché restringimento carreggiata e all’occorrenza divieto di transito su VIA PODGORA 2. Sarà consentito il transito ai residenti, ai mezzi pubblici ed ai mezzi di soccorso; 3. Tutti i provvedimenti in contrasto con la presente sono momentaneamente e provvisoriam<br><br>Durata e tempistiche:25/11/2025 - 23/12/2025]]></description>
      <styleUrl>#icon-1541-E65100</styleUrl>
      <Point>
        <coordinates>
          16.8686351,41.1054323,0
        </coordinates>
      </Point>
    </Placemark>
    <Placemark>
      <name>via Podgora</name>
      <description><![CDATA[2026/00055 <br><br>https://drive.google.com/file/d/1xRJDhwNJIxoKLsC-qM6uRSkHcZQspPaN/view<br><br>P1557 - PROGRAMMA DEGLI INTERVENTI AQP 2020-2023 “INTERVENTI MIRATI PER CONSEGUIRE LA DISTRETTUALIZZAZIONE, IL CONTROLLO DELLE PRESSIONI ED IL MONITORAGGIO DELLE GRANDEZZE IDRAULICHE NELLE RETI DEL TERRITORIO SERVITO DALL’ACQUEDOTTO PUGLIESE E SOSTITUZIONE DEI TRONCHI VETUSTI ED AMMALORATI - LOTTO1 - BA1”. CUP: E15G18000180005 - CIG: 953550212F – ISTITUZIONE TEMPORANEAMENTE DEL DIVIETO DI SOSTA E FERMATA AMBO I LATI E CHIUSURA TOTALE DELLA STRADA IN CORRISPONDENZA DELLE INTERSEZIONI, ECCETTO RESIDENTI E FRONTISTI, NONCHÉ RESTRINGIMENTO DI CARREGGIATA E/O DIVIETO DI TRANSITO PER ISOLATI, SU VIA GABRIELI,VIA ENRICO PESSINA,VIA PODGORA INCROCI COMPRESI, DAL GIORNO 15/01/2026 SINO AL 06/02/2026 DALLE ORE 00 ALLE ORE 24. SOCIETÀ: ACCIONA AGUA S.A.<br><br>1. divieto di sosta e fermata ambo i lati e chiusura totale della strada in corrispondenza delle intersezioni, eccetto residenti e frontisti, nonché restringimento di carreggiata e/o divieto di transito per isolati, su: Via Gabrieli Via Enrico Pessina Via Podgora<br> Per tutte le strade interessate, la circolazione stradale dovrà essere altresì regolamentata con movieri dotati di idoneo equipaggiamento al fine di permettere il transito veicolare e pedonale durante l’esecuzione dei lavori; <br>Dovrà essere garantito l’accesso/uscita in zona ai residenti e mezzi di soccorso e/o polizia, compatibilmente con l’esecuzione dei lavori in particolare nei tratti liberi e transitabili delle strade in narrativa; <br>Tutti i provvedimenti in contrasto con la presente sono momentaneamente e provvisoriamente sospesi e divengono nuovamente efficaci all’esaurimento dei termini previsti dal presente disposto;<br><br><br>Durata e tempistiche: 15/01/2026 - 06/02/2026 00:00-24:00<br><br>2026/00615<br><br>https://drive.google.com/file/d/1lSopDC94TrauQTn_PxE7809VG9f0R8zV/view<br><br>P1557 - PROGRAMMA DEGLI INTERVENTI AQP 2020-2023 “INTERVENTI MIRATI PER CONSEGUIRE LA DISTRETTUALIZZAZIONE, IL CONTROLLO DELLE PRESSIONI ED IL MONITORAGGIO DELLE GRANDEZZE IDRAULICHE NELLE RETI DEL TERRITORIO SERVITO DALL’ACQUEDOTTO PUGLIESE E SOSTITUZIONE DEI TRONCHI VETUSTI ED AMMALORATI - LOTTO1 - BA1”. CUP: E15G18000180005 - CIG: 953550212F – ISTITUZIONE TEMPORANEAMENTE DEL DIVIETO DI SOSTA E FERMATA AMBO I LATI E CHIUSURA TOTALE DELLA STRADA IN CORRISPONDENZA DELLE INTERSEZIONI, ECCETTO RESIDENTI E<br>FRONTISTI, NONCHÉ RESTRINGIMENTO DI CARREGGIATA E/O DIVIETO DI TRANSITO PER ISOLATI, SU VIA GABRIELI,VIA ENRICO PESSINA,VIA PODGORA INCROCI COMPRESI, DAL GIORNO 07/02/2026 SINO AL 06/04/2026 DALLE ORE 00 ALLE ORE 24. SOCIETÀ: ACCIONA AGUA S.A<br><br><br>Durata e tempistiche: 07/02/2026 - 06/04/2026 00:00-24:00]]></description>
      <styleUrl>#line-E65100-3713</styleUrl>
      <LineString>
        <tessellate>1</tessellate>
        <coordinates>
          16.8676989,41.1053871,0
          16.8715398,41.1052699,0
        </coordinates>
      </LineString>
    </Placemark>
    <Placemark>
      <name>VIA GABRIELI</name>
      <description><![CDATA[2026/00055 <br><br>https://drive.google.com/file/d/1xRJDhwNJIxoKLsC-qM6uRSkHcZQspPaN/view<br><br>P1557 - PROGRAMMA DEGLI INTERVENTI AQP 2020-2023 “INTERVENTI MIRATI PER CONSEGUIRE LA DISTRETTUALIZZAZIONE, IL CONTROLLO DELLE PRESSIONI ED IL MONITORAGGIO DELLE GRANDEZZE IDRAULICHE NELLE RETI DEL TERRITORIO SERVITO DALL’ACQUEDOTTO PUGLIESE E SOSTITUZIONE DEI TRONCHI VETUSTI ED AMMALORATI - LOTTO1 - BA1”. CUP: E15G18000180005 - CIG: 953550212F – ISTITUZIONE TEMPORANEAMENTE DEL DIVIETO DI SOSTA E FERMATA AMBO I LATI E CHIUSURA TOTALE DELLA STRADA IN CORRISPONDENZA DELLE INTERSEZIONI, ECCETTO RESIDENTI E FRONTISTI, NONCHÉ RESTRINGIMENTO DI CARREGGIATA E/O DIVIETO DI TRANSITO PER ISOLATI, SU VIA GABRIELI,VIA ENRICO PESSINA,VIA PODGORA INCROCI COMPRESI, DAL GIORNO 15/01/2026 SINO AL 06/02/2026 DALLE ORE 00 ALLE ORE 24. SOCIETÀ: ACCIONA AGUA S.A.<br><br>1. divieto di sosta e fermata ambo i lati e chiusura totale della strada in corrispondenza delle intersezioni, eccetto residenti e frontisti, nonché restringimento di carreggiata e/o divieto di transito per isolati, su: Via Gabrieli Via Enrico Pessina Via Podgora<br> Per tutte le strade interessate, la circolazione stradale dovrà essere altresì regolamentata con movieri dotati di idoneo equipaggiamento al fine di permettere il transito veicolare e pedonale durante l’esecuzione dei lavori; <br>Dovrà essere garantito l’accesso/uscita in zona ai residenti e mezzi di soccorso e/o polizia, compatibilmente con l’esecuzione dei lavori in particolare nei tratti liberi e transitabili delle strade in narrativa; <br>Tutti i provvedimenti in contrasto con la presente sono momentaneamente e provvisoriamente sospesi e divengono nuovamente efficaci all’esaurimento dei termini previsti dal presente disposto;<br><br><br>Durata e tempistiche: 15/01/2026 - 06/02/2026 00:00-24:00<br><br>2025/03410<br>https://drive.google.com/file/d/1kQXx0TcjKp13xzyZ-SHc9O5bvc8MdY8f/view<br><br><br>P1557 - PROGRAMMA DEGLI INTERVENTI AQP 2020-2023 “INTERVENTI MIRATI PER CONSEGUIRE LA<br>DISTRETTUALIZZAZIONE, IL CONTROLLO DELLE PRESSIONI ED IL MONITORAGGIO DELLE GRANDEZZE IDRAULICHE NELLE RETI DEL TERRITORIO SERVITO DALL’ACQUEDOTTO PUGLIESE E SOSTITUZIONE DEI TRONCHI VETUSTI ED AMMALORATI - LOTTO1 - BA1”. CUP: E15G18000180005 - CIG: 953550212F –<br>ISTITUZIONE TEMPORANEAMENTE DEL DIVIETO DI SOSTA E FERMATA AMBO I LATI E CHIUSURA TOTALE DELLA STRADA IN CORRISPONDENZA DELLE INTERSEZIONI, ECCETTO RESIDENTI E FRONTISTI, NONCHÉ RESTRINGIMENTO DI CARREGGIATA E/O DIVIETO DI TRANSITO PER ISOLATI, SU VIA GABRIELI, VIA ENRICO PESSINA, INCROCI COMPRESI, DAL GIORNO 03/11/2025 SINO AL 08/12/2025 DALLE ORE 00 ALLE ORE 24.<br>SOCIETÀ: ACCIONA AGUA S.A.<br><br>Durata e tempistiche: 03/11/2025 - 08/12/2025 00:00 ALLE ORE 24:00.<br><br>2026/00615<br><br>https://drive.google.com/file/d/1lSopDC94TrauQTn_PxE7809VG9f0R8zV/view<br><br>P1557 - PROGRAMMA DEGLI INTERVENTI AQP 2020-2023 “INTERVENTI MIRATI PER CONSEGUIRE LA DISTRETTUALIZZAZIONE, IL CONTROLLO DELLE PRESSIONI ED IL MONITORAGGIO DELLE GRANDEZZE IDRAULICHE NELLE RETI DEL TERRITORIO SERVITO DALL’ACQUEDOTTO PUGLIESE E SOSTITUZIONE DEI TRONCHI VETUSTI ED AMMALORATI - LOTTO1 - BA1”. CUP: E15G18000180005 - CIG: 953550212F – ISTITUZIONE TEMPORANEAMENTE DEL DIVIETO DI SOSTA E FERMATA AMBO I LATI E CHIUSURA TOTALE DELLA STRADA IN CORRISPONDENZA DELLE INTERSEZIONI, ECCETTO RESIDENTI E<br>FRONTISTI, NONCHÉ RESTRINGIMENTO DI CARREGGIATA E/O DIVIETO DI TRANSITO PER ISOLATI, SU VIA GABRIELI,VIA ENRICO PESSINA,VIA PODGORA INCROCI COMPRESI, DAL GIORNO 07/02/2026 SINO AL 06/04/2026 DALLE ORE 00 ALLE ORE 24. SOCIETÀ: ACCIONA AGUA S.A<br><br><br>Durata e tempistiche: 07/02/2026 - 06/04/2026 00:00-24:00]]></description>
      <styleUrl>#line-E65100-7239</styleUrl>
      <LineString>
        <tessellate>1</tessellate>
        <coordinates>
          16.8717478,41.1064033,0
          16.873561,41.1064256,0
        </coordinates>
      </LineString>
    </Placemark>
    <Placemark>
      <name>VIA PESSINA</name>
      <description><![CDATA[2026/00055 <br><br>https://drive.google.com/file/d/1xRJDhwNJIxoKLsC-qM6uRSkHcZQspPaN/view<br><br>P1557 - PROGRAMMA DEGLI INTERVENTI AQP 2020-2023 “INTERVENTI MIRATI PER CONSEGUIRE LA DISTRETTUALIZZAZIONE, IL CONTROLLO DELLE PRESSIONI ED IL MONITORAGGIO DELLE GRANDEZZE IDRAULICHE NELLE RETI DEL TERRITORIO SERVITO DALL’ACQUEDOTTO PUGLIESE E SOSTITUZIONE DEI TRONCHI VETUSTI ED AMMALORATI - LOTTO1 - BA1”. CUP: E15G18000180005 - CIG: 953550212F – ISTITUZIONE TEMPORANEAMENTE DEL DIVIETO DI SOSTA E FERMATA AMBO I LATI E CHIUSURA TOTALE DELLA STRADA IN CORRISPONDENZA DELLE INTERSEZIONI, ECCETTO RESIDENTI E FRONTISTI, NONCHÉ RESTRINGIMENTO DI CARREGGIATA E/O DIVIETO DI TRANSITO PER ISOLATI, SU VIA GABRIELI,VIA ENRICO PESSINA,VIA PODGORA INCROCI COMPRESI, DAL GIORNO 15/01/2026 SINO AL 06/02/2026 DALLE ORE 00 ALLE ORE 24. SOCIETÀ: ACCIONA AGUA S.A.<br><br>1. divieto di sosta e fermata ambo i lati e chiusura totale della strada in corrispondenza delle intersezioni, eccetto residenti e frontisti, nonché restringimento di carreggiata e/o divieto di transito per isolati, su: Via Gabrieli Via Enrico Pessina Via Podgora<br> Per tutte le strade interessate, la circolazione stradale dovrà essere altresì regolamentata con movieri dotati di idoneo equipaggiamento al fine di permettere il transito veicolare e pedonale durante l’esecuzione dei lavori; <br>Dovrà essere garantito l’accesso/uscita in zona ai residenti e mezzi di soccorso e/o polizia, compatibilmente con l’esecuzione dei lavori in particolare nei tratti liberi e transitabili delle strade in narrativa; <br>Tutti i provvedimenti in contrasto con la presente sono momentaneamente e provvisoriamente sospesi e divengono nuovamente efficaci all’esaurimento dei termini previsti dal presente disposto;<br><br><br>Durata e tempistiche: 15/01/2026 - 06/02/2026 00:00-24:00<br><br>2025/03410<br>https://drive.google.com/file/d/1kQXx0TcjKp13xzyZ-SHc9O5bvc8MdY8f/view<br><br><br>P1557 - PROGRAMMA DEGLI INTERVENTI AQP 2020-2023 “INTERVENTI MIRATI PER CONSEGUIRE LA<br>DISTRETTUALIZZAZIONE, IL CONTROLLO DELLE PRESSIONI ED IL MONITORAGGIO DELLE GRANDEZZE IDRAULICHE NELLE RETI DEL TERRITORIO SERVITO DALL’ACQUEDOTTO PUGLIESE E SOSTITUZIONE DEI TRONCHI VETUSTI ED AMMALORATI - LOTTO1 - BA1”. CUP: E15G18000180005 - CIG: 953550212F –<br>ISTITUZIONE TEMPORANEAMENTE DEL DIVIETO DI SOSTA E FERMATA AMBO I LATI E CHIUSURA TOTALE DELLA STRADA IN CORRISPONDENZA DELLE INTERSEZIONI, ECCETTO RESIDENTI E FRONTISTI, NONCHÉ RESTRINGIMENTO DI CARREGGIATA E/O DIVIETO DI TRANSITO PER ISOLATI, SU VIA GABRIELI, VIA ENRICO PESSINA, INCROCI COMPRESI, DAL GIORNO 03/11/2025 SINO AL 08/12/2025 DALLE ORE 00 ALLE ORE 24.<br>SOCIETÀ: ACCIONA AGUA S.A.<br><br>Durata e tempistiche: 03/11/2025 - 08/12/2025 00:00 ALLE ORE 24:00.<br><br>2026/00615<br><br>https://drive.google.com/file/d/1lSopDC94TrauQTn_PxE7809VG9f0R8zV/view<br><br>P1557 - PROGRAMMA DEGLI INTERVENTI AQP 2020-2023 “INTERVENTI MIRATI PER CONSEGUIRE LA DISTRETTUALIZZAZIONE, IL CONTROLLO DELLE PRESSIONI ED IL MONITORAGGIO DELLE GRANDEZZE IDRAULICHE NELLE RETI DEL TERRITORIO SERVITO DALL’ACQUEDOTTO PUGLIESE E SOSTITUZIONE DEI TRONCHI VETUSTI ED AMMALORATI - LOTTO1 - BA1”. CUP: E15G18000180005 - CIG: 953550212F – ISTITUZIONE TEMPORANEAMENTE DEL DIVIETO DI SOSTA E FERMATA AMBO I LATI E CHIUSURA TOTALE DELLA STRADA IN CORRISPONDENZA DELLE INTERSEZIONI, ECCETTO RESIDENTI E<br>FRONTISTI, NONCHÉ RESTRINGIMENTO DI CARREGGIATA E/O DIVIETO DI TRANSITO PER ISOLATI, SU VIA GABRIELI,VIA ENRICO PESSINA,VIA PODGORA INCROCI COMPRESI, DAL GIORNO 07/02/2026 SINO AL 06/04/2026 DALLE ORE 00 ALLE ORE 24. SOCIETÀ: ACCIONA AGUA S.A<br><br><br>Durata e tempistiche: 07/02/2026 - 06/04/2026 00:00-24:00]]></description>
      <styleUrl>#line-E65100-7044</styleUrl>
      <LineString>
        <tessellate>1</tessellate>
        <coordinates>
          16.8717102,41.1059415,0
          16.8735556,41.1059638,0
        </coordinates>
      </LineString>
    </Placemark>
    <Placemark>
      <name>divieto di transito e di sosta</name>
      <description><![CDATA[2025/04007 <br><br>https://drive.google.com/drive/folders/1o_4xwMypnO8_KMAcgkw4KDE0i085fQcS?hl=it<br><br>AUTORIZZAZIONE TEMPORANEA AL TRANSITO DEI MEZZI SUPERIORI AI 35 Q.LI, IN DEROGA ALL’ORDINANZA SINDACALE N. 2322 DEL 20.3.1991 ISTITUZIONE TEMPORANEA DELLA CHIUSURA AL TRANSITO VEICOLARE E DIVIETO DI SOSTA CON RIMOZIONE FORZATA SU VIA ETTORE FIERAMOSCA TRATTO COMPRESO TRA VIA BOVIO E VIA CRISPI E PIAZZA ENRICO DE NICOLA PRESSO PALAZZO DI GIUSTIZIA ,AD ESCLUSIONE DEL TRATTO DI CARREGGIATA CHE CONSENTE AI VEICOLI PROVENIENTI DA VIA CALEFATI LA SVOLTA A DESTRA IN DIREZIONE DI VIA PASCOLI DAL 12 AL 14/12/2025 PER POSIZIONAMENTO MACCHINE FRIGO E SOSTA MEZZI. RICHIEDENTE:SIG. MATARRESE SALVATORE<br><br>E’ CONSENTITO IL TRANSITO all’ interno del perimetro individuato dalla stessa: via B. Regina – via B. Bari – via Capruzzi – via Oberdan – via Di Vagno – lungomare Nazario Sauro – lungomare A. Di Crollalanza – p.zza IV Novembre – c.so V. Emanuele, ai veicoli al servizio del Sig. Matarrese Salvatore; c<br>hiusura al transito veicolare e divieto di sosta con rimozione forzata su via Ettore Fieramosca tratto compreso tra via Bovio e via Crispi , e su Piazza Enrico De Nicola presso palazzo di Giustizia ,ad esclusione del tratto di carreggiata che consente ai veicoli provenienti da via Calefati la svolta a destra in direzione di via Pascoli <br>. I veicoli al servizio dell’impresa esecutrice dei lavori potranno transitare e sostare sulla porzione di carreggiata interessata dai lavori esclusivamente durante le ore di lavoro. Tutte le ordinanze sindacali in contrasto con la presente sono provvisoriamente sospese e divengono nuovamente efficaci al raggiungimento dei termini previsti dal presente disposto. La segnaletica di proprietà dell’Amministrazione non potrà essere in alcun caso rimossa o modificata per adattarla alle esigenze di cantiere o per eseguire il disposto della presente ordinanza, ma dovrà essere opportunamente oscurata con dispositivi appropriati e omologati, in modo da evitare che si crei insicurezza e incertezza nella lettura dei divieti e prescrizioni imposti dal piano di segnalamento temporaneo per lavori in ambito stradale. <br><br><br>Durata e tempistiche: 12/12/2025 - 14/12/2025]]></description>
      <styleUrl>#icon-1541-E65100</styleUrl>
      <Point>
        <coordinates>
          16.8570616,41.1235103,0
        </coordinates>
      </Point>
    </Placemark>
    <Placemark>
      <name>VIA GARRUBA - VIA MANZONI-VIA NICOLAI</name>
      <description><![CDATA[https://drive.google.com/drive/folders/1o_4xwMypnO8_KMAcgkw4KDE0i085fQcS<br><br>2026/00060<br><br>PROCEDURA NEGOZIATA PN23023 PER LA CONCLUSIONE DI UN ACCORDO<br>QUADRO QUADRIENNALE PER L'AFFIDAMENTO CONGIUNTO DI<br>PROGETTAZIONE ESECUTIVA ED ESECUZIONE DEI "LAVORI DI<br>RIQUALIFICAZIONE DI VIA MANZONI" – ACCORDO QUADRO CIG: 9934949346<br>1° CONTRATTO ATTUATIVO CUP: J91B21001180001 – CIG: A065861BA9<br>2° CONTRATTO ATTUATIVO CUP: J98E22000030003 – CIG: A06586D592<br>RICHIESTA ORDINANZA PER DIVIETO DI SOSTA E FERMATA AMBO I LATI<br>CON RIMOZIONE, CHIUSURA AL TRAFFICO VEICOLARE SU VIA MANZONI<br>ISOLATO VIA GARRUBA – VIA NICOLAI DAL GIORNO 21/01/2026 AL<br>31/03/2026.<br>dal giorno 21/01/2026 al 31/03/2026<br>1) divieto di sosta e fermata con rimozione, e chiusura al traffico Veicolare H24 su Via Manzoni nel tratto compreso tra Via Garruba e<br>Via Nicolai.<br>L’ entrata in vigore della presente ordinanza è subordinata all’ apposizione della prescritta segnaletica secondo la tempistica e le<br>modalità di cui al punto III del presente dispositivo;<br>TERMINI E DURATA : DAL 21/01/2026 al 31/03/2026]]></description>
      <styleUrl>#line-E65100-6619</styleUrl>
      <LineString>
        <tessellate>1</tessellate>
        <coordinates>
          16.8612428,41.1208511,0
          16.861203,41.121534,0
        </coordinates>
      </LineString>
    </Placemark>
    <Placemark>
      <name>CHIUSURA AL TRAFFICO VEICOLARE SU VIA MANZONI
ISOLATO VIA GARRUBA – VIA NICOLAI</name>
      <description><![CDATA[https://drive.google.com/drive/folders/1o_4xwMypnO8_KMAcgkw4KDE0i085fQcS<br><br>2026/00060<br><br>PROCEDURA NEGOZIATA PN23023 PER LA CONCLUSIONE DI UN ACCORDO<br>QUADRO QUADRIENNALE PER L'AFFIDAMENTO CONGIUNTO DI<br>PROGETTAZIONE ESECUTIVA ED ESECUZIONE DEI "LAVORI DI<br>RIQUALIFICAZIONE DI VIA MANZONI" – ACCORDO QUADRO CIG: 9934949346<br>1° CONTRATTO ATTUATIVO CUP: J91B21001180001 – CIG: A065861BA9<br>2° CONTRATTO ATTUATIVO CUP: J98E22000030003 – CIG: A06586D592<br>RICHIESTA ORDINANZA PER DIVIETO DI SOSTA E FERMATA AMBO I LATI<br>CON RIMOZIONE, CHIUSURA AL TRAFFICO VEICOLARE SU VIA MANZONI<br>ISOLATO VIA GARRUBA – VIA NICOLAI DAL GIORNO 21/01/2026 AL<br>31/03/2026.<br>dal giorno 21/01/2026 al 31/03/2026<br>1) divieto di sosta e fermata con rimozione, e chiusura al traffico Veicolare H24 su Via Manzoni nel tratto compreso tra Via Garruba e<br>Via Nicolai.<br>L’ entrata in vigore della presente ordinanza è subordinata all’ apposizione della prescritta segnaletica secondo la tempistica e le<br>modalità di cui al punto III del presente dispositivo;<br>TERMINI E DURATA : DAL 21/01/2026 al 31/03/2026]]></description>
      <styleUrl>#icon-1541-E65100</styleUrl>
      <Point>
        <coordinates>
          16.861256,41.1214571,0
        </coordinates>
      </Point>
    </Placemark>
    <Placemark>
      <name>VIA FRATELLI ROSSELLI </name>
      <description><![CDATA[2026/00059<br><br>https://drive.google.com/file/d/1NXcGf5oJtjlItpyCWtp4f5ETKQwzmf9R/view<br><br><br>AUTORIZZAZIONE TEMPORANEA AL TRANSITO DEI MEZZI SUPERIORI AI 35 Q.LI, IN DEROGA ALL’ORDINANZA SINDACALE N. 2322 DEL 20.3.1991 ,RESTRINGIMENTO DI CARREGGIATA E DIVIETO DI SOSTA PER LAVORI DI POSIZIONAMENTO DI PONTEGGIO GRU E RECINZIONE DI CANTIERE , IN VIA FRATELLI ROSSELLI ANGOLO PIAZZA POERIO (ISTITUTO MARCONI) , DALLA DATA DI EMANAZIONE DELLA PRESENTE ORDINANZA AL GIORNO 31.10.2026. RICHIEDENTE : SIG. VISAGGIO NICCOLO’ <br><br><br>Durata e tempistiche: 12/01/2026 - 31/10/2026]]></description>
      <styleUrl>#line-E65100-3906</styleUrl>
      <LineString>
        <tessellate>1</tessellate>
        <coordinates>
          16.8876677,41.1174253,0
          16.8876382,41.1173414,0
        </coordinates>
      </LineString>
    </Placemark>
    <Placemark>
      <name>STRADA VICINALE VASSALLO</name>
      <description><![CDATA[revocata da ordinanza 2026/00270<br><br>2026/00058<br><br>https://drive.google.com/file/d/1Wcrxi6o-ycgbdodZKYuEM2atyFtTwR7h/view<br><br><br>ORDINANZA PER DIVIETO DI SOSTA SU ENTRAMBI I LATI , SENSO UNICO ALTERNATO E RIDUZIONE CARREGGIATA IN STRADAVICINALE VASSALLO NEL TRATTO COMPRESO TRA L’INTERSEZIONE CON VIA LAGRAVINESE NICOLA E TRAVERSA VASSALLO DAL GIORNO 12/01/2025 AL 28/02/2025 , SABATO E DOMENICA COMPRESI, A SEGUITO DI LAVORI IN SEDE STRADALE PER LAVORI ENEL DI COMPLETAMENTO SCAVI, POSA CAVI E RIPRISTINI STRADALI. DIVIETO DI SOSTA SU ENTRAMBI I LATI , RIDUZIONE CARREGGIATA IN VIA LAGRAVINESE NICOLA DAL CIV.8 A INTERSEZIONE CON STRADA VICINALE VASSALLO DAL GIORNO 12/01/2025 AL 28/02/2025 , SABATO E DOMENICA COMPRESI, A SEGUITO DI LAVORI IN SEDE STRADALE PER LAVORI ENEL DI COMPLETAMENTO SCAVI, POSA CAVI E RIPRISTINI STRADALI. SOCIETÀ: OMNIA WORK SRL - POTENZA<br><br>1. Dal giorno 12/01/2025 al 28/02/2025 divieto di sosta su entrambi i lati , e riduzione carreggiata in strada vicinale vassallo nel tratto compreso tra l’intersezione con via lagravinese nicola e traversa vassallo. 2. Dal giorno 12/01/2025 al 28/02/2025 divieto di sosta su entrambi i lati , e riduzione carreggiata in via lagravinese nicola dal civ.8 a intersezione con strada vicinale vassallo. <br><br><br>Durata e tempistiche: 12/01/2026 - 28/02/2026]]></description>
      <styleUrl>#line-9C27B0-3906</styleUrl>
      <LineString>
        <tessellate>1</tessellate>
        <coordinates>
          16.8761742,41.0921073,0
          16.8767884,41.0922205,0
          16.8789395,41.0917758,0
        </coordinates>
      </LineString>
    </Placemark>
    <Placemark>
      <name>DIVIETO DI SOSTA SU ENTRAMBI I LATI , SENSO UNICO ALTERNATO E RIDUZIONE CARREGGIATA </name>
      <description><![CDATA[revocata da ordinanza 2026/00270<br><br>2026/00058<br><br>https://drive.google.com/file/d/1Wcrxi6o-ycgbdodZKYuEM2atyFtTwR7h/view<br><br><br>ORDINANZA PER DIVIETO DI SOSTA SU ENTRAMBI I LATI , SENSO UNICO ALTERNATO E RIDUZIONE CARREGGIATA IN STRADAVICINALE VASSALLO NEL TRATTO COMPRESO TRA L’INTERSEZIONE CON VIA LAGRAVINESE NICOLA E TRAVERSA VASSALLO DAL GIORNO 12/01/2025 AL 28/02/2025 , SABATO E DOMENICA COMPRESI, A SEGUITO DI LAVORI IN SEDE STRADALE PER LAVORI ENEL DI COMPLETAMENTO SCAVI, POSA CAVI E RIPRISTINI STRADALI. DIVIETO DI SOSTA SU ENTRAMBI I LATI , RIDUZIONE CARREGGIATA IN VIA LAGRAVINESE NICOLA DAL CIV.8 A INTERSEZIONE CON STRADA VICINALE VASSALLO DAL GIORNO 12/01/2025 AL 28/02/2025 , SABATO E DOMENICA COMPRESI, A SEGUITO DI LAVORI IN SEDE STRADALE PER LAVORI ENEL DI COMPLETAMENTO SCAVI, POSA CAVI E RIPRISTINI STRADALI. SOCIETÀ: OMNIA WORK SRL - POTENZA<br><br>1. Dal giorno 12/01/2025 al 28/02/2025 divieto di sosta su entrambi i lati , e riduzione carreggiata in strada vicinale vassallo nel tratto compreso tra l’intersezione con via lagravinese nicola e traversa vassallo. 2. Dal giorno 12/01/2025 al 28/02/2025 divieto di sosta su entrambi i lati , e riduzione carreggiata in via lagravinese nicola dal civ.8 a intersezione con strada vicinale vassallo. <br><br><br>Durata e tempistiche: 12/01/2026 - 28/02/2026]]></description>
      <styleUrl>#icon-1541-9C27B0</styleUrl>
      <Point>
        <coordinates>
          16.8769598,41.0922683,0
        </coordinates>
      </Point>
    </Placemark>
    <Placemark>
      <name>RESTRINGIMENTO DI CARREGGIATA E DIVIETO DI SOSTA</name>
      <description><![CDATA[2026/00059<br>https://drive.google.com/file/d/1NXcGf5oJtjlItpyCWtp4f5ETKQwzmf9R/view<br><br>AUTORIZZAZIONE TEMPORANEA AL TRANSITO DEI MEZZI SUPERIORI AI 35 Q.LI, IN DEROGA ALL’ORDINANZA SINDACALE N. 2322 DEL 20.3.1991 ,RESTRINGIMENTO DI CARREGGIATA E DIVIETO DI SOSTA PER LAVORI DI POSIZIONAMENTO DI PONTEGGIO GRU E RECINZIONE DI CANTIERE , IN VIA FRATELLI ROSSELLI ANGOLO PIAZZA POERIO (ISTITUTO MARCONI) , DALLA DATA DI EMANAZIONE DELLA PRESENTE ORDINANZA AL GIORNO 31.10.2026. RICHIEDENTE : SIG. VISAGGIO NICCOLO’ <br><br><br>Durata e tempistiche: 12/01/2026 - 31/10/2026]]></description>
      <styleUrl>#icon-1541-E65100</styleUrl>
      <Point>
        <coordinates>
          16.8876784,41.1173793,0
        </coordinates>
      </Point>
    </Placemark>
    <Placemark>
      <name>VIA MANZONI</name>
      <description><![CDATA[Ordinanza: 2026/00060<br><br>https://drive.google.com/file/d/1QsFniYi6HhWM4HPmGqFzYc-Q7mMFD1TZ/view<br><br>PROCEDURA NEGOZIATA PN23023 PER LA CONCLUSIONE DI UN ACCORDO<br>QUADRO QUADRIENNALE PER L'AFFIDAMENTO CONGIUNTO DI<br>PROGETTAZIONE ESECUTIVA ED ESECUZIONE DEI "LAVORI DI<br>RIQUALIFICAZIONE DI VIA MANZONI" – ACCORDO QUADRO CIG: 9934949346<br>1° CONTRATTO ATTUATIVO CUP: J91B21001180001 – CIG: A065861BA9<br>2° CONTRATTO ATTUATIVO CUP: J98E22000030003 – CIG: A06586D592<br>RICHIESTA ORDINANZA PER DIVIETO DI SOSTA E FERMATA AMBO I LATI<br>CON RIMOZIONE, CHIUSURA AL TRAFFICO VEICOLARE SU VIA MANZONI<br>ISOLATO VIA GARRUBA – VIA NICOLAI <br>IMPRESA ESECUTRICE: SOCIETÀ DROMOS APPALTI S.P.A. CON SEDE<br>LEGALE IN VIA PO N. 31<br><br>Durata e tempistiche:  21/01/2026  - 31/03/2026.]]></description>
      <styleUrl>#line-E65100-6425</styleUrl>
      <LineString>
        <tessellate>1</tessellate>
        <coordinates>
          16.8612273,41.1208464,0
          16.8612903,41.1201534,0
        </coordinates>
      </LineString>
    </Placemark>
    <Placemark>
      <name>DIVIETO DI TRANSITO E DI SOSTA</name>
      <description><![CDATA[Ordinanza: 2026/00060<br><br>https://drive.google.com/file/d/1QsFniYi6HhWM4HPmGqFzYc-Q7mMFD1TZ/view<br><br>PROCEDURA NEGOZIATA PN23023 PER LA CONCLUSIONE DI UN ACCORDO<br>QUADRO QUADRIENNALE PER L'AFFIDAMENTO CONGIUNTO DI<br>PROGETTAZIONE ESECUTIVA ED ESECUZIONE DEI "LAVORI DI<br>RIQUALIFICAZIONE DI VIA MANZONI" – ACCORDO QUADRO CIG: 9934949346<br>1° CONTRATTO ATTUATIVO CUP: J91B21001180001 – CIG: A065861BA9<br>2° CONTRATTO ATTUATIVO CUP: J98E22000030003 – CIG: A06586D592<br>RICHIESTA ORDINANZA PER DIVIETO DI SOSTA E FERMATA AMBO I LATI<br>CON RIMOZIONE, CHIUSURA AL TRAFFICO VEICOLARE SU VIA MANZONI<br>ISOLATO VIA GARRUBA – VIA NICOLAI <br>IMPRESA ESECUTRICE: SOCIETÀ DROMOS APPALTI S.P.A. CON SEDE<br>LEGALE IN VIA PO N. 31<br><br>Durata e tempistiche: 21/01/2026 - 31/03/2026.]]></description>
      <styleUrl>#icon-1541-E65100</styleUrl>
      <Point>
        <coordinates>
          16.8612944,41.1208333,0
        </coordinates>
      </Point>
    </Placemark>
    <Placemark>
      <name>BARI COSTASUD: Via Papalia/Via Carabellese</name>
      <description><![CDATA[Ordinanza: 2026/00086<br><br>https://drive.google.com/file/d/1WoxUoWxe3gef0CGb8_APx7Ki5ub7xeCC/view<br><br>BARI COSTASUD, PARCO COSTIERO DELLA CULTURA DEL TURISMO E<br>DELL’AMBIENTE LOTTO 4 “PARCO VALENZANO” INTERVENTO ID. N. 10.4 DI<br>CUI AL D.M. 139 DEL 29 MARZO 2023 –CUP J96821000030006 –CIG<br>DERIVATO: 824802A482<br>ISTITUZIONE TEMPORANEA DEL DIVIETO DI TRANSITO E DIVIETO DI<br>FERMATA NELLE AREE DI SOSTA SU VIA CARABELLESE E VIA PAPALIA<br>DALLA DATA DI EMANAZIONE DELLA PRESENTE ORDINANZA AL 30.06.2026.<br>IMPRESA APPALTATRICE DEI LAVORI: EUROAMBIENTE S.R.L. PISTOIA VIA<br>PRATESE N. 527 CAP 51100 CF GARE@EUROAMB.IT INDIRIZZO PEC<br>EUROAMB@LEGALMAIL.IT<br><br>N.B. : Tutti i provvedimenti in contrasto con la presente sono momentaneamente e provvisoriamente sospesi e<br>divengono nuovamente efficaci all’esaurimento dei termini previsti dal presente disposto<br><br>Durata e tempistiche: 13/01/2026 - 30/06/2026]]></description>
      <styleUrl>#line-E65100-5456</styleUrl>
      <LineString>
        <tessellate>1</tessellate>
        <coordinates>
          16.900968,41.10775,0
          16.9059435,41.1058565,0
          16.9059864,41.1058424,0
          16.9078291,41.1086091,0
        </coordinates>
      </LineString>
    </Placemark>
    <Placemark>
      <name>DIVIETO DI TRANSITO/FERMATA</name>
      <description><![CDATA[Ordinanza: 2026/00086<br><br>https://drive.google.com/file/d/1WoxUoWxe3gef0CGb8_APx7Ki5ub7xeCC/view<br><br>BARI COSTASUD, PARCO COSTIERO DELLA CULTURA DEL TURISMO E<br>DELL’AMBIENTE LOTTO 4 “PARCO VALENZANO” INTERVENTO ID. N. 10.4 DI<br>CUI AL D.M. 139 DEL 29 MARZO 2023 –CUP J96821000030006 –CIG<br>DERIVATO: 824802A482<br>ISTITUZIONE TEMPORANEA DEL DIVIETO DI TRANSITO E DIVIETO DI<br>FERMATA NELLE AREE DI SOSTA SU VIA CARABELLESE E VIA PAPALIA<br>DALLA DATA DI EMANAZIONE DELLA PRESENTE ORDINANZA AL 30.06.2026.<br>IMPRESA APPALTATRICE DEI LAVORI: EUROAMBIENTE S.R.L. PISTOIA VIA<br>PRATESE N. 527 CAP 51100 CF GARE@EUROAMB.IT INDIRIZZO PEC<br>EUROAMB@LEGALMAIL.IT<br><br>N.B.: Tutti i provvedimenti in contrasto con la presente sono momentaneamente e provvisoriamente sospesi e<br>divengono nuovamente efficaci all’esaurimento dei termini previsti dal presente disposto<br><br>Durata e tempistiche: 13/01/2026 - 30/06/2026]]></description>
      <styleUrl>#icon-1541-E65100</styleUrl>
      <Point>
        <coordinates>
          16.9057855,41.1060794,0
        </coordinates>
      </Point>
    </Placemark>
    <Placemark>
      <name>RESTRINGIMENTO DI CARREGGIATA E DIVIETO DI SOSTA</name>
      <description><![CDATA[Ordinanza: 2026/00088<br><br>https://drive.google.com/file/d/1QFYc3Q99engywAPdIsv5-ZanKOkOW8Jl/view<br><br>RESTRINGIMENTO DI CARREGGIATA E DIVIETO DI SOSTA PER<br>POSIZIONAMENTO RECINZIONE DI CANTIERE , IN VIA VIA LATTANZIO<br>CIVV. 54-62 TRATTO COMPRESO TRA VIA NIZZA E VIA DE DEO , <br>RICHIEDENTE : SIG.RA CATALANO MARIA<br><br>Durata e Tempistiche:  01/02/2026 - 31/12/2026.]]></description>
      <styleUrl>#icon-1541-E65100</styleUrl>
      <Point>
        <coordinates>
          16.8781672,41.1159069,0
        </coordinates>
      </Point>
    </Placemark>
    <Placemark>
      <name>Strada S. Girolamo</name>
      <description><![CDATA[Ordinanza: 2026/00090<br><br>https://drive.google.com/file/d/16aOXI0wwd___hlgJZxaJNNqMwVsJgvDT/view<br><br>ISTITUZIONE TEMPORANEA PER DIVIETO DI SOSTA E DI FERMATA AMBO I<br>LATI CON RIMOZIONE FORZATA CON RESTRINGIMENTO CARREGGIATA IN<br>STRADA S. GIROLAMO, VIA TOMASICCHIO, VIA LEONCAVALLO, VIA A.<br>SANTORO, VIA G. PUCCINI E VIA N. ROTA  PER LAVORI DI RIPRISTINO MANTO<br>STRADALE C/ENEL.<br>SOCIETÀ: NORD COSTRUZIONI GENERALI S.R.L.<br><br>1. La temporanea Istituzione del divieto di sosta e di fermata ambo i lati con rimozione forzata con<br>restringimento carreggiata in strada S. Girolamo (da via D. Cimarosa a via N. Rota), via Tomasicchio (da<br>strada S. Girolamo a via R. Leoncavallo), via Leoncavallo (da via Tomasicchio a via S. Sasso), via A.<br>Santoro (da via Tomasicchio a via R. Zandonai), via G. Puccini (da strada S. Girolamo a strada chiusa) e<br>via N. Rota (da strada S. Girolamo a via V. Crocitto), per lavori di ripristino manto stradale c/Enel;<br><br>Durata e tempistiche: 13/01/2026 - 13/02/2026<br>DALLE   07:00 - 17:00]]></description>
      <styleUrl>#line-E65100-5844</styleUrl>
      <LineString>
        <tessellate>1</tessellate>
        <coordinates>
          16.8267694,41.1362637,0
          16.8266085,41.1357264,0
          16.8265495,41.135593,0
          16.8263188,41.1356254,0
          16.8262276,41.1357021,0
          16.8260452,41.1357829,0
          16.8259272,41.1357264,0
          16.8257824,41.1356375,0
          16.8252405,41.1355446,0
          16.8239263,41.1357062,0
          16.8222633,41.1359769,0
          16.8207934,41.1361829,0
          16.8200129,41.1363122,0
          16.820147,41.1367344,0
          16.8201819,41.1369061,0
          16.82008,41.1369303,0
          16.8199888,41.1365546,0
          16.8199244,41.1363223,0
          16.8182936,41.136589,0
          16.8171725,41.1367627,0
          16.8158421,41.1369364,0
          16.8158689,41.1370879,0
          16.8160433,41.1378778,0
          16.8161693,41.1383262,0
          16.8155202,41.1383565,0
          16.8155202,41.1383828,0
          16.8161854,41.1383363,0
          16.816396,41.1393504,0
          16.8164228,41.1393403,0
          16.8162189,41.138405,0
          16.8174581,41.1382292,0
          16.8186115,41.1380474,0
          16.8185712,41.1379444,0
          16.8161814,41.1383161,0
          16.8158595,41.1369445,0
          16.8127294,41.1375101,0
        </coordinates>
      </LineString>
    </Placemark>
    <Placemark>
      <name>DIVIETO DI SOSTA E DI FERMATA/RESTRINGIMENTO CARREGGIATA</name>
      <description><![CDATA[Ordinanza: 2026/00090<br><br>https://drive.google.com/file/d/16aOXI0wwd___hlgJZxaJNNqMwVsJgvDT/view<br><br>ISTITUZIONE TEMPORANEA PER DIVIETO DI SOSTA E DI FERMATA AMBO I<br>LATI CON RIMOZIONE FORZATA CON RESTRINGIMENTO CARREGGIATA IN<br>STRADA S. GIROLAMO, VIA TOMASICCHIO, VIA LEONCAVALLO, VIA A.<br>SANTORO, VIA G. PUCCINI E VIA N. ROTA PER LAVORI DI RIPRISTINO MANTO<br>STRADALE C/ENEL.<br>SOCIETÀ: NORD COSTRUZIONI GENERALI S.R.L.<br><br>1. La temporanea Istituzione del divieto di sosta e di fermata ambo i lati con rimozione forzata con<br>restringimento carreggiata in strada S. Girolamo (da via D. Cimarosa a via N. Rota), via Tomasicchio (da<br>strada S. Girolamo a via R. Leoncavallo), via Leoncavallo (da via Tomasicchio a via S. Sasso), via A.<br>Santoro (da via Tomasicchio a via R. Zandonai), via G. Puccini (da strada S. Girolamo a strada chiusa) e<br>via N. Rota (da strada S. Girolamo a via V. Crocitto), per lavori di ripristino manto stradale c/Enel;<br><br>Durata e tempistiche: 13/01/2026 - 13/02/2026<br>DALLE 07:00 - 17:00]]></description>
      <styleUrl>#icon-1541-E65100</styleUrl>
      <Point>
        <coordinates>
          16.8265427,41.1361519,0
        </coordinates>
      </Point>
    </Placemark>
    <Placemark>
      <name>Via Trulli</name>
      <description><![CDATA[Ordinanza: 2026/00208<br><br>https://drive.google.com/file/d/1OgUz0PSaV2I2ZzJGmWWcMXWGiI8gYr-9/view<br><br>P1557 - PROGRAMMA DEGLI INTERVENTI AQP 2020-2023 “INTERVENTI<br><br>MIRATI PER CONSEGUIRE LA<br>DISTRETTUALIZZAZIONE, IL CONTROLLO DELLE PRESSIONI ED IL<br>MONITORAGGIO DELLE GRANDEZZE IDRAULICHE NELLE RETI DEL<br>TERRITORIO SERVITO DALL’ACQUEDOTTO PUGLIESE E SOSTITUZIONE DEI<br>TRONCHI VETUSTI ED AMMALORATI - LOTTO1 - BA1”. CUP:<br>E15G18000180005 - CIG: 953550212F –<br>ISTITUZIONE TEMPORANEAMENTE DEL DIVIETO DI SOSTA E<br>FERMATA AMBO I LATI E CHIUSURA TOTALE DELLA STRADA IN<br>CORRISPONDENZA DELLE INTERSEZIONI, ECCETTO RESIDENTI E<br>FRONTISTI, NONCHÉ RESTRINGIMENTO DI CARREGGIATA E/O DIVIETO DI<br>TRANSITO PER ISOLATI, SU VIA TRULLI (DA INTERSEZIONE CON VIA LAMA<br>DI GIOTTA A INTERSEZIONE CON VIA RAFFAELE RESTA RETTORE) INCROCI<br>COMPRESI, <br>SOCIETÀ: ACCIONA AGUA S.A.<br><br>Durata e Tempistiche: 15/01/2026 - 15/03/2026]]></description>
      <styleUrl>#line-E65100-6038</styleUrl>
      <LineString>
        <tessellate>1</tessellate>
        <coordinates>
          17.0019944,41.0882739,0
          17.0023136,41.0883588,0
          17.0025872,41.0883811,0
          17.0029063,41.0883325,0
          17.0033623,41.088183,0
          17.0038988,41.0879181,0
          17.0044674,41.0876614,0
        </coordinates>
      </LineString>
    </Placemark>
    <Placemark>
      <name>DIVIETO DI SOSTA E
FERMATA</name>
      <description><![CDATA[Ordinanza: 2026/00208<br><br>https://drive.google.com/file/d/1OgUz0PSaV2I2ZzJGmWWcMXWGiI8gYr-9/view<br><br>P1557 - PROGRAMMA DEGLI INTERVENTI AQP 2020-2023 “INTERVENTI<br><br>MIRATI PER CONSEGUIRE LA<br>DISTRETTUALIZZAZIONE, IL CONTROLLO DELLE PRESSIONI ED IL<br>MONITORAGGIO DELLE GRANDEZZE IDRAULICHE NELLE RETI DEL<br>TERRITORIO SERVITO DALL’ACQUEDOTTO PUGLIESE E SOSTITUZIONE DEI<br>TRONCHI VETUSTI ED AMMALORATI - LOTTO1 - BA1”. CUP:<br>E15G18000180005 - CIG: 953550212F –<br>ISTITUZIONE TEMPORANEAMENTE DEL DIVIETO DI SOSTA E<br>FERMATA AMBO I LATI E CHIUSURA TOTALE DELLA STRADA IN<br>CORRISPONDENZA DELLE INTERSEZIONI, ECCETTO RESIDENTI E<br>FRONTISTI, NONCHÉ RESTRINGIMENTO DI CARREGGIATA E/O DIVIETO DI<br>TRANSITO PER ISOLATI, SU VIA TRULLI (DA INTERSEZIONE CON VIA LAMA<br>DI GIOTTA A INTERSEZIONE CON VIA RAFFAELE RESTA RETTORE) INCROCI<br>COMPRESI, <br>SOCIETÀ: ACCIONA AGUA S.A.<br><br>Durata e Tempistiche: 15/01/2026 - 15/03/2026]]></description>
      <styleUrl>#icon-1541-E65100</styleUrl>
      <Point>
        <coordinates>
          17.0020837,41.0883943,0
        </coordinates>
      </Point>
    </Placemark>
    <Placemark>
      <name>RESTRINGIMENTO CARREGGIATA</name>
      <description><![CDATA[proroga<br>2026/00206 <br><br>https://drive.google.com/file/d/1FFNkLQ1abf3GSBgS3x0XI3aaGptZF1Ft/view<br><br>ISTITUZIONE TEMPORANEA DEL RESTRINGIMENTO CARREGGIATA SU VIA UGO FOSCOLO CIV. 193 ANGOLO VIA G. BRIGANTI LATO CIVICI DISPARI DAL GIORNO 02/12/2025 AL 23/12/2025 PER POSIZIONAMENTO IMPALCATURA FISSA PER SVOLGERE ATTIVITÀ DI RIFACIMENTO PROSPETTICO. RINNOVO DELL’ORDINANZA DIRIGENZIALE N. 2025/185/01819 DEL 01/12/2025. ISTANTE : FERRIERI TOMMASO (PROPRIETARIO DELL’IMMOBILE)<br><br>1. L’istituzione temporanea del divieto di sosta – zona rimozione nella zona fronte l’occupazione, nel tratto compreso tra i civici 2 e 8 di via Briganti; 2. L’istante avrà cura di presenziare la strada per preservare la circolazione stradale in prossimità del restringimento della carreggiata, utilizzando idonea segnaletica stradale temporanea e di cantiere, consentendo il transito in sicurezza dei pedoni sul lato opposto; 3. Tutti i provvedimenti in contrasto con la presente sono momentaneamente e provvisoriamente sospesi e divengono nuovamente efficaci all’esaurimento dei termini previsti dal presente disposto;<br><br><br>Durata e tempistiche: 12/01/2026 - 12/02/2026<br><br>https://drive.google.com/file/d/1VycyEpDSdnj6db9SpormDZl7lUCTJ2XV/view<br><br>ISTITUZIONE TEMPORANEA DEL RESTRINGIMENTO CARREGGIATA SU VIA UGO FOSCOLO CIV. 193 ANGOLO VIA G. BRIGANTI LATO CIVICI DISPARI DAL GIORNO 02/12/2025 AL 23/12/2025 PER POSIZIONAMENTO IMPALCATURA FISSA PER SVOLGERE ATTIVITÀ DI RIFACIMENTO PROSPETTICO. ISTANTE : FERRIERI TOMMASO (PROPRIETARIO DELL’IMMOBILE)<br><br>1. L’istituzione temporanea del divieto di sosta – zona rimozione nella zona fronte l’occupazione, nel tratto compreso tra i civici 2 e 8 di via Briganti; <br>2. L’istante avrà cura di presenziare la strada per preservare la circolazione stradale in prossimità del restringimento della carreggiata, utilizzando idonea segnaletica stradale temporanea e di cantiere, consentendo il transito in sicurezza dei pedoni sul lato opposto; <br>3. Tutti i provvedimenti in contrasto con la presente sono momentaneamente e provvisoriamente sospesi e divengono nuovamente efficaci all’esaurimento dei termini previsti dal presente disposto;<br><br>Durata e tempistiche: 02/12/2025 - 23/12/2025]]></description>
      <styleUrl>#icon-1541-E65100</styleUrl>
      <Point>
        <coordinates>
          16.8665221,41.069588,0
        </coordinates>
      </Point>
    </Placemark>
    <Placemark>
      <name>via Ugo Foscolo/via G. Briganti</name>
      <description><![CDATA[proroga<br>2026/00206 <br><br>https://drive.google.com/file/d/1FFNkLQ1abf3GSBgS3x0XI3aaGptZF1Ft/view<br><br>ISTITUZIONE TEMPORANEA DEL RESTRINGIMENTO CARREGGIATA SU VIA UGO FOSCOLO CIV. 193 ANGOLO VIA G. BRIGANTI LATO CIVICI DISPARI DAL GIORNO 02/12/2025 AL 23/12/2025 PER POSIZIONAMENTO IMPALCATURA FISSA PER SVOLGERE ATTIVITÀ DI RIFACIMENTO PROSPETTICO. RINNOVO DELL’ORDINANZA DIRIGENZIALE N. 2025/185/01819 DEL 01/12/2025. ISTANTE : FERRIERI TOMMASO (PROPRIETARIO DELL’IMMOBILE)<br><br>1. L’istituzione temporanea del divieto di sosta – zona rimozione nella zona fronte l’occupazione, nel tratto compreso tra i civici 2 e 8 di via Briganti; 2. L’istante avrà cura di presenziare la strada per preservare la circolazione stradale in prossimità del restringimento della carreggiata, utilizzando idonea segnaletica stradale temporanea e di cantiere, consentendo il transito in sicurezza dei pedoni sul lato opposto; 3. Tutti i provvedimenti in contrasto con la presente sono momentaneamente e provvisoriamente sospesi e divengono nuovamente efficaci all’esaurimento dei termini previsti dal presente disposto;<br><br><br>Durata e tempistiche: 12/01/2026 - 12/02/2026<br><br>https://drive.google.com/file/d/1VycyEpDSdnj6db9SpormDZl7lUCTJ2XV/view<br><br>ISTITUZIONE TEMPORANEA DEL RESTRINGIMENTO CARREGGIATA SU VIA UGO FOSCOLO CIV. 193 ANGOLO VIA G. BRIGANTI LATO CIVICI DISPARI DAL GIORNO 02/12/2025 AL 23/12/2025 PER POSIZIONAMENTO IMPALCATURA FISSA PER SVOLGERE ATTIVITÀ DI RIFACIMENTO PROSPETTICO. ISTANTE : FERRIERI TOMMASO (PROPRIETARIO DELL’IMMOBILE)<br><br>1. L’istituzione temporanea del divieto di sosta – zona rimozione nella zona fronte l’occupazione, nel tratto compreso tra i civici 2 e 8 di via Briganti; <br>2. L’istante avrà cura di presenziare la strada per preservare la circolazione stradale in prossimità del restringimento della carreggiata, utilizzando idonea segnaletica stradale temporanea e di cantiere, consentendo il transito in sicurezza dei pedoni sul lato opposto; <br>3. Tutti i provvedimenti in contrasto con la presente sono momentaneamente e provvisoriamente sospesi e divengono nuovamente efficaci all’esaurimento dei termini previsti dal presente disposto;<br><br>Durata e tempistiche: 02/12/2025 - 23/12//2025]]></description>
      <styleUrl>#line-E65100-3325</styleUrl>
      <LineString>
        <tessellate>1</tessellate>
        <coordinates>
          16.8666441,41.0695847,0
          16.8665636,41.0694977,0
          16.8662203,41.0696413,0
        </coordinates>
      </LineString>
    </Placemark>
    <Placemark>
      <name>Via Trani </name>
      <description><![CDATA[2026/00235<br><br>https://drive.google.com/file/d/1AlG5K40L3-5vd1X-5Ix6zH-LZrYrwEXE/view<br><br>ISTITUZIONE TEMPORANEA DI DIVIETO DI SOSTA AMBO I LATI CON RESTRINGIMENTO CARREGGIATA SU VIA G. MASSARI DAL CIV. 29 AL CIV. 37 E SU VIA TRANI NEL TRATTO COMPRESO TRA VIA G. MASSARI E VIA BARLETTA PER POSIZIONAMENTO IMPALCATURA METALLICA EDILE E PER AREA DI CANTIERE AL FINE DI ESEGUIRE LAVORI EDILI CONSISTENTI NEL RIFACIMENTO DELLE FACCIATE AL FABBRICATO UBICATO IN VIA MASSARI CIV. 10/C DAL 23/01/2026 AL 30/04/2026. ISTANTE : STERLICCHIO GIUSEPPE DITTA : COALTA S.R.L.<br><br>1. La temporanea Istituzione del divieto di sosta – rimozione coatta su via G. Massari dal civ. 29 al civ. 37 con restringimento carreggiata, al fine di consentire un regolare transito veicolare per la realizzazione del corridoio pedonale adiacente il marciapiede interessato dall’installazione del ponteggio; <br>2. La temporanea istituzione del divieto di sosta – rimozione forzata su via Trani nel tratto compreso tra via G. Massari e via Barletta con restringimento carreggiata al fine di consentire l’istituzione dell’area di cantiere sulla sede stradale;<br> 3. Il transito pedonale sul lato via G. Massari dovrà essere salvaguardato mediante la realizzazione di un corridoio pedonale sul tratto di carreggiata adiacente l’occupazione, di dimensioni trasversali di mt. 1.00 e debitamente protetto da corrimano, accessibile anche a persone don difficoltà motorie, deambulanti con ausili ortopedici;<br> 4. Il transito pedonale sul lato via Trani avverrà sul marciapiede ivi presente che non sarà interessato dall’occupazione di suolo pubblico richiesta; <br>5. Occorrerà interdire il transito dei pedoni nell’area di cantiere con particolare attenzione all’eventuale zona sottostante il braccio operativo; <br>6. Tutti i provvedimenti in contrasto con la presente sono momentaneamente e provvisoriam<br><br><br>Durata e tempistiche: 23/01/2026 - 30/04/2026]]></description>
      <styleUrl>#icon-1541-E65100</styleUrl>
      <Point>
        <coordinates>
          16.7493483,41.161507,0
        </coordinates>
      </Point>
    </Placemark>
    <Placemark>
      <name>Viale Einaudi/Viale Kennedy</name>
      <description><![CDATA[PROROGA<br>https://drive.google.com/file/d/19gBnbTN8XZI00BmRVpfbTOW4-mQoy2Fi/view<br><br>2026/00411<br><br>PROROGA ORDINANZA N. 2026/00236 2026/185/00051 DEL 15/01/2026<br>ISTITUZIONE TEMPORANEA DEL DIVIETO DI SOSTA E FERMATA CON<br>RIMOZIONE FORZATA AMBO I LATI E RESTRINGIMENTO DI CARREGGIATA<br>IN VIALE EINAUDI (DA LCIV 2 A FINO A CSO A. DE GASPERI), VIALE<br>KENNEDY (DA CSO A. DE GASPERI AL CIV 27) E VIALE KENNEDY (DAL CIV 6<br>A FINO A CSO A. DE GASPERI) - BARI” DAL GIORNO 07 FEBBRAIO 2026 AL<br>GIORNO 27 FEBBRAIO 2026 DALLE ORE 07.00 ALLE ORE 17:00 PER LAVORI<br>DI SCAVO C/ENEL,<br>dal giorno 07 Febbraio 2026 al giorno 27 Febbraio 2026dalle ore 07.00 alle ore 17.00 istituzione temporanea del<br>divieto di sosta e fermata con rimozione forzata ambo i lati e il restringimento della carreggiata su:<br> viale Einaudi (dal civ 2 A fino a cso A. De Gasperi),<br> viale Kennedy (da cso A. De Gasperi al civ 27)<br> viale Kennedy (dal civ 6 A fino a cso A. De Gasperi)<br>La graduazione della velocità in avvicinamento per metri 100 all’area del lavori con limite pari a 20 km/h.<br>Durante l’esecuzione dei lavori dovrà essere garantito l’accesso/uscita in zona ai residenti e mezzi di soccorso e/o polizia<br>e dovrà essere prevista la presenza di movieri, dotati di idoneo equipaggiamento, che dovranno sovraintendere alle<br>esigenze della circolazione stradale visto il restringimento della carreggiata e del senso unico alternato, con particolare<br>attenzione al transito pedonale e alle persone con ridotte capacità motorie.<br>A tal fine dovrà permanere transitabile e sgombra da ogni mezzo e materiale una corsia di larghezza non inferiore a<br>metri 3.50.<br>Dovranno essere inoltre assicurati gli accessi privati.<br>Tutti i provvedimenti in contrasto con la presente sono momentaneamente e provvisoriamente sospesi e divengono<br>nuovamente efficaci all’esaurimento dei termini previsti dal presente disp<br>TERMINE E DURATA :07 FEBBRAIO 2026 AL 27 FEBBRAIO 2026 ORE 07:00-17:00<br>2026/00236 <br><br>https://drive.google.com/file/d/11O82IfNb7eqtIITO946i132X7SaiSCOR/view<br><br>ISTITUZIONE TEMPORANEA DEL DIVIETO DI SOSTA E FERMATA CON RIMOZIONE FORZATA AMBO I LATI E RESTRINGIMENTO DI CARREGGIATA IN VIALE EINAUDI (DA LCIV 2 A FINO A CSO A. DE GASPERI), VIALE KENNEDY (DA CSO A. DE GASPERI AL CIV 27) E VIALE KENNEDY (DAL CIV 6 A FINO A CSO A. DE GASPERI) - BARI” DAL GIORNO 19 GENNAIO 2026 AL GIORNO 06 FEBBRAIO 2026 DALLE ORE 07.00 ALLE ORE 17:00 PER LAVORI DI SCAVO C/ENEL, RICHIEDENTE: ENEL DISTRIBUZIONE S.P.A. DITTA ESECUTRICE: NORD COSTRUZIONI GENERALI SRL <br><br>Istituzione temporanea del divieto di sosta e fermata con rimozione forzata ambo i lati e il restringimento della carreggiata su: <br>viale Einaudi (dal civ 2 A fino a cso A. De Gasperi), <br>viale Kennedy (da cso A. De Gasperi al civ 27)<br>viale Kennedy (dal civ 6 A fino a cso A. De Gasperi) <br>La graduazione della velocità in avvicinamento per metri 100 all’area del lavori con limite pari a 20 km/h. <br>Durante l’esecuzione dei lavori dovrà essere garantito l’accesso/uscita in zona ai residenti e mezzi di soccorso e/o polizia e dovrà essere prevista la presenza di movieri, dotati di idoneo equipaggiamento, che dovranno sovraintendere alle esigenze della circolazione stradale visto il restringimento della carreggiata e del senso unico alternato, con particolare attenzione al transito pedonale e alle persone con ridotte capacità motorie. A tal fine dovrà permanere transitabile e sgombra da ogni mezzo e materiale una corsia di larghezza non inferiore a metri 3.50.<br>Dovranno essere inoltre assicurati gli accessi privati. Tutti i provvedimenti in contrasto con la presente sono momentaneamente e provvisoriamente sospesi e divengono nuovamente efficaci all’esaurimento dei termini previsti dal presente disposto. <br><br>Durata e tempistiche: 19/01/2026 - 06/02/2026 07:00-17:00]]></description>
      <styleUrl>#line-E65100-3325</styleUrl>
      <LineString>
        <tessellate>1</tessellate>
        <coordinates>
          16.8725093,41.1006659,0
          16.8713613,41.1006295,0
          16.8705137,41.1007346,0
        </coordinates>
      </LineString>
    </Placemark>
    <Placemark>
      <name>Restringimento carreggiata/divieto di sosta</name>
      <description><![CDATA[PROROGA<br>https://drive.google.com/file/d/19gBnbTN8XZI00BmRVpfbTOW4-mQoy2Fi/view<br><br>2026/00411<br><br>PROROGA ORDINANZA N. 2026/00236 2026/185/00051 DEL 15/01/2026<br>ISTITUZIONE TEMPORANEA DEL DIVIETO DI SOSTA E FERMATA CON<br>RIMOZIONE FORZATA AMBO I LATI E RESTRINGIMENTO DI CARREGGIATA<br>IN VIALE EINAUDI (DA LCIV 2 A FINO A CSO A. DE GASPERI), VIALE<br>KENNEDY (DA CSO A. DE GASPERI AL CIV 27) E VIALE KENNEDY (DAL CIV 6<br>A FINO A CSO A. DE GASPERI) - BARI” DAL GIORNO 07 FEBBRAIO 2026 AL<br>GIORNO 27 FEBBRAIO 2026 DALLE ORE 07.00 ALLE ORE 17:00 PER LAVORI<br>DI SCAVO C/ENEL,<br>dal giorno 07 Febbraio 2026 al giorno 27 Febbraio 2026dalle ore 07.00 alle ore 17.00 istituzione temporanea del<br>divieto di sosta e fermata con rimozione forzata ambo i lati e il restringimento della carreggiata su:<br> viale Einaudi (dal civ 2 A fino a cso A. De Gasperi),<br> viale Kennedy (da cso A. De Gasperi al civ 27)<br> viale Kennedy (dal civ 6 A fino a cso A. De Gasperi)<br>La graduazione della velocità in avvicinamento per metri 100 all’area del lavori con limite pari a 20 km/h.<br>Durante l’esecuzione dei lavori dovrà essere garantito l’accesso/uscita in zona ai residenti e mezzi di soccorso e/o polizia<br>e dovrà essere prevista la presenza di movieri, dotati di idoneo equipaggiamento, che dovranno sovraintendere alle<br>esigenze della circolazione stradale visto il restringimento della carreggiata e del senso unico alternato, con particolare<br>attenzione al transito pedonale e alle persone con ridotte capacità motorie.<br>A tal fine dovrà permanere transitabile e sgombra da ogni mezzo e materiale una corsia di larghezza non inferiore a<br>metri 3.50.<br>Dovranno essere inoltre assicurati gli accessi privati.<br>Tutti i provvedimenti in contrasto con la presente sono momentaneamente e provvisoriamente sospesi e divengono<br>nuovamente efficaci all’esaurimento dei termini previsti dal presente disp<br>TERMINE E DURATA :07 FEBBRAIO 2026 AL 27 FEBBRAIO 2026 ORE 07:00-17:00<br><br>2026/00236 <br><br>https://drive.google.com/file/d/11O82IfNb7eqtIITO946i132X7SaiSCOR/view<br><br>ISTITUZIONE TEMPORANEA DEL DIVIETO DI SOSTA E FERMATA CON RIMOZIONE FORZATA AMBO I LATI E RESTRINGIMENTO DI CARREGGIATA IN VIALE EINAUDI (DA LCIV 2 A FINO A CSO A. DE GASPERI), VIALE KENNEDY (DA CSO A. DE GASPERI AL CIV 27) E VIALE KENNEDY (DAL CIV 6 A FINO A CSO A. DE GASPERI) - BARI” DAL GIORNO 19 GENNAIO 2026 AL GIORNO 06 FEBBRAIO 2026 DALLE ORE 07.00 ALLE ORE 17:00 PER LAVORI DI SCAVO C/ENEL, RICHIEDENTE: ENEL DISTRIBUZIONE S.P.A. DITTA ESECUTRICE: NORD COSTRUZIONI GENERALI SRL <br><br>Istituzione temporanea del divieto di sosta e fermata con rimozione forzata ambo i lati e il restringimento della carreggiata su: <br>viale Einaudi (dal civ 2 A fino a cso A. De Gasperi), <br>viale Kennedy (da cso A. De Gasperi al civ 27)<br>viale Kennedy (dal civ 6 A fino a cso A. De Gasperi) <br>La graduazione della velocità in avvicinamento per metri 100 all’area del lavori con limite pari a 20 km/h. <br>Durante l’esecuzione dei lavori dovrà essere garantito l’accesso/uscita in zona ai residenti e mezzi di soccorso e/o polizia e dovrà essere prevista la presenza di movieri, dotati di idoneo equipaggiamento, che dovranno sovraintendere alle esigenze della circolazione stradale visto il restringimento della carreggiata e del senso unico alternato, con particolare attenzione al transito pedonale e alle persone con ridotte capacità motorie. A tal fine dovrà permanere transitabile e sgombra da ogni mezzo e materiale una corsia di larghezza non inferiore a metri 3.50.<br>Dovranno essere inoltre assicurati gli accessi privati. Tutti i provvedimenti in contrasto con la presente sono momentaneamente e provvisoriamente sospesi e divengono nuovamente efficaci all’esaurimento dei termini previsti dal presente disposto. <br><br>Durata e tempistiche: 19/01/2026 - 06/02/2026 07:00-17:00]]></description>
      <styleUrl>#icon-1541-E65100</styleUrl>
      <Point>
        <coordinates>
          16.8709053,41.1008677,0
        </coordinates>
      </Point>
    </Placemark>
    <Placemark>
      <name>Via Valona</name>
      <description><![CDATA[2026/00237<br><br>https://drive.google.com/file/d/1P9Am62BhGDJPX6YQLayJzFMe3EM2Kori/view<br><br>AUTORIZZAZIONE TEMPORANEA AL TRANSITO DEI MEZZI SUPERIORI AI 35 Q.LI, IN DEROGA ALL’ORDINANZA SINDACALE N. 2322 DEL 20.3.1991, AI VEICOLI AL SERVIZIO DEL SIG. DIMASI ALBERTO E ISTITUZIONE TEMPORANEA DEL DIVIETO DI TRANSITO VEICOLARE , DIVIETO DI SOSTA CON RIMOZIONE FORZATA SU VIA VALONA DAL CIV 1 AL 45 TRATTO COMPRESO FRA VIA TANZI E VIA SIGNORILE PER SMONTAGGIO GRU DAL 04/02/26 AL 05/20/26. RICHIEDENTE: SIG. DIMASI ALBERTO <br><br>1. in deroga all’Ordinanza Sindacale n. 2322 del 20.3.1991, E’ CONSENTITO IL TRANSITO all’ interno del perimetro individuato dalla stessa: via B. Regina – via B. Bari – via Capruzzi – via Oberdan – via Di Vagno – lungomare Nazario Sauro – lungomare A. Di Crollalanza – p.zza IV Novembre – c.so V. Emanuele, ai veicoli al servizio del Sig. Dimasi Alberto; <br>2. istituzione temporanea del divieto di transito veicolare e divieto di sosta con rimozione forzata su via Valona dal civ 1 al civ 45; <br>3. Spostamento temporaneo degli stalli riservati alla sosta di diversamente abili ( 11986/E e 6667/E) con apposizione sulla segnaletica provvisoria del numero di contrassegno ben evidenziato dai civ. 41 e 11 di via Valona al civ. 57 di via Tanzi e al civ. 2/d di via Signorile.<br><br>Durata e tempistiche: 04/02/26 - 05/02/26]]></description>
      <styleUrl>#line-E65100-2938</styleUrl>
      <LineString>
        <tessellate>1</tessellate>
        <coordinates>
          16.8789823,41.1203875,0
          16.879685,41.1196156,0
        </coordinates>
      </LineString>
    </Placemark>
    <Placemark>
      <name>divieto di transito veicolare e divieto di sosta</name>
      <description><![CDATA[2026/00237<br><br>https://drive.google.com/file/d/1P9Am62BhGDJPX6YQLayJzFMe3EM2Kori/view<br><br>AUTORIZZAZIONE TEMPORANEA AL TRANSITO DEI MEZZI SUPERIORI AI 35 Q.LI, IN DEROGA ALL’ORDINANZA SINDACALE N. 2322 DEL 20.3.1991, AI VEICOLI AL SERVIZIO DEL SIG. DIMASI ALBERTO E ISTITUZIONE TEMPORANEA DEL DIVIETO DI TRANSITO VEICOLARE , DIVIETO DI SOSTA CON RIMOZIONE FORZATA SU VIA VALONA DAL CIV 1 AL 45 TRATTO COMPRESO FRA VIA TANZI E VIA SIGNORILE PER SMONTAGGIO GRU DAL 04/02/26 AL 05/20/26. RICHIEDENTE: SIG. DIMASI ALBERTO <br><br>1. in deroga all’Ordinanza Sindacale n. 2322 del 20.3.1991, E’ CONSENTITO IL TRANSITO all’ interno del perimetro individuato dalla stessa: via B. Regina – via B. Bari – via Capruzzi – via Oberdan – via Di Vagno – lungomare Nazario Sauro – lungomare A. Di Crollalanza – p.zza IV Novembre – c.so V. Emanuele, ai veicoli al servizio del Sig. Dimasi Alberto; <br>2. istituzione temporanea del divieto di transito veicolare e divieto di sosta con rimozione forzata su via Valona dal civ 1 al civ 45; <br>3. Spostamento temporaneo degli stalli riservati alla sosta di diversamente abili ( 11986/E e 6667/E) con apposizione sulla segnaletica provvisoria del numero di contrassegno ben evidenziato dai civ. 41 e 11 di via Valona al civ. 57 di via Tanzi e al civ. 2/d di via Signorile.<br><br>Durata e tempistiche: 04/02/26 - 05/02/26]]></description>
      <styleUrl>#icon-1541-E65100</styleUrl>
      <Point>
        <coordinates>
          16.8791887,41.1200658,0
        </coordinates>
      </Point>
    </Placemark>
    <Placemark>
      <name>Via Manzoni</name>
      <description><![CDATA[2026/00238<br><br>https://drive.google.com/file/d/1Soe7Y3XqBONAtS-6GfB-gHPiFifVBtHq/view<br><br>ISTITUZIONE TEMPORANEA DEL RESTRINGIMENTO DI CARREGGIATA E DEL DIVIETO DI SOSTA CON RIMOZIONE FORZATA AMBO I LATI PER ATTIVITÀ DI SCARIFICA, ASFALTO E SEGNALETICA ORIZZONTALE, NECESSARIE AL COMPLETAMENTO DEI LAVORI OGGETTO DI INTERVENTO SU VIA ALESSANDRO MANZONI TRATTO COMPRESO TRA VIA DOMENICO NICOLAI E PIAZZA GARIBALDI DALLA DATA DI EMANAZIONE DELLA PRESENTE ORDINANZA ,(15 GIORNI PER CIASCUN TRATTO) AL GIORNO 31 MARZO 2026. RICHIEDENTE: RETEGAS BARI S.P.A. – BARI. IMPRESA FAP S.R.L.,. <br><br>Restringimento di carreggiata e divieto di sosta con rimozione forzata ambo i lati su via Alessandro Manzoni tratto compreso tra via Domenico Nicolai e Piazza Garibaldi per fasi successive, suddivisi in sei tratti, ciascuno con una durata stimata di circa 15 gioni lavorativi: <br>1. Tratto compreso tra via Domenico Nicola e via Dante Alighieri; <br>2. Tratto compreso tra via Dante Alighieri e via Principe Amedeo;<br> 3. Tratto compreso tra via Principe Amedeo e via Nicolò Putignani;<br> 4. Tratto compreso tra via Nicolò Putignani e via Alessandro Maria Calefati; <br>5. Tratto compreso tra via Alessandro Maria Calefati e via Abate Giacinto Gimma;<br> 6. Tratto compreso tra via Abate Giacinto Gimma e Piazza Garibaldi. <br>Il cantiere avanzerà a step interessando singoli isolati e tratti di strada, la durata presunta per l'esecuzione dei lavori è di circa 15 giorni,<br><br>Durata e tempistiche: 15/01/2026 - 31/03/2026]]></description>
      <styleUrl>#line-E65100-3325</styleUrl>
      <LineString>
        <tessellate>1</tessellate>
        <coordinates>
          16.861383,41.1209024,0
          16.861383,41.1215248,0
          16.861265,41.1221794,0
          16.861147,41.1228906,0
          16.860999,41.123554,0
          16.860956,41.124172,0
          16.8608037,41.125299,0
        </coordinates>
      </LineString>
    </Placemark>
    <Placemark>
      <name>RESTRINGIMENTO DI CARREGGIATA / DIVIETO DI SOSTA</name>
      <description><![CDATA[2026/00238<br><br>https://drive.google.com/file/d/1Soe7Y3XqBONAtS-6GfB-gHPiFifVBtHq/view<br><br>ISTITUZIONE TEMPORANEA DEL RESTRINGIMENTO DI CARREGGIATA E DEL DIVIETO DI SOSTA CON RIMOZIONE FORZATA AMBO I LATI PER ATTIVITÀ DI SCARIFICA, ASFALTO E SEGNALETICA ORIZZONTALE, NECESSARIE AL COMPLETAMENTO DEI LAVORI OGGETTO DI INTERVENTO SU VIA ALESSANDRO MANZONI TRATTO COMPRESO TRA VIA DOMENICO NICOLAI E PIAZZA GARIBALDI DALLA DATA DI EMANAZIONE DELLA PRESENTE ORDINANZA ,(15 GIORNI PER CIASCUN TRATTO) AL GIORNO 31 MARZO 2026. RICHIEDENTE: RETEGAS BARI S.P.A. – BARI. IMPRESA FAP S.R.L.,. <br><br>Restringimento di carreggiata e divieto di sosta con rimozione forzata ambo i lati su via Alessandro Manzoni tratto compreso tra via Domenico Nicolai e Piazza Garibaldi per fasi successive, suddivisi in sei tratti, ciascuno con una durata stimata di circa 15 gioni lavorativi: <br>1. Tratto compreso tra via Domenico Nicola e via Dante Alighieri; <br>2. Tratto compreso tra via Dante Alighieri e via Principe Amedeo;<br> 3. Tratto compreso tra via Principe Amedeo e via Nicolò Putignani;<br> 4. Tratto compreso tra via Nicolò Putignani e via Alessandro Maria Calefati; <br>5. Tratto compreso tra via Alessandro Maria Calefati e via Abate Giacinto Gimma;<br> 6. Tratto compreso tra via Abate Giacinto Gimma e Piazza Garibaldi. <br>Il cantiere avanzerà a step interessando singoli isolati e tratti di strada, la durata presunta per l'esecuzione dei lavori è di circa 15 giorni,<br><br>Durata e tempistiche: 15/01/2026 - 31/03/2026]]></description>
      <styleUrl>#icon-1541-E65100</styleUrl>
      <Point>
        <coordinates>
          16.86121,41.1236225,0
        </coordinates>
      </Point>
    </Placemark>
    <Placemark>
      <name>VIA PIETRO COLLETTA </name>
      <description><![CDATA[2026/00240 <br><br>https://drive.google.com/file/d/1wl2E0JCFoX6qA6IQazrvZjRfHFpL4vpe/view<br><br>ISTITUZIONE TEMPORANEA DI CHIUSURA AL TRANSITO SU VIA PIETRO COLLETTA 24 TRATTO COMPRESO TRA VIA S. PIETRACOLA A V.LE L. PASTEUR, PER DEMOLIZIONE DEL MANUFATTO DALLA DATA DI EMANAZIONE DELLA PRESENTE ORDINANZA AL 4 MARZO 2027 DALLE ORE 07:00 ALLE ORE 17:00, DAL LUNEDÌ AL VENERDÌ E DALLE ORE 07:00 ALLE ORE 13:00 IL SABATO,; RICHIEDENTE: SIG. FERRARESE DOMENICO<br><br>Sono istituiti su via Pietro Colletta 24 tratto compreso tra via S. Pietracola a V.le L. Pasteur; <br>La chiusura al transito per tutti i veicoli; <br> divieto di fermata sul lato civici pari, nel tratto compreso da Via S. Pietracola al civico 6 di Via Р.Coletta (lato sinistro di marcia) e sul lato fronte civici pari, nel tratto compreso tra il civico 6 e V.leL. Pasteur, (lato destro di marcia) al fine di consentire il doppio senso di marcia e permettere l'afflusso e il deflusso alle proprietà laterali ai frontisti.<br><br>Durata e tempistiche: 15/01/2026 - 04/03/2026 lun-ven 07:00-17:00 sab 07:00-13:00]]></description>
      <styleUrl>#line-E65100-2744</styleUrl>
      <LineString>
        <tessellate>1</tessellate>
        <coordinates>
          16.8530041,41.1143461,0
          16.8553913,41.1138773,0
          16.8560296,41.1133963,0
        </coordinates>
      </LineString>
    </Placemark>
    <Placemark>
      <name>CHIUSURA AL TRANSITO</name>
      <description><![CDATA[2026/00240 <br><br>https://drive.google.com/file/d/1wl2E0JCFoX6qA6IQazrvZjRfHFpL4vpe/view<br><br>ISTITUZIONE TEMPORANEA DI CHIUSURA AL TRANSITO SU VIA PIETRO COLLETTA 24 TRATTO COMPRESO TRA VIA S. PIETRACOLA A V.LE L. PASTEUR, PER DEMOLIZIONE DEL MANUFATTO DALLA DATA DI EMANAZIONE DELLA PRESENTE ORDINANZA AL 4 MARZO 2027 DALLE ORE 07:00 ALLE ORE 17:00, DAL LUNEDÌ AL VENERDÌ E DALLE ORE 07:00 ALLE ORE 13:00 IL SABATO,; RICHIEDENTE: SIG. FERRARESE DOMENICO<br><br>Sono istituiti su via Pietro Colletta 24 tratto compreso tra via S. Pietracola a V.le L. Pasteur; <br>La chiusura al transito per tutti i veicoli; <br> divieto di fermata sul lato civici pari, nel tratto compreso da Via S. Pietracola al civico 6 di Via Р.Coletta (lato sinistro di marcia) e sul lato fronte civici pari, nel tratto compreso tra il civico 6 e V.leL. Pasteur, (lato destro di marcia) al fine di consentire il doppio senso di marcia e permettere l'afflusso e il deflusso alle proprietà laterali ai frontisti.<br><br> <br>Durata e tempistiche: 15/01/2026 - 04/03/2026 lun-ven 07:00-17:00 sab 07:00-13:00]]></description>
      <styleUrl>#icon-1541-E65100</styleUrl>
      <Point>
        <coordinates>
          16.8552625,41.1139824,0
        </coordinates>
      </Point>
    </Placemark>
    <Placemark>
      <name>RESTRINGIMENTO DI CARREGGIATA</name>
      <description><![CDATA[proroga<br>2026/00241 <br><br>https://drive.google.com/file/d/1wl2E0JCFoX6qA6IQazrvZjRfHFpL4vpe/view<br><br>RESTRINGIMENTO DI CARREGGIATA DEROGA AL DIVIETO DI SOSTA E DIVIETO DI SOSTA SU VIA ORFEO MAZZITELLI CIV.86 PER IL PERIODO DALLA DATA DI EMANAZIONE DELLA PRESENTE ORDINANZA AL 31/03/2026 PER REALIZZAZIONE RECINZIONE CANTIERE COSTRUZIONE EDIFICIO DI CULTO RICHIEDENTE: SIG. ROBERTO SECONI PROCURATORE SPECIALE DELLA CONGREGAZIONE CRISTIANA DEI TESTIMONI DI GEOVA <br><br><br>Durata e tempistiche: 15/01/2026 - 31/03/2026<br><br>2025/03411<br>https://drive.google.com/file/d/1PwbDUEFZJlFSZY6mj1KQucHLBTcXnk5B/view<br><br><br>RESTRINGIMENTO DI CARREGGIATA DEROGA AL DIVIETO DI SOSTA E DIVIETO DI SOSTA SU VIA ORFEO MAZZITELLI CIV.86 PER IL PERIODO DALLA DATA DI EMANAZIONE DELLA PRESENTE ORDINANZA AL 31 DICEMBRE 2025 PER REALIZZAZIONE RECINZIONE CANTIERE COSTRUZIONE EDIFICIO DI CULTO<br>RICHIEDENTE: SIG. ROBERTO SECONI PROCURATORE SPECIALE DELLA CONGREGAZIONE CRISTIANA DEI TESTIMONI DI GEOVA<br><br>Durata e tempistiche: 31/10/2025 - 31/12/2025 ]]></description>
      <styleUrl>#icon-1541-E65100</styleUrl>
      <Point>
        <coordinates>
          16.8533565,41.1037749,0
        </coordinates>
      </Point>
    </Placemark>
    <Placemark>
      <name>Via Amendola/Via Omodeo/Via Postiglione</name>
      <description><![CDATA[Ordinanza: 2026/00243<br>https://drive.google.com/file/d/1pR2T0pkeZpa4Km-zgxODqOZvYq7S5RKl/view<br><br>INTEGRATA: 2026/00704<br>https://drive.google.com/file/d/1NQ_kBsKylnRqbDH47KLI21Spj1JkTdBU/view<br><br>INTEGRATA :2026/00566<br>https://drive.google.com/file/d/1zT5ObK0Fqkz0r-8jbXoV2Y-zAbJCECxS/view<br><br>ORDINANZA PER ISTITUIRE TEMPORANEAMENTE UN DIVIETO DI SOSTA E<br>RESTRINGIMENTO CARREGGIATA SU VIA POSTIGLIONE DA VIA DEI MILLE<br>A VIA AMENDOLA, VIA AMENDOLA DA VIA POSTIGLIONE A CIV. 8 DI VIA<br>AMENDOLA, VIA OMODEO DA VIA AMENDOLA A VIA FORTUNATO DAL 1PER<br>LAVORI DI RIPRISTINO SEDE STRADALE.<br>IMPRESA: DMF COSTRUZIONI S.R.L.<br>ISTANTE: LOSACCO LUIGI (LEGALE RAPPRESENTANTE DELLA DMF<br>COSTRUZIONI S.R.L.)<br><br>Durata e tempistiche: 9/01/2026 - 16/03/2026  07:00 - 12:00 ]]></description>
      <styleUrl>#line-E65100-4294</styleUrl>
      <LineString>
        <tessellate>1</tessellate>
        <coordinates>
          16.8780507,41.1174664,0
          16.878689,41.116646,0
          16.879955,41.1150738,0
          16.8804593,41.114411,0
          16.8807758,41.1140271,0
          16.8791987,41.1132915,0
          16.8807973,41.1140352,0
          16.8818809,41.112564,0
          16.8836779,41.1103249,0
          16.8842412,41.1096135,0
          16.8845899,41.1089022,0
          16.8852142,41.1075114,0
          16.8817253,41.1060485,0
          16.8800409,41.105709,0
          16.879689,41.105649,0
          16.8793744,41.1056764,0
        </coordinates>
      </LineString>
    </Placemark>
    <Placemark>
      <name>DIVIETO DI SOSTA E
RESTRINGIMENTO CARREGGIATA</name>
      <description><![CDATA[Ordinanza: 2026/00243<br>https://drive.google.com/file/d/1pR2T0pkeZpa4Km-zgxODqOZvYq7S5RKl/view<br><br>INTEGRATA: 2026/00704<br>https://drive.google.com/file/d/1NQ_kBsKylnRqbDH47KLI21Spj1JkTdBU/view<br><br>INTEGRATA :2026/00566<br>https://drive.google.com/file/d/1zT5ObK0Fqkz0r-8jbXoV2Y-zAbJCECxS/view<br><br>ORDINANZA PER ISTITUIRE TEMPORANEAMENTE UN DIVIETO DI SOSTA E<br>RESTRINGIMENTO CARREGGIATA SU VIA POSTIGLIONE DA VIA DEI MILLE<br>A VIA AMENDOLA, VIA AMENDOLA DA VIA POSTIGLIONE A CIV. 8 DI VIA<br>AMENDOLA, VIA OMODEO DA VIA AMENDOLA A VIA FORTUNATO DAL 1PER<br>LAVORI DI RIPRISTINO SEDE STRADALE.<br>IMPRESA: DMF COSTRUZIONI S.R.L.<br>ISTANTE: LOSACCO LUIGI (LEGALE RAPPRESENTANTE DELLA DMF<br>COSTRUZIONI S.R.L.)<br><br>Durata e tempistiche: 9/01/2026 - 16/03/2026 07:00 - 12:00 ]]></description>
      <styleUrl>#icon-1541-E65100</styleUrl>
      <Point>
        <coordinates>
          16.8783158,41.1174255,0
        </coordinates>
      </Point>
    </Placemark>
    <Placemark>
      <name>RESTRINGIMENTO CARREGGIATA E
DIVIETO DI SOSTA IN VIALE O. FLACCO</name>
      <description><![CDATA[Ordinanza: 2026/00247<br><br>https://drive.google.com/file/d/1zJp91ho5fQxBe4Uek1sv_jQAb4EC31YP/view<br><br>ISTITUZIONE TEMPORANEA DEL RESTRINGIMENTO CARREGGIATA E<br>DIVIETO DI SOSTA IN VIALE O. FLACCO DA VIA PAPA GIOVANNI XXIII A<br>VIALE PAPA PIO XII PER LAVORI DI COSTRUZIONE IMPIANTO IDRICO E<br>FOGNARIO <br>IMPRESA: IMPRESA INDIVIDUALE “FRISULLO LUIGI”<br>ISTANTE: AQP S.P.A.<br><br>Durata e tempistiche: 16/02/2026 - 28/02/2026.]]></description>
      <styleUrl>#icon-1541-E65100</styleUrl>
      <Point>
        <coordinates>
          16.8598694,41.1070284,0
        </coordinates>
      </Point>
    </Placemark>
    <Placemark>
      <name>Piste ciclabili: Viale Gennaro Trisorio-Liuzzi/Via Giulio Petroni/Viale John F. Kennedy/Viale Luigi Einaudi</name>
      <description><![CDATA[2026/00244 <br><br>https://drive.google.com/file/d/1vYu9cjbTuVEqXifhb_xcq_PkDDSWZW72/view<br><br>RETTIFICA: 2026/00250 https://drive.google.com/file/d/1Gp_k0pS5lo6_NOavWie-oSoErAVf3_s3/view<br><br>SPECIFICA: 2026/00256<br>https://drive.google.com/file/d/1V-WEyYE_UsuS49mS_jPKxOA1sGwrq8fK/view<br><br>PN23026 AFFIDAMENTO CONGIUNTO DI PROGETTAZIONE DEFINITIVA, ESECUTIVA ED ESECUZIONE DEI LAVORI DI REALIZZAZIONE DI CICLOVIE URBANE. RAFFORZAMENTO DELLA MOBILITA’ CICLISTICA. PROGETTO: RAFFORZAMENTO DELLA MOBILITA’ CICLISTICAREALIZZAZIONE DI CICLOVIE URBANE. CIG AQ A03137FD91 - CIG CA1 A045BD61F6- CUP J91B22000650006 COMMITTENTE: COMUNE DI BARI IMPRESA ESEC.: SOCIETÀ COSTRUZIONI GENERALI DI SANTO SRL CON SEDE CON SEDE A ANDRIA (BT), VIALE DELLA COSTITUZIONE N. 147, CAP 76123, (C.F./P.IVA 07174340724, NUMERO REA BA 537745) OGGETTO : RICHIESTA REGOLAMENTAZIONE TEMPORANEA DELLA CIRCOLAZIONE DAL GIORNO 16/01/2026 AL GIORNO 30/05/2026 SU VIALE GENNARO TRISORIO-LIUZZI, VIA GIULIO PETRONI, VIALE JOHN F. KENNEDY E VIALE LUIGI EINAUDI PER LAVORI DI REALIZZAZIONE DI CICLOVIE URBANE. CIG AQ A03137FD91 - CIG CA1 A045BD61F6- CUP J91B22000650006<br><br>1. Restringimento della corsia di Viale Gennaro Trisorio-Liuzzi, diretta verso il centro della città, nel tratto stradale compreso tra l’intersezione con Via Mons. Jolando Nuzzi e Via Carlo Alberto della Chiesa, precisamente al (sovrappasso S.S.16 Adriatica), dal margine della carreggiata verso l’asse stradale, per una larghezza pari a m 4,00circa; 2. Restringimento della corsia di Via Giulio Petroni, diretta verso il centro della città, nel tratto stradale compreso tra Via Carlo Alberto della Chiesa (sovrappasso S.S.16 Adriatica) e intersezione con Viale John F. Kennedy, dal margine della carreggiata verso l’asse stradale, per una larghezza pari a m 4,00 circa;<br> 3. Restringimento delle corsie dx e sx di Viale John F. Kennedy, diretta verso il centro della città, nel tratto stradale compreso tra l’intersezione con Via Giulio Petroni e intersezione con Viale Luigi Einaudi/Corso Alcide de Gasperi; sull’isola spartitraffico dell’intera strada (asse stradale), per una larghezza pari a m 4,00 circa; <br>4. Restringimento delle corsie dx e sx di Viale Luigi Einaudi, diretta verso il centro della città, nel tratto stradale compreso tra l’intersezione con Viale John F. Kennedy/Corso Alcide de Gasperi e intersezione con Via della Costituente, sull’asse stradale di Viale Luigi Einaudi, per una larghezza pari a m 4,00 circa; <br>5. Divieto di fermata sui tratti di strada interessati dai lavori, lungo uno o entrambi i margini della carreggiata;<br>6. Transito a senso unico alternato nel tempo, regolato ai sensi dall’art. 42, comma 2 del D.P.R. 16 dicembre 1992, n.495, qualora la presenza dei lavori e del cantiere mobile - su strade percorribili secondo entrambi i sensi di marcia - determini un restringimento della carreggiata inferiore in larghezza a 5,60 metri. In tal caso occorrerà regolare il passaggio dei veicoli nel tempo ai sensi del comma 3 dell’articolo 42; <br>7. Divieto di transito sulla semicarreggiata impegnata dai lavori e dal cantiere mobile su strade percorribili a senso unico di marcia, aventi larghezza della carreggiata superiore a 6,00 metri; <br>8. Istituire il divieto di transito su strade percorribili a senso unico di marcia aventi larghezza della carreggiata uguale o inferiore a 6,00 metri, del tutto impegnate dai lavori e dal cantiere mobile.<br> 9. Rimozione forzata del veicolo lasciato in sosta in violazione del divieto di fermata istituito per motivi di manutenzione dovrà essere rimosso ai sensi dell’articolo 159, comma 1, lettera d) del Decreto legislativo 30 aprile1992, n.285<br>10. Sui tratti stradali in cui si darà esecuzione temporanea ai provvedimenti di circolazione, in deroga, i veicoli al servizio dell’impresa appaltatrice, o dei loro subappaltatori, potranno sostare per il tempo strettamente necessario alle attività connesse ai lavori;<br><br>Durata e tempistiche: 16/01/2026 - 30/05/2026]]></description>
      <styleUrl>#line-E65100-5069</styleUrl>
      <LineString>
        <tessellate>1</tessellate>
        <coordinates>
          16.8735623,41.1005408,0
          16.8715077,41.1005448,0
          16.8688523,41.1008359,0
          16.867243,41.1009046,0
          16.8673396,41.0997525,0
          16.8676346,41.0970602,0
          16.8674898,41.0957787,0
          16.8665564,41.0938301,0
          16.8661862,41.093074,0
          16.8658375,41.0909192,0
          16.8658483,41.0897143,0
          16.8655961,41.0889947,0
          16.8653279,41.0876483,0
          16.8650973,41.0848544,0
          16.8650007,41.0841347,0
          16.8647164,41.0836252,0
          16.8638663,41.081776,0
          16.8621361,41.0785707,0
          16.8610847,41.0756228,0
          16.8610364,41.0746522,0
          16.8627584,41.0686709,0
          16.8627745,41.0674212,0
          16.8625277,41.0664384,0
          16.8611383,41.0647154,0
          16.8608594,41.0642179,0
          16.8602639,41.0608486,0
          16.8596416,41.0594774,0
          16.8582362,41.0574873,0
          16.8578499,41.0562454,0
          16.8575173,41.0551452,0
          16.8571043,41.0544008,0
          16.856203,41.0532237,0
          16.8548029,41.0503474,0
          16.8541753,41.0495262,0
          16.8522226,41.0484177,0
          16.850565,41.0469653,0
        </coordinates>
      </LineString>
    </Placemark>
    <Placemark>
      <name>restringimento carreggiata/divieto di sosta</name>
      <description><![CDATA[2026/00244 <br><br>https://drive.google.com/file/d/1vYu9cjbTuVEqXifhb_xcq_PkDDSWZW72/view<br><br>PN23026 AFFIDAMENTO CONGIUNTO DI PROGETTAZIONE DEFINITIVA, ESECUTIVA ED ESECUZIONE DEI LAVORI DI REALIZZAZIONE DI CICLOVIE URBANE. RAFFORZAMENTO DELLA MOBILITA’ CICLISTICA. PROGETTO: RAFFORZAMENTO DELLA MOBILITA’ CICLISTICAREALIZZAZIONE DI CICLOVIE URBANE. CIG AQ A03137FD91 - CIG CA1 A045BD61F6- CUP J91B22000650006 COMMITTENTE: COMUNE DI BARI IMPRESA ESEC.: SOCIETÀ COSTRUZIONI GENERALI DI SANTO SRL CON SEDE CON SEDE A ANDRIA (BT), VIALE DELLA COSTITUZIONE N. 147, CAP 76123, (C.F./P.IVA 07174340724, NUMERO REA BA 537745) OGGETTO : RICHIESTA REGOLAMENTAZIONE TEMPORANEA DELLA CIRCOLAZIONE DAL GIORNO 16/01/2026 AL GIORNO 30/05/2026 SU VIALE GENNARO TRISORIO-LIUZZI, VIA GIULIO PETRONI, VIALE JOHN F. KENNEDY E VIALE LUIGI EINAUDI PER LAVORI DI REALIZZAZIONE DI CICLOVIE URBANE. CIG AQ A03137FD91 - CIG CA1 A045BD61F6- CUP J91B22000650006<br><br>1. Restringimento della corsia di Viale Gennaro Trisorio-Liuzzi, diretta verso il centro della città, nel tratto stradale compreso tra l’intersezione con Via Mons. Jolando Nuzzi e Via Carlo Alberto della Chiesa, precisamente al (sovrappasso S.S.16 Adriatica), dal margine della carreggiata verso l’asse stradale, per una larghezza pari a m 4,00circa; 2. Restringimento della corsia di Via Giulio Petroni, diretta verso il centro della città, nel tratto stradale compreso tra Via Carlo Alberto della Chiesa (sovrappasso S.S.16 Adriatica) e intersezione con Viale John F. Kennedy, dal margine della carreggiata verso l’asse stradale, per una larghezza pari a m 4,00 circa;<br> 3. Restringimento delle corsie dx e sx di Viale John F. Kennedy, diretta verso il centro della città, nel tratto stradale compreso tra l’intersezione con Via Giulio Petroni e intersezione con Viale Luigi Einaudi/Corso Alcide de Gasperi; sull’isola spartitraffico dell’intera strada (asse stradale), per una larghezza pari a m 4,00 circa; <br>4. Restringimento delle corsie dx e sx di Viale Luigi Einaudi, diretta verso il centro della città, nel tratto stradale compreso tra l’intersezione con Viale John F. Kennedy/Corso Alcide de Gasperi e intersezione con Via della Costituente, sull’asse stradale di Viale Luigi Einaudi, per una larghezza pari a m 4,00 circa; <br>5. Divieto di fermata sui tratti di strada interessati dai lavori, lungo uno o entrambi i margini della carreggiata;<br>6. Transito a senso unico alternato nel tempo, regolato ai sensi dall’art. 42, comma 2 del D.P.R. 16 dicembre 1992, n.495, qualora la presenza dei lavori e del cantiere mobile - su strade percorribili secondo entrambi i sensi di marcia - determini un restringimento della carreggiata inferiore in larghezza a 5,60 metri. In tal caso occorrerà regolare il passaggio dei veicoli nel tempo ai sensi del comma 3 dell’articolo 42; <br>7. Divieto di transito sulla semicarreggiata impegnata dai lavori e dal cantiere mobile su strade percorribili a senso unico di marcia, aventi larghezza della carreggiata superiore a 6,00 metri; <br>8. Istituire il divieto di transito su strade percorribili a senso unico di marcia aventi larghezza della carreggiata uguale o inferiore a 6,00 metri, del tutto impegnate dai lavori e dal cantiere mobile.<br> 9. Rimozione forzata del veicolo lasciato in sosta in violazione del divieto di fermata istituito per motivi di manutenzione dovrà essere rimosso ai sensi dell’articolo 159, comma 1, lettera d) del Decreto legislativo 30 aprile1992, n.285<br>10. Sui tratti stradali in cui si darà esecuzione temporanea ai provvedimenti di circolazione, in deroga, i veicoli al servizio dell’impresa appaltatrice, o dei loro subappaltatori, potranno sostare per il tempo strettamente necessario alle attività connesse ai lavori;<br><br><br>Durata e tempistiche: 16/01/2026 - 30/05/2026]]></description>
      <styleUrl>#icon-1541-E65100</styleUrl>
      <Point>
        <coordinates>
          16.8597768,41.0639846,0
        </coordinates>
      </Point>
    </Placemark>
    <Placemark>
      <name>STRADA SANTA CATERINA E STRADA MASSIMI LOSACCO</name>
      <description><![CDATA[REVOCA DELL’ORDINANZA DIRIGENZIALE N. 2026/00249<br><br>2026/00579<br><br>https://drive.google.com/file/d/1GBe3-_6pFKxp1_dsTb-mXkx88MKoUlmh/view<br><br>REGOLAMENTAZIONE TEMPORANEA DELLA CIRCOLAZIONE SU STRADA SANTA CATERINA E STRADA MASSIMI LOSACCO FINO AL GIORNO 31.03.2026 LAVORI DI "LINEA BARI - ALTAMURA - MATERA DELLE FERROVIE APPULO LUCANE S.R.L. - POTENZIAMENTO E VELOCIZZAZIONE DELLA TRATTA BARI - TORITTO. LOTTO 4: RADDOPPIO BARI POLICLINICO - BARI S. ANDREA". SOVRAPPASSO S. CATERINA. REVOCA DELL’ORDINANZA DIRIGENZIALE N. 2026/00249 IMPRESA ESECUTRICE: COBAR S.P.A<br><br>a) L’istituzione del divieto di transito, eccetto frontisti, a tutti i veicoli sui seguenti tratti stradali:<br> i) Strada Santa Caterina nel tratto stradale compreso tra il passaggio a livello e via San Giorgio Martire; o l’ingresso e l’uscita dei frontisti dovrà avvenire esclusivamente dalla rotatoria con via San Giorgio Martire; <br>ii) Strada Santa Caterina nel tratto stradale compreso tra viale Caduti di Nassiriya e Strada Massimi Losacco o l’ingresso e l’uscita dei frontisti dovrà avvenire esclusivamente dalla rotatoria con viale Caduti di Nassiriya;<br> iii) Strada Massimi – Losacco; o L’ingresso e l’uscita dei frontisti dovrà avvenire esclusivamente da via Generale Bellomo;<br> b) L’istituzione dell’obbligo di proseguire diritto a tutti i veicoli eccetto frontisti sui seguenti tratti stradali:<br> i) via Generale Nicola Bellomo all’intersezione con Strada Massimi Losacco per entrambe le correnti di traffico; <br>a) L’istituzione del limite massimo di velocità pari a trenta chilometri orari a tutti i veicoli in avvicinamento alle aree interessate dai lavori. 2) Dai divieti di cui al punto 1) sono esclusi: i) i veicoli al servizio, ovvero di proprietà dell’impresa esecutrice dei lavori e sue subappaltatrici;<br>ii) i veicoli delle forze dell’ordine, dei vigili del fuoco e delle ambulanze durante l’espletamento di servizi d’istituto e di soccorso pubblico e d’emergenza;<br><br>Durata e tempistiche: 03/02/2026 - 31/03/2026<br><br>2026/00249<br> https://drive.google.com/file/d/1EuApqvL_QhrXXW3b-e_FuiOlYIo6_GFP/view<br><br>REGOLAMENTAZIONE TEMPORANEA DELLA CIRCOLAZIONE SU STRADA SANTA CATERINA E STRADA MASSIMI LOSACCO FINO AL GIORNO 31.03.2026 LAVORI DI "LINEA BARI - ALTAMURA - MATERA DELLE FERROVIE APPULO LUCANE S.R.L. - POTENZIAMENTO E VELOCIZZAZIONE DELLA TRATTA BARI - TORITTO. LOTTO 4: RADDOPPIO BARI POLICLINICO - BARI S. ANDREA". SOVRAPPASSO S. CATERINA. IMPRESA ESECUTRICE: COBAR S.P.A.<br><br>a) L’istituzione del divieto di transito a tutti i veicoli sui seguenti tratti stradali: <br>i) Strada Santa Caterina nel tratto stradale compreso tra Strada Massimi – Losacco e via San Giorgio Martire; <br>b) L’istituzione del senso unico di marcia a tutti i veicoli sui seguenti tratti stradali: <br>i) Strada Santa Caterina nel tratto stradale compreso tra via Nicola Ruffo e Strada Massimi – Losacco, nella direzione che va da via Nicola Ruffo verso Strada Massimi - Losacco; <br>ii) Strada Massimi Losacco nella direzione che va da Strada Santa Caterina verso via Generale Nicola Bellomo, eccetto frontisti; <br>c) L’istituzione del restringimento di carreggiata a tutti i veicoli sui seguenti tratti stradali:<br> i) Strada Santa Caterina nel tratto stradale compreso tra via Nicola Ruffo e Strada Massimi – Losacco; <br>d) L’istituzione del divieto di accesso a tutti i veicoli sui seguenti tratti stradali: <br>i) Strada Massimi Losacco all’intersezione con via Generale Nicola Bellomo per i veicoli provenienti da via Generale Nicola Bellomo, eccetto frontisti;<br> e) L’istituzione dell’obbligo di proseguire diritto a tutti i veicoli sui seguenti tratti stradali:<br> i) via Generale Nicola Bellomo all’intersezione con Strada Massimi Losacco per entrambe le correnti di traffico, eccetto frontisti;<br> a) L’istituzione del limite massimo di velocità pari a trenta chilometri orari a tutti i veicoli in avvicinamento alle aree interessate dai lavori. <br>2) Dai divieti di cui al punto 1) sono esclusi: i) i veicoli al servizio, ovvero di proprietà dell’impresa esecutrice dei la]]></description>
      <styleUrl>#line-E65100-3131</styleUrl>
      <LineString>
        <tessellate>1</tessellate>
        <coordinates>
          16.8502638,41.1056725,0
          16.8477854,41.1070872,0
          16.8394169,41.1062384,0
          16.8358764,41.102269,0
          16.8394062,41.1062384,0
          16.8430647,41.1092941,0
          16.8449208,41.1116545,0
          16.8463048,41.113158,0
          16.8466696,41.1133439,0
        </coordinates>
      </LineString>
    </Placemark>
    <Placemark>
      <name>divieto di transito/senso unico di marcia/restringimento di carreggiata/divieto di accesso </name>
      <description><![CDATA[REVOCA DELL’ORDINANZA DIRIGENZIALE N. 2026/00249<br><br>2026/00579<br><br>https://drive.google.com/file/d/1GBe3-_6pFKxp1_dsTb-mXkx88MKoUlmh/view<br><br>REGOLAMENTAZIONE TEMPORANEA DELLA CIRCOLAZIONE SU STRADA SANTA CATERINA E STRADA MASSIMI LOSACCO FINO AL GIORNO 31.03.2026 LAVORI DI "LINEA BARI - ALTAMURA - MATERA DELLE FERROVIE APPULO LUCANE S.R.L. - POTENZIAMENTO E VELOCIZZAZIONE DELLA TRATTA BARI - TORITTO. LOTTO 4: RADDOPPIO BARI POLICLINICO - BARI S. ANDREA". SOVRAPPASSO S. CATERINA. REVOCA DELL’ORDINANZA DIRIGENZIALE N. 2026/00249 IMPRESA ESECUTRICE: COBAR S.P.A<br><br>a) L’istituzione del divieto di transito, eccetto frontisti, a tutti i veicoli sui seguenti tratti stradali:<br> i) Strada Santa Caterina nel tratto stradale compreso tra il passaggio a livello e via San Giorgio Martire; o l’ingresso e l’uscita dei frontisti dovrà avvenire esclusivamente dalla rotatoria con via San Giorgio Martire; <br>ii) Strada Santa Caterina nel tratto stradale compreso tra viale Caduti di Nassiriya e Strada Massimi Losacco o l’ingresso e l’uscita dei frontisti dovrà avvenire esclusivamente dalla rotatoria con viale Caduti di Nassiriya;<br> iii) Strada Massimi – Losacco; o L’ingresso e l’uscita dei frontisti dovrà avvenire esclusivamente da via Generale Bellomo;<br> b) L’istituzione dell’obbligo di proseguire diritto a tutti i veicoli eccetto frontisti sui seguenti tratti stradali:<br> i) via Generale Nicola Bellomo all’intersezione con Strada Massimi Losacco per entrambe le correnti di traffico; <br>a) L’istituzione del limite massimo di velocità pari a trenta chilometri orari a tutti i veicoli in avvicinamento alle aree interessate dai lavori. 2) Dai divieti di cui al punto 1) sono esclusi: i) i veicoli al servizio, ovvero di proprietà dell’impresa esecutrice dei lavori e sue subappaltatrici;<br>ii) i veicoli delle forze dell’ordine, dei vigili del fuoco e delle ambulanze durante l’espletamento di servizi d’istituto e di soccorso pubblico e d’emergenza;<br><br>Durata e tempistiche: 03/02/2026 - 31/03/2026<br><br>2026/00249 <br>https://drive.google.com/file/d/1EuApqvL_QhrXXW3b-e_FuiOlYIo6_GFP/view<br><br>REGOLAMENTAZIONE TEMPORANEA DELLA CIRCOLAZIONE SU STRADA SANTA CATERINA E STRADA MASSIMI LOSACCO FINO AL GIORNO 31.03.2026 LAVORI DI "LINEA BARI - ALTAMURA - MATERA DELLE FERROVIE APPULO LUCANE S.R.L. - POTENZIAMENTO E VELOCIZZAZIONE DELLA TRATTA BARI - TORITTO. LOTTO 4: RADDOPPIO BARI POLICLINICO - BARI S. ANDREA". SOVRAPPASSO S. CATERINA. IMPRESA ESECUTRICE: COBAR S.P.A.<br><br>a) L’istituzione del divieto di transito a tutti i veicoli sui seguenti tratti stradali: <br>i) Strada Santa Caterina nel tratto stradale compreso tra Strada Massimi – Losacco e via San Giorgio Martire; <br>b) L’istituzione del senso unico di marcia a tutti i veicoli sui seguenti tratti stradali: <br>i) Strada Santa Caterina nel tratto stradale compreso tra via Nicola Ruffo e Strada Massimi – Losacco, nella direzione che va da via Nicola Ruffo verso Strada Massimi - Losacco; <br>ii) Strada Massimi Losacco nella direzione che va da Strada Santa Caterina verso via Generale Nicola Bellomo, eccetto frontisti; <br>c) L’istituzione del restringimento di carreggiata a tutti i veicoli sui seguenti tratti stradali:<br> i) Strada Santa Caterina nel tratto stradale compreso tra via Nicola Ruffo e Strada Massimi – Losacco; <br>d) L’istituzione del divieto di accesso a tutti i veicoli sui seguenti tratti stradali: <br>i) Strada Massimi Losacco all’intersezione con via Generale Nicola Bellomo per i veicoli provenienti da via Generale Nicola Bellomo, eccetto frontisti;<br> e) L’istituzione dell’obbligo di proseguire diritto a tutti i veicoli sui seguenti tratti stradali:<br> i) via Generale Nicola Bellomo all’intersezione con Strada Massimi Losacco per entrambe le correnti di traffico, eccetto frontisti;<br> a) L’istituzione del limite massimo di velocità pari a trenta chilometri orari a tutti i veicoli in avvicinamento alle aree interessate dai lavori. <br>2) Dai divieti di cui al punto 1) sono esclusi: i) i veicoli al servizio, ovvero di proprietà dell’impresa esecutrice dei la]]></description>
      <styleUrl>#icon-1541-E65100</styleUrl>
      <Point>
        <coordinates>
          16.839771,41.106877,0
        </coordinates>
      </Point>
    </Placemark>
    <Placemark>
      <name>Via Rocco n.4</name>
      <description><![CDATA[Ordinanza: 2026/00257<br><br>https://drive.google.com/file/d/1_QRwzlEjTtb50RzGmeCjGrXGnUqD3jPv/view<br><br>ORDINANZA PER ISTITUIRE TEMPORANEAMENTE UN DIVIETO DI TRANSITO<br>E DI SOSTA AMBO I LATI SU VIA ROPPO DAL CIV. 5 A VIA GIUSEPPE DE<br>MARINIS/CORSO A. DE GASPERI PER LAVORI DI SCAVO PER LA POSA CAVI<br>MT <br>IMPRESA: DMF COSTRUZIONI S.R.L.<br>ISTANTE: LOSACCO LUIGI (LEGALE RAPPRESENTANTE DELLA DMF<br>COSTRUZIONI S.R.L.)<br><br>Durata e tempistiche: 19/01/2026 - 28/02/2026.]]></description>
      <styleUrl>#line-E65100-5456</styleUrl>
      <LineString>
        <tessellate>1</tessellate>
        <coordinates>
          16.8686405,41.0784038,0
          16.870223,41.0783675,0
        </coordinates>
      </LineString>
    </Placemark>
    <Placemark>
      <name>DIVIETO DI TRANSITO
E DI SOSTA</name>
      <description><![CDATA[Ordinanza: 2026/00257<br><br>https://drive.google.com/file/d/1_QRwzlEjTtb50RzGmeCjGrXGnUqD3jPv/view<br><br>ORDINANZA PER ISTITUIRE TEMPORANEAMENTE UN DIVIETO DI TRANSITO<br>E DI SOSTA AMBO I LATI SU VIA ROPPO DAL CIV. 5 A VIA GIUSEPPE DE<br>MARINIS/CORSO A. DE GASPERI PER LAVORI DI SCAVO PER LA POSA CAVI<br>MT <br>IMPRESA: DMF COSTRUZIONI S.R.L.<br>ISTANTE: LOSACCO LUIGI (LEGALE RAPPRESENTANTE DELLA DMF<br>COSTRUZIONI S.R.L.)<br><br>Durata e tempistiche: 19/01/2026 - 28/02/2026.]]></description>
      <styleUrl>#icon-1541-E65100</styleUrl>
      <Point>
        <coordinates>
          16.8701371,41.0783149,0
        </coordinates>
      </Point>
    </Placemark>
    <Placemark>
      <name>Via caldarola</name>
      <description><![CDATA[2026/00258 <br><br>https://drive.google.com/file/d/1LExG9MScVkg-xCTSuo4mVme260neWesG/view<br><br> LAVORI DI REALIZZAZIONE DI UN SISTEMA BRT PER LA CITTÀ DI BARI -<br>FINANZIATO DALLA UNIONE EUROPEA NEXT GENERATION EU -<br>TRASPORTO RAPIDO DI MASSA - MISURA M2C2 - INV 4.2 DEL PNRR - CUP:<br>J91B21002850001<br>ISTITUZIONE TEMPORANEA DEL DIVIETO DI TRANSITO A TUTTI I VEICOLI<br>SU VIA CALDAROLA, ESCLUSIVAMENTE NELLA CARREGGIATA STRADALE<br>CENTRALE, NEL TRATTO COMPRESO TRA VIA ARCHIMEDE E VIA<br>LOIACONO DAL GIORNO 20.01.2026 AL GIORNO 20.02.2026<br>IMPRESA ESECUTRICE: R.T.I. COBAR S.P.A. - MER MEC STE S.R.L.<br><br>Istituzione temporanea del divieto di transito a tutti i veicoli su:<br>- Via Caldarola, esclusivamente nella carreggiata stradale centrale, nel tratto compreso tra via<br>Archimede e via Loiacono<br>Dagli obblighi e divieti di cui al punto 2) sono esclusi:<br>i) i veicoli al servizio, ovvero di proprietà dell’impresa esecutrice dei lavori e sue subappaltatrici;<br>ii) i veicoli delle forze dell’ordine, dei vigili del fuoco e delle ambulanze durante l’espletamento di servizi<br>d’istituto e di soccorso pubblico e d’emergenza;<br>iii) i veicoli al servizio di persone con limitate o impedite capacità motorie;<br>iv) i veicoli diretti agli accessi carrabili privati. <br> <br>tempistiche: 20/01/2026 - 20/02/2026]]></description>
      <styleUrl>#line-E65100-4488</styleUrl>
      <LineString>
        <tessellate>1</tessellate>
        <coordinates>
          16.9083558,41.1027408,0
          16.8999444,41.1060473,0
        </coordinates>
      </LineString>
    </Placemark>
    <Placemark>
      <name>Divieto di transito</name>
      <description><![CDATA[2026/00258 <br><br>https://drive.google.com/file/d/1LExG9MScVkg-xCTSuo4mVme260neWesG/view<br><br> LAVORI DI REALIZZAZIONE DI UN SISTEMA BRT PER LA CITTÀ DI BARI -<br>FINANZIATO DALLA UNIONE EUROPEA NEXT GENERATION EU -<br>TRASPORTO RAPIDO DI MASSA - MISURA M2C2 - INV 4.2 DEL PNRR - CUP:<br>J91B21002850001<br>ISTITUZIONE TEMPORANEA DEL DIVIETO DI TRANSITO A TUTTI I VEICOLI<br>SU VIA CALDAROLA, ESCLUSIVAMENTE NELLA CARREGGIATA STRADALE<br>CENTRALE, NEL TRATTO COMPRESO TRA VIA ARCHIMEDE E VIA<br>LOIACONO DAL GIORNO 20.01.2026 AL GIORNO 20.02.2026<br>IMPRESA ESECUTRICE: R.T.I. COBAR S.P.A. - MER MEC STE S.R.L.<br><br>Istituzione temporanea del divieto di transito a tutti i veicoli su:<br>- Via Caldarola, esclusivamente nella carreggiata stradale centrale, nel tratto compreso tra via<br>Archimede e via Loiacono<br>Dagli obblighi e divieti di cui al punto 2) sono esclusi:<br>i) i veicoli al servizio, ovvero di proprietà dell’impresa esecutrice dei lavori e sue subappaltatrici;<br>ii) i veicoli delle forze dell’ordine, dei vigili del fuoco e delle ambulanze durante l’espletamento di servizi<br>d’istituto e di soccorso pubblico e d’emergenza;<br>iii) i veicoli al servizio di persone con limitate o impedite capacità motorie;<br>iv) i veicoli diretti agli accessi carrabili privati. <br> <br>tempistiche: 20/01/2026 - 20/02/2026]]></description>
      <styleUrl>#icon-1541-E65100</styleUrl>
      <Point>
        <coordinates>
          16.9027446,41.1047175,0
        </coordinates>
      </Point>
    </Placemark>
    <Placemark>
      <name>Via Vittorio Veneto Carbonara</name>
      <description><![CDATA[2026/00261 <br><br>https://drive.google.com/file/d/1pUPSVUZU06L_gFaFM6EXqwAgNT-acsJR/view<br><br>ISTITUZIONE TEMPORANEA DEL RESTRINGIMENTO CARREGGIATA, DIVIETO DI SOSTA VITTORIO VENETO ANGOLO VICO II V. VENETO IN CARBONARA (BA) PER LAVORI DI COSTRUZIONE IMPIANTO IDRICO DAL 02/02/2026 AL 14/02/2026. IMPRESA: IMPRESA INDIVIDUALE “FRISULLO LUIGI” ISTANTE: AQP S.P.A.<br><br>1. L’istituzione temporanea del restringimento carreggiata, divieto di sosta su via Vittorio Veneto angolo Vico II V. Veneto in Carbonara (BA) per lavori di costruzione impianto idrico; <br>2. Durante l’esecuzione dei lavori la sicurezza e fluidità della circolazione stradale, dovrà essere garantita dalla presenza costante di movieri muniti della prescritto e idoneo equipaggiamento, che dovranno sovraintendere alle eventuali necessità della circolazione stradale (senso unico alternato, transito mezzi di soccorso e/o di polizia ecc.) <br>3. Dovranno essere assicurati gli accessi privati; <br>4. Particolare attenzione dovrà essere posta ai pedoni e alle persone con ridotta capacità motoria; <br>5. Tutti i provvedimenti in contrasto con la presente sono momentaneamente e provvisoriamente sospesi e divengono nuovamente efficaci all’esaurimento dei termini previsti dal presente disposto; <br><br>Durata e tempistiche: 02/02/2026 - 14/02/2026 ]]></description>
      <styleUrl>#line-E65100-3906</styleUrl>
      <LineString>
        <tessellate>1</tessellate>
        <coordinates>
          16.8699275,41.0682499,0
          16.8698282,41.0680558,0
        </coordinates>
      </LineString>
    </Placemark>
    <Placemark>
      <name>restringimento carreggiata /divieto di sosta</name>
      <description><![CDATA[2026/00261 <br><br>https://drive.google.com/file/d/1pUPSVUZU06L_gFaFM6EXqwAgNT-acsJR/view<br><br>ISTITUZIONE TEMPORANEA DEL RESTRINGIMENTO CARREGGIATA, DIVIETO DI SOSTA VITTORIO VENETO ANGOLO VICO II V. VENETO IN CARBONARA (BA) PER LAVORI DI COSTRUZIONE IMPIANTO IDRICO DAL 02/02/2026 AL 14/02/2026. IMPRESA: IMPRESA INDIVIDUALE “FRISULLO LUIGI” ISTANTE: AQP S.P.A.<br><br>1. L’istituzione temporanea del restringimento carreggiata, divieto di sosta su via Vittorio Veneto angolo Vico II V. Veneto in Carbonara (BA) per lavori di costruzione impianto idrico; <br>2. Durante l’esecuzione dei lavori la sicurezza e fluidità della circolazione stradale, dovrà essere garantita dalla presenza costante di movieri muniti della prescritto e idoneo equipaggiamento, che dovranno sovraintendere alle eventuali necessità della circolazione stradale (senso unico alternato, transito mezzi di soccorso e/o di polizia ecc.) <br>3. Dovranno essere assicurati gli accessi privati; <br>4. Particolare attenzione dovrà essere posta ai pedoni e alle persone con ridotta capacità motoria; <br>5. Tutti i provvedimenti in contrasto con la presente sono momentaneamente e provvisoriamente sospesi e divengono nuovamente efficaci all’esaurimento dei termini previsti dal presente disposto; <br><br>Durata e tempistiche: 02/02/2026 - 14/02/2026 ]]></description>
      <styleUrl>#icon-1541-E65100</styleUrl>
      <Point>
        <coordinates>
          16.8698045,41.0682142,0
        </coordinates>
      </Point>
    </Placemark>
    <Placemark>
      <name>Piazza Federico II di Svevia</name>
      <description><![CDATA[Ordinanza: 2026/00287<br><br>https://drive.google.com/file/d/1uEuTAeNJFnBBl8_0BoOs8tah2H4P3q2k/view<br><br>PROROGA: 2026/00701: <br>https://drive.google.com/file/d/10TlaQ_Rzh97V2vv_Wb-k0N-ldCYPwKmV/view<br><br>DIVIETO DI SOSTA AMBO I LATI E CHIUSURA AL TRAFFICO <br>H 24 SU PIAZZA FEDERICO II DI SVEVIA DA ANGOLO PIAZZA MASSARI A<br>ANGOLO VIA RUGGERO II NORMANNO PER LAVORI DI SCAVO<br>RICHIEDENTE: E-DISTRIBUZIONE S.P.A.<br>IMPRESA ESECUTRICE: T&D S.R.L.<br><br>Durata e Tempistiche: 26/01/2026 - 13/02/2026<br>PROROGA: FINO AL 06/03/2026]]></description>
      <styleUrl>#line-E65100-3519</styleUrl>
      <LineString>
        <tessellate>1</tessellate>
        <coordinates>
          16.8656919,41.1272436,0
          16.8665952,41.1275879,0
          16.8668734,41.1277585,0
          16.8675941,41.1282626,0
          16.8677451,41.1284454,0
          16.867519,41.1288242,0
          16.8671649,41.1293536,0
        </coordinates>
      </LineString>
    </Placemark>
    <Placemark>
      <name>DIVIETO DI SOSTA AMBO I LATI E CHIUSURA AL TRAFFICO</name>
      <description><![CDATA[Ordinanza: 2026/00287<br><br>https://drive.google.com/file/d/1uEuTAeNJFnBBl8_0BoOs8tah2H4P3q2k/view<br><br>PROROGA: 2026/00701: <br>https://drive.google.com/file/d/10TlaQ_Rzh97V2vv_Wb-k0N-ldCYPwKmV/view<br><br>DIVIETO DI SOSTA AMBO I LATI E CHIUSURA AL TRAFFICO <br>H 24 SU PIAZZA FEDERICO II DI SVEVIA DA ANGOLO PIAZZA MASSARI A<br>ANGOLO VIA RUGGERO II NORMANNO PER LAVORI DI SCAVO<br>RICHIEDENTE: E-DISTRIBUZIONE S.P.A.<br>IMPRESA ESECUTRICE: T&D S.R.L.<br><br>Durata e Tempistiche: 26/01/2026 - 13/02/2026]]></description>
      <styleUrl>#icon-1541-E65100</styleUrl>
      <Point>
        <coordinates>
          16.8671006,41.1292687,0
        </coordinates>
      </Point>
    </Placemark>
    <Placemark>
      <name>Linea 281</name>
      <description><![CDATA[2026/00263 <br><br>https://drive.google.com/file/d/1X5rLT14b6POvwQ2jT5eIbuD91ZD3d-WU/view<br><br>ISTITUZIONE TEMPORANEA DEL RESTRINGIMENTO CARREGGIATA E DIVIETO DI SOSTA IN CORSO A. DE TULLIO 16 DA VICO OSPEDALE CIVILE A VICO SANTA TERESA DELLE DONNE PER LAVORI DI COSTRUZIONE IMPIANTO IDRICO DAL 02/03/2026 AL 14/03/2026. IMPRESA: IMPRESA INDIVIDUALE “FRISULLO LUIGI” ISTANTE: AQP S.P.A<br><br>1. L’istituzione temporanea del un restringimento carreggiata e divieto di sosta in Corso A. De Tullio 16 da vico Ospedale Civile a Vico Santa Teresa delle Donne<br> 2. Sarà garantito l’accesso ai soli residenti e ai mezzi di soccorso; <br>3. Tutti i provvedimenti in contrasto con la presente sono momentaneamente e provvisoriamente sospesi e divengono nuovamente efficaci all’esaurimento dei termini previsti dal presente disposto;<br><br>Durata e tempistiche: 02/02/2026 - 14/02/2026]]></description>
      <styleUrl>#line-E65100-3713</styleUrl>
      <LineString>
        <tessellate>1</tessellate>
        <coordinates>
          16.8687049,41.1323513,0
          16.8682945,41.1320452,0
        </coordinates>
      </LineString>
    </Placemark>
    <Placemark>
      <name>restringimento carreggiata / divieto di sosta</name>
      <description><![CDATA[2026/00263 <br><br>https://drive.google.com/file/d/1X5rLT14b6POvwQ2jT5eIbuD91ZD3d-WU/view<br><br>ISTITUZIONE TEMPORANEA DEL RESTRINGIMENTO CARREGGIATA E DIVIETO DI SOSTA IN CORSO A. DE TULLIO 16 DA VICO OSPEDALE CIVILE A VICO SANTA TERESA DELLE DONNE PER LAVORI DI COSTRUZIONE IMPIANTO IDRICO DAL 02/03/2026 AL 14/03/2026. IMPRESA: IMPRESA INDIVIDUALE “FRISULLO LUIGI” ISTANTE: AQP S.P.A<br><br>1. L’istituzione temporanea del un restringimento carreggiata e divieto di sosta in Corso A. De Tullio 16 da vico Ospedale Civile a Vico Santa Teresa delle Donne<br> 2. Sarà garantito l’accesso ai soli residenti e ai mezzi di soccorso; <br>3. Tutti i provvedimenti in contrasto con la presente sono momentaneamente e provvisoriamente sospesi e divengono nuovamente efficaci all’esaurimento dei termini previsti dal presente disposto;<br><br>Durata e tempistiche: 02/02/2026 - 14/02/2026]]></description>
      <styleUrl>#icon-1541-E65100</styleUrl>
      <Point>
        <coordinates>
          16.8685331,41.1322708,0
        </coordinates>
      </Point>
    </Placemark>
    <Placemark>
      <name>Viale Salandra</name>
      <description><![CDATA[2026/00264 <br><br>https://drive.google.com/file/d/1TjuIHflLNSN2KakhXdyMoaHtEyuJdg3z/view<br><br>ISTITUZIONE TEMPORANEA DEL RESTRINGIMENTO CARREGGIATA E DIVIETO DI SOSTA IN VIALE SALANDRA 4 DA VIA C. COLLODI A VIA G. CAPRUZZI PER LAVORI DI COSTRUZIONE IMPIANTO IDRICO E IMPIANTO FOGNARIO DAL 16/02/2026 AL 28/02/2026. IMPRESA: IMPRESA INDIVIDUALE “FRISULLO LUIGI” ISTANTE: AQP S.P.A<br><br>1. L’istituzione temporanea del un restringimento carreggiata e divieto di sosta in viale Salandra 4 da via C. Collodi a via G. Capruzzi. <br>3. Sarà garantito l’accesso ai soli residenti e ai mezzi di soccorso; <br><br>Durata e tempistiche: 16/02/2026 - 28/02/2026]]></description>
      <styleUrl>#line-E65100-4488</styleUrl>
      <LineString>
        <tessellate>1</tessellate>
        <coordinates>
          16.8648005,41.1166914,0
          16.8642319,41.1152284,0
        </coordinates>
      </LineString>
    </Placemark>
    <Placemark>
      <name>restringimento carreggiata/divieto di sosta</name>
      <description><![CDATA[2026/00264 <br><br>https://drive.google.com/file/d/1TjuIHflLNSN2KakhXdyMoaHtEyuJdg3z/view<br><br>ISTITUZIONE TEMPORANEA DEL RESTRINGIMENTO CARREGGIATA E DIVIETO DI SOSTA IN VIALE SALANDRA 4 DA VIA C. COLLODI A VIA G. CAPRUZZI PER LAVORI DI COSTRUZIONE IMPIANTO IDRICO E IMPIANTO FOGNARIO DAL 16/02/2026 AL 28/02/2026. IMPRESA: IMPRESA INDIVIDUALE “FRISULLO LUIGI” ISTANTE: AQP S.P.A<br><br>1. L’istituzione temporanea del un restringimento carreggiata e divieto di sosta in viale Salandra 4 da via C. Collodi a via G. Capruzzi. <br>3. Sarà garantito l’accesso ai soli residenti e ai mezzi di soccorso; <br><br>Durata e tempistiche: 16/02/2026 - 28/02/2026]]></description>
      <styleUrl>#icon-1541-E65100</styleUrl>
      <Point>
        <coordinates>
          16.8646134,41.1165355,0
        </coordinates>
      </Point>
    </Placemark>
    <Placemark>
      <name>VIA CAGNAZZI</name>
      <description><![CDATA[2026/00265 <br><br>https://drive.google.com/file/d/1Pib8AkGHd1jphXWNiU_PALiFEexhRakO/view<br><br>ISTITUZIONE TEMPORANEA DEL RESTRINGIMENTO CARREGGIATA E DIVIETO DI SOSTA IN VIA CAGNAZZI 52 DA VIA G. PETRONI A CORSO A. DE GASPERI PER LAVORI DI COSTRUZIONE IMPIANTO IDRICO DAL 02/03/2026 AL 14/03/2026. IMPRESA: IMPRESA INDIVIDUALE “FRISULLO LUIGI” ISTANTE: AQP S.P.A.<br><br>1. L’istituzione temporanea del un restringimento carreggiata e divieto di sosta in via Cagnazzi 52 da via G. Petroni a Corso A. de Gasperi.<br> 2. Sarà garantito l’accesso ai soli residenti e ai mezzi di soccorso; <br>3. Tutti i provvedimenti in contrasto con la presente sono momentaneamente e provvisoriamente sospesi e divengono nuovamente efficaci all’esaurimento dei termini previsti dal presente disposto;<br><br>Durata e tempistiche: 02/03/2026 - 14/03/2026]]></description>
      <styleUrl>#line-E65100-3519</styleUrl>
      <LineString>
        <tessellate>1</tessellate>
        <coordinates>
          16.8714966,41.1044922,0
          16.8674572,41.1049409,0
        </coordinates>
      </LineString>
    </Placemark>
    <Placemark>
      <name>restringimento carreggiata/divieto di sosta</name>
      <description><![CDATA[2026/00265 <br><br>https://drive.google.com/file/d/1Pib8AkGHd1jphXWNiU_PALiFEexhRakO/view<br><br>ISTITUZIONE TEMPORANEA DEL RESTRINGIMENTO CARREGGIATA E DIVIETO DI SOSTA IN VIA CAGNAZZI 52 DA VIA G. PETRONI A CORSO A. DE GASPERI PER LAVORI DI COSTRUZIONE IMPIANTO IDRICO DAL 02/03/2026 AL 14/03/2026. IMPRESA: IMPRESA INDIVIDUALE “FRISULLO LUIGI” ISTANTE: AQP S.P.A.<br><br>1. L’istituzione temporanea del un restringimento carreggiata e divieto di sosta in via Cagnazzi 52 da via G. Petroni a Corso A. de Gasperi.<br> 2. Sarà garantito l’accesso ai soli residenti e ai mezzi di soccorso; <br>3. Tutti i provvedimenti in contrasto con la presente sono momentaneamente e provvisoriamente sospesi e divengono nuovamente efficaci all’esaurimento dei termini previsti dal presente disposto;<br><br>Durata e tempistiche: 02/03/2026 - 14/03/2026]]></description>
      <styleUrl>#icon-1541-E65100</styleUrl>
      <Point>
        <coordinates>
          16.8688428,41.1048547,0
        </coordinates>
      </Point>
    </Placemark>
    <Placemark>
      <name>VIA G. DE MARINIS CIV. 90/DIVIETO DI SOSTA </name>
      <description><![CDATA[Ordinanza: 2026/00284<br><br>https://drive.google.com/file/d/1i-evTOIax67VaU_kQaXrB2grHIJxmTCl/view<br><br>ISTITUZIONE TEMPORANEA DEL RESTRINGIMENTO CARREGGIATA,<br>DIVIETO DI SOSTA IN VIA G. DE MARINIS CIV. 90 IN CARBONARA, PER<br>LAVORI DI COSTRUZIONE IMPIANTO IDRICO <br>IMPRESA: IMPRESA INDIVIDUALE “FRISULLO LUIGI”<br>ISTANTE: AQP S.P.A.<br><br>Durata e tempistiche: 16/02/2026 - 28/02/2026.]]></description>
      <styleUrl>#icon-1541-E65100</styleUrl>
      <Point>
        <coordinates>
          16.870118,41.0780289,0
        </coordinates>
      </Point>
    </Placemark>
    <Placemark>
      <name>VIALE TRISORIO LIUZZI 90/RESTRINGIMENTO CARREGGIATA DIVIETO DI SOSTA</name>
      <description><![CDATA[Ordinanza: 2026/00283<br><br>https://drive.google.com/file/d/16nIQl2W19srkDhDM_TqNkKQhFB0ZWJvz/view<br><br>ISTITUZIONE TEMPORANEA DEL RESTRINGIMENTO CARREGGIATA,<br>DIVIETO DI SOSTA SUL VIALE TRISORIO LIUZZI 90 CEGLIE DEL CAMPO (BA)<br>PER LAVORI DI COSTRUZIONE IMPIANTO IDRICO <br>IMPRESA: IMPRESA INDIVIDUALE “FRISULLO LUIGI”<br>ISTANTE: AQP S.P.A.<br><br>Durata e tempistiche: 16/02/2026 - 28/02/2026.]]></description>
      <styleUrl>#icon-1541-E65100</styleUrl>
      <Point>
        <coordinates>
          16.8610426,41.0640305,0
        </coordinates>
      </Point>
    </Placemark>
    <Placemark>
      <name>VIA GEN. DE BERNARDIS</name>
      <description><![CDATA[2026/00266 <br><br>https://drive.google.com/file/d/1cRfmL0Gzi6HrFkrwCFNdIHyDiolsCVhF/view<br><br>ISTITUZIONE TEMPORANEA DEL RESTRINGIMENTO CARREGGIATA E<br>DIVIETO DI SOSTA IN VIA GEN. DE BERNARDIS 18 DA VIA DANTE A VIA<br>PRINCIPE AMEDEO PER LAVORI DI COSTRUZIONE IMPIANTO IDRICO DAL<br>02/02/2026 AL 14/02/2026.<br>IMPRESA: IMPRESA INDIVIDUALE “FRISULLO LUIGI”<br>ISTANTE: AQP S.P.A.<br><br>1. L’istituzione temporanea del un restringimento carreggiata e divieto di sosta in via Gen. De Bernardis 18 da via Dante a via Principe Amedeo <br>2. Sarà garantito l’accesso ai soli residenti e ai mezzi di soccorso;<br> 3. Tutti i provvedimenti in contrasto con la presente sono momentaneamente e provvisoriamente sospesi e divengono nuovamente efficaci all’esaurimento dei termini previsti dal presente disposto;<br><br>Durata e tempistiche: 02/02/2026 - 14/02/2026]]></description>
      <styleUrl>#line-E65100-6425</styleUrl>
      <LineString>
        <tessellate>1</tessellate>
        <coordinates>
          16.8528953,41.1216598,0
          16.8529597,41.1210556,0
        </coordinates>
      </LineString>
    </Placemark>
    <Placemark>
      <name>restringimento carreggiata/divieto di sosta</name>
      <description><![CDATA[2026/00266 <br><br>https://drive.google.com/file/d/1cRfmL0Gzi6HrFkrwCFNdIHyDiolsCVhF/view<br><br>ISTITUZIONE TEMPORANEA DEL RESTRINGIMENTO CARREGGIATA E<br>DIVIETO DI SOSTA IN VIA GEN. DE BERNARDIS 18 DA VIA DANTE A VIA<br>PRINCIPE AMEDEO PER LAVORI DI COSTRUZIONE IMPIANTO IDRICO DAL<br>02/02/2026 AL 14/02/2026.<br>IMPRESA: IMPRESA INDIVIDUALE “FRISULLO LUIGI”<br>ISTANTE: AQP S.P.A.<br><br>1. L’istituzione temporanea del un restringimento carreggiata e divieto di sosta in via Gen. De Bernardis 18 da via Dante a via Principe Amedeo <br>2. Sarà garantito l’accesso ai soli residenti e ai mezzi di soccorso;<br> 3. Tutti i provvedimenti in contrasto con la presente sono momentaneamente e provvisoriamente sospesi e divengono nuovamente efficaci all’esaurimento dei termini previsti dal presente disposto;<br><br>Durata e tempistiche: 02/02/2026 - 14/02/2026]]></description>
      <styleUrl>#icon-1541-E65100</styleUrl>
      <Point>
        <coordinates>
          16.8529424,41.1214636,0
        </coordinates>
      </Point>
    </Placemark>
    <Placemark>
      <name>Via Mimmo Conenna</name>
      <description><![CDATA[Ordinanza: 2026/00282<br><br>https://drive.google.com/file/d/1_nbVG7KWTMc1CDZwmsRI6AJmbEEqG-s3/view<br><br>ISTITUZIONE TEMPORANEA DEL DIVIETO DI TRANSITO, DI SOSTA SU AMBO<br>I LATI CON RIMOZIONE FORZATA IN VIA MIMMO CONENNA 2 N DA VIA<br>MIMMO CONENNA 2 A VIA MIMMO CONENNA 20 PER LAVORI DI<br>COSTRUZIONE IMPIANTO IDRICO <br>IMPRESA: IMPRESA INDIVIDUALE “FRISULLO LUIGI”<br>ISTANTE: AQP S.P.A.<br><br>Durata e tempistiche: 02/02/2026 - 14/02/2026.]]></description>
      <styleUrl>#line-E65100-3906</styleUrl>
      <LineString>
        <tessellate>1</tessellate>
        <coordinates>
          16.9382582,41.1008982,0
          16.9369225,41.1016259,0
          16.9356189,41.1023454,0
          16.9344763,41.1029639,0
          16.934133,41.1028426,0
          16.9338755,41.1028264,0
        </coordinates>
      </LineString>
    </Placemark>
    <Placemark>
      <name>DIVIETO DI TRANSITO E DI SOSTA</name>
      <description><![CDATA[Ordinanza: 2026/00282<br><br>https://drive.google.com/file/d/1_nbVG7KWTMc1CDZwmsRI6AJmbEEqG-s3/view<br><br>ISTITUZIONE TEMPORANEA DEL DIVIETO DI TRANSITO, DI SOSTA SU AMBO<br>I LATI CON RIMOZIONE FORZATA IN VIA MIMMO CONENNA 2 N DA VIA<br>MIMMO CONENNA 2 A VIA MIMMO CONENNA 20 PER LAVORI DI<br>COSTRUZIONE IMPIANTO IDRICO <br>IMPRESA: IMPRESA INDIVIDUALE “FRISULLO LUIGI”<br>ISTANTE: AQP S.P.A.<br><br>Durata e tempistiche: 02/02/2026 - 14/02/2026.]]></description>
      <styleUrl>#icon-1541-E65100</styleUrl>
      <Point>
        <coordinates>
          16.9381938,41.1011343,0
        </coordinates>
      </Point>
    </Placemark>
    <Placemark>
      <name>Via Cairoli </name>
      <description><![CDATA[Ordinanza: 2026/00281<br><br>https://drive.google.com/file/d/1BfbrPG5khwFCkf3gURFCI-pLD5rQ3mEv/view<br><br>ISTITUZIONE TEMPORANEA DEL DIVIETO DI TRANSITO, DI SOSTA SU AMBO<br>I LATI CON RIMOZIONE FORZATA IN VIA B. CAIROLI 49 DA VIA A. GIMMA A<br>VIA CALEFATI PER LAVORI DI COSTRUZIONE IMPIANTO IDRICO <br>IMPRESA: IMPRESA INDIVIDUALE “FRISULLO LUIGI”<br>ISTANTE: AQP S.P.A.<br><br>Durata e Tempistiche: 02/02/2026 - 14/02/2026.]]></description>
      <styleUrl>#line-E65100-4100</styleUrl>
      <LineString>
        <tessellate>1</tessellate>
        <coordinates>
          16.8670088,41.1245295,0
          16.8670785,41.1239132,0
        </coordinates>
      </LineString>
    </Placemark>
    <Placemark>
      <name>DIVIETO DI TRANSITO/DI SOSTA</name>
      <description><![CDATA[Ordinanza: 2026/00281<br><br>https://drive.google.com/file/d/1BfbrPG5khwFCkf3gURFCI-pLD5rQ3mEv/view<br><br>ISTITUZIONE TEMPORANEA DEL DIVIETO DI TRANSITO, DI SOSTA SU AMBO<br>I LATI CON RIMOZIONE FORZATA IN VIA B. CAIROLI 49 DA VIA A. GIMMA A<br>VIA CALEFATI PER LAVORI DI COSTRUZIONE IMPIANTO IDRICO <br>IMPRESA: IMPRESA INDIVIDUALE “FRISULLO LUIGI”<br>ISTANTE: AQP S.P.A.<br><br>Durata e Tempistiche: 02/02/2026 - 14/02/2026.]]></description>
      <styleUrl>#icon-1541-E65100</styleUrl>
      <Point>
        <coordinates>
          16.8670633,41.1245151,0
        </coordinates>
      </Point>
    </Placemark>
    <Placemark>
      <name>Via Quaranta 80/RESTRINGIMENTO CARREGGIATA/DIVIETO DI SOSTA</name>
      <description><![CDATA[Ordinanza: 2026/00280<br><br>https://drive.google.com/file/d/1MkfVyFezbmficvCkL5sx8j3udRdXf6gO/view<br><br>ISTITUZIONE TEMPORANEA DEL RESTRINGIMENTO CARREGGIATA,<br>DIVIETO DI SOSTA IN VIA A. QUARANTA CIV. 80 IN CARBONARA (BA) PER<br>LAVORI DI COSTRUZIONE IMPIANTO FOGNARIO.<br>IMPRESA: IMPRESA INDIVIDUALE “FRISULLO LUIGI”<br>ISTANTE: AQP S.P.A.<br><br>Durata e Tempistive: 02/02/2026 - 14/02/2026]]></description>
      <styleUrl>#icon-1541-E65100</styleUrl>
      <Point>
        <coordinates>
          16.8749925,41.0729383,0
        </coordinates>
      </Point>
    </Placemark>
    <Placemark>
      <name>Via M. Conenna </name>
      <description><![CDATA[2026/00267<br><br>https://drive.google.com/file/d/1cRfmL0Gzi6HrFkrwCFNdIHyDiolsCVhF/view<br><br>ISTITUZIONE TEMPORANEA DEL RESTRINGIMENTO CARREGGIATA E DIVIETO DI SOSTA IN VIA MIMMO CONENNA 2 DA VIA F.LLI PRAYER PER I SUCCESSIVI 200 METRI PER LAVORI DI COSTRUZIONE IMPIANTO IDRICO DAL 16/02/2026 AL 28/02/2026. IMPRESA: IMPRESA INDIVIDUALE “FRISULLO LUIGI” ISTANTE: AQP S.P.A. .<br><br>1. L’istituzione temporanea del un restringimento carreggiata e divieto di sosta in via Mimmo Conenna 2 da via F.lli Prayer per i successivi 200 metri. <br>2. Sarà garantito l’accesso ai soli residenti e ai mezzi di soccorso; <br>3. Tutti i provvedimenti in contrasto con la presente sono momentaneamente e provvisoriamente sospesi e divengono nuovamente efficaci all’esaurimento dei termini previsti dal presente disposto;<br><br>Durata e tempistiche: 16/02/2026 - 28/02/2026]]></description>
      <styleUrl>#line-E65100-4294</styleUrl>
      <LineString>
        <tessellate>1</tessellate>
        <coordinates>
          16.938281,41.100813,0
          16.9371427,41.1014399,0
        </coordinates>
      </LineString>
    </Placemark>
    <Placemark>
      <name>restringimento carreggiata/divieto di sosta</name>
      <description><![CDATA[2026/00267<br><br>https://drive.google.com/file/d/1cRfmL0Gzi6HrFkrwCFNdIHyDiolsCVhF/view<br><br>ISTITUZIONE TEMPORANEA DEL RESTRINGIMENTO CARREGGIATA E DIVIETO DI SOSTA IN VIA MIMMO CONENNA 2 DA VIA F.LLI PRAYER PER I SUCCESSIVI 200 METRI PER LAVORI DI COSTRUZIONE IMPIANTO IDRICO DAL 16/02/2026 AL 28/02/2026. IMPRESA: IMPRESA INDIVIDUALE “FRISULLO LUIGI” ISTANTE: AQP S.P.A. .<br><br>1. L’istituzione temporanea del un restringimento carreggiata e divieto di sosta in via Mimmo Conenna 2 da via F.lli Prayer per i successivi 200 metri. <br>2. Sarà garantito l’accesso ai soli residenti e ai mezzi di soccorso; <br>3. Tutti i provvedimenti in contrasto con la presente sono momentaneamente e provvisoriamente sospesi e divengono nuovamente efficaci all’esaurimento dei termini previsti dal presente disposto;<br><br>Durata e tempistiche: 16/02/2026 - 28/02/2026]]></description>
      <styleUrl>#icon-1541-E65100</styleUrl>
      <Point>
        <coordinates>
          16.9377618,41.1010353,0
        </coordinates>
      </Point>
    </Placemark>
    <Placemark>
      <name>Via G. Toma</name>
      <description><![CDATA[2026/00268 <br><br>https://drive.google.com/file/d/11_5mvsiw9rQhYBYs569m5kTzfXJCMn4r/view<br><br>ISTITUZIONE TEMPORANEA DEL RESTRINGIMENTO CARREGGIATA E DIVIETO DI SOSTA IN VIA G. TOMA 63 DA VIALE DELLA REPUBBLICA A VIA ZANARDELLI PER LAVORI DI COSTRUZIONE IMPIANTO IDRICO DAL 02/02/2026 AL 28/02/2026. IMPRESA: IMPRESA INDIVIDUALE “FRISULLO LUIGI” ISTANTE: AQP S.P.A.<br><br>1. L’istituzione temporanea del un restringimento carreggiata e divieto di sosta in via G. Toma 63 da viale della Repubblica a via Zanardelli. <br>2. Sarà garantito l’accesso ai soli residenti e ai mezzi di soccorso; <br>3. Tutti i provvedimenti in contrasto con la presente sono momentaneamente e provvisoriamente sospesi e divengono nuovamente efficaci all’esaurimento dei termini previsti dal presente disposto;<br><br>Durata e tempistiche: 02/02/2026 - 28/02/2026]]></description>
      <styleUrl>#line-E65100-4100</styleUrl>
      <LineString>
        <tessellate>1</tessellate>
        <coordinates>
          16.8741789,41.1087611,0
          16.875528,41.1087146,0
        </coordinates>
      </LineString>
    </Placemark>
    <Placemark>
      <name>restringimento carreggiata/divieto di sosta</name>
      <description><![CDATA[2026/00268 <br><br>https://drive.google.com/file/d/11_5mvsiw9rQhYBYs569m5kTzfXJCMn4r/view<br><br>ISTITUZIONE TEMPORANEA DEL RESTRINGIMENTO CARREGGIATA E DIVIETO DI SOSTA IN VIA G. TOMA 63 DA VIALE DELLA REPUBBLICA A VIA ZANARDELLI PER LAVORI DI COSTRUZIONE IMPIANTO IDRICO DAL 02/02/2026 AL 28/02/2026. IMPRESA: IMPRESA INDIVIDUALE “FRISULLO LUIGI” ISTANTE: AQP S.P.A.<br><br>1. L’istituzione temporanea del un restringimento carreggiata e divieto di sosta in via G. Toma 63 da viale della Repubblica a via Zanardelli. <br>2. Sarà garantito l’accesso ai soli residenti e ai mezzi di soccorso; <br>3. Tutti i provvedimenti in contrasto con la presente sono momentaneamente e provvisoriamente sospesi e divengono nuovamente efficaci all’esaurimento dei termini previsti dal presente disposto;<br><br>Durata e tempistiche: 02/02/2026 - 28/02/2026]]></description>
      <styleUrl>#icon-1541-E65100</styleUrl>
      <Point>
        <coordinates>
          16.8753301,41.1086971,0
        </coordinates>
      </Point>
    </Placemark>
    <Placemark>
      <name>DIVIETO DI SOSTA e TRANSITO</name>
      <description><![CDATA[Ordinanza: 2026/00279<br><br>https://drive.google.com/file/d/1vlV2wnIlZqk4sW7CbzvLnGTn15ynekXG/view<br><br>ISTITUZIONE TEMPORANEA DELLA CHIUSURA AL TRANSITO VEICOLARE E<br>DEL DIVIETO DI SOSTA CON RIMOZIONE FORZATA AMBO I LATI IN VIA<br>GIOVANNI BOVIO – TRATTO COMPRESO TRA VIA MALTA E VIA<br>FIERAMOSCA, VIA GIOVANNI BOVIO – TRATTO COMPRESO TRA VIA<br>FIERAMOSCA E VIA TREVISANI, PER RIPRISTINO DEFINITIVO DEL MANTO<br>STRADALE, SCARIFICA, ASFALTO E SEGNALETICA STRADALE, A SEGUITO<br>DEI LAVORI DI REALIZZAZIONE NUOVA RETE DI DISTRIBUZIONE GAS<br>METANO DE160 IN POLIETILENE (BASSA PRESSIONE) COMPRESO IL<br>RIFACIMENTO DELLE DERIVAZIONI D'UTENZA INTERRATE PRESENTI <br>RICHIEDENTE: RETEGAS BARI S.P.A. – BARI.<br>IMPRESA FAP SRL - TRIGGIANO<br><br>Durata e Tempistiche: 26/01/2026 - 10/02/2026]]></description>
      <styleUrl>#icon-1541-E65100</styleUrl>
      <Point>
        <coordinates>
          16.8569821,41.1227121,0
        </coordinates>
      </Point>
    </Placemark>
    <Placemark>
      <name>Via Bovio</name>
      <description><![CDATA[Ordinanza: 2026/00279<br><br>https://drive.google.com/file/d/1vlV2wnIlZqk4sW7CbzvLnGTn15ynekXG/view<br><br>ISTITUZIONE TEMPORANEA DELLA CHIUSURA AL TRANSITO VEICOLARE E<br>DEL DIVIETO DI SOSTA CON RIMOZIONE FORZATA AMBO I LATI IN VIA<br>GIOVANNI BOVIO – TRATTO COMPRESO TRA VIA MALTA E VIA<br>FIERAMOSCA, VIA GIOVANNI BOVIO – TRATTO COMPRESO TRA VIA<br>FIERAMOSCA E VIA TREVISANI, PER RIPRISTINO DEFINITIVO DEL MANTO<br>STRADALE, SCARIFICA, ASFALTO E SEGNALETICA STRADALE, A SEGUITO<br>DEI LAVORI DI REALIZZAZIONE NUOVA RETE DI DISTRIBUZIONE GAS<br>METANO DE160 IN POLIETILENE (BASSA PRESSIONE) COMPRESO IL<br>RIFACIMENTO DELLE DERIVAZIONI D'UTENZA INTERRATE PRESENTI <br>RICHIEDENTE: RETEGAS BARI S.P.A. – BARI.<br>IMPRESA FAP SRL - TRIGGIANO<br><br>Durata e Tempistiche: 26/01/2026 - 10/02/2026]]></description>
      <styleUrl>#line-E65100-3519</styleUrl>
      <LineString>
        <tessellate>1</tessellate>
        <coordinates>
          16.853447,41.1224276,0
          16.8598561,41.1228128,0
        </coordinates>
      </LineString>
    </Placemark>
    <Placemark>
      <name>Via Macchie/DIVIETO DI SOSTA/RESTRINGIMENTO CARR.</name>
      <description><![CDATA[Ordinanza: 2026/00278<br><br>https://drive.google.com/file/d/1IVJ67MUdJykQfK0aMS3_udHhCEHRUPR1/view<br><br>ISTITUZIONE TEMPORANEA DEL RESTRINGIMENTO CARREGGIATA,<br>DIVIETO DI SOSTA IN VIA MACCHIE ANGOLO VICO III MACCHIE IN PALESE,<br>PER LAVORI DI COSTRUZIONE IMPIANTO FOGNARIO E IDRICO <br>IMPRESA: IMPRESA INDIVIDUALE “FRISULLO LUIGI”<br>ISTANTE: AQP S.P.A.<br><br>Durata e tempistiche: 02/02/2026 - 14/02/2026]]></description>
      <styleUrl>#icon-1541-E65100</styleUrl>
      <Point>
        <coordinates>
          16.7682958,41.149502,0
        </coordinates>
      </Point>
    </Placemark>
    <Placemark>
      <name>strada vicinale vassallo</name>
      <description><![CDATA[2026/00270<br><br>https://drive.google.com/file/d/1aPCvfCKYaUizy3ypf0Z53G3gmnXkZDgc/view<br><br>:REVOCA ORDINANZA N. 2026/00058 DEL 12/01/2026 ORDINANZA PER DIVIETO DI SOSTA SU ENTRAMBI I LATI , SENSO UNICO ALTERNATO E RIDUZIONE CARREGGIATA IN STR. VICINALE VASSALO NELL’INTERSEZIONE TRA VIA LAGRAVINESE NICOLA E VIA GIUSEPPE FANELLI DAL 21/01/2026 FINO AL 30/04/2026, SABATO E DOMENICA COMPRESI, A SEGUITO DI LAVORI IN SEDE STRADALE PER LAVORI ENEL DI COMPLETAMENTO SCAVI, POSA CAVI E RIPRISTINI STRADALI. SOCIETÀ: OMNIA WORK SRL - POTENZA<br><br>Divieto di sosta su entrambi i lati , senso unico alternato e riduzione carreggiata in str. Vicinale vassalo nell’intersezione tra via Lagravinese Nicola e via Giuseppe Fanelli <br>La deroga per i mezzi d’opera del richiedente a quanto prescritto al punto 1) La graduazione della velocità in avvicinamento per metri 100 all’area del lavori con limite pari a 20 km/h; Durante l’esecuzione dei lavori, la sicurezza e fluidità della circolazione stradale dovrà essere garantita dalla presenza costante di movieri muniti del prescritto ed idoneo equipaggiamento, in particolar modo avendo presente il transito di veicoli del trasporto pubblico di linea e mezzi di soccorso e/o di polizia; A tal fine dovrà permanere transitabile e sgombra da ogni mezzo e materiale una corsia di larghezza non inferiore a metri 3.25 per ciascun senso si marcia; Dovranno essere inoltre assicurati gli accessi privati; I lavori avverranno in regime di cantiere mobile per tratti funzionali non superiori a metri 50 al giorno; Tutti i provvedimenti in contrasto con la presente sono momentaneamente e provvisoriamente sospesi e divengono nuovamente efficaci all’esaurimento dei termini previsti dal presente disposto;<br><br>Durata e tempistiche: 21/01/2026 - 30/04/2026]]></description>
      <styleUrl>#line-E65100-4294</styleUrl>
      <LineString>
        <tessellate>1</tessellate>
        <coordinates>
          16.8760209,41.0922097,0
          16.8771904,41.092331,0
          16.8807094,41.0914901,0
          16.8833809,41.0921612,0
        </coordinates>
      </LineString>
    </Placemark>
    <Placemark>
      <name>riduzione carreggiata/senso unico alternato/divieto disosta</name>
      <description><![CDATA[2026/00270<br><br>https://drive.google.com/file/d/1aPCvfCKYaUizy3ypf0Z53G3gmnXkZDgc/view<br><br>:REVOCA ORDINANZA N. 2026/00058 DEL 12/01/2026 ORDINANZA PER DIVIETO DI SOSTA SU ENTRAMBI I LATI , SENSO UNICO ALTERNATO E RIDUZIONE CARREGGIATA IN STR. VICINALE VASSALO NELL’INTERSEZIONE TRA VIA LAGRAVINESE NICOLA E VIA GIUSEPPE FANELLI DAL 21/01/2026 FINO AL 30/04/2026, SABATO E DOMENICA COMPRESI, A SEGUITO DI LAVORI IN SEDE STRADALE PER LAVORI ENEL DI COMPLETAMENTO SCAVI, POSA CAVI E RIPRISTINI STRADALI. SOCIETÀ: OMNIA WORK SRL - POTENZA<br><br>Divieto di sosta su entrambi i lati , senso unico alternato e riduzione carreggiata in str. Vicinale vassalo nell’intersezione tra via Lagravinese Nicola e via Giuseppe Fanelli <br>La deroga per i mezzi d’opera del richiedente a quanto prescritto al punto 1) La graduazione della velocità in avvicinamento per metri 100 all’area del lavori con limite pari a 20 km/h; Durante l’esecuzione dei lavori, la sicurezza e fluidità della circolazione stradale dovrà essere garantita dalla presenza costante di movieri muniti del prescritto ed idoneo equipaggiamento, in particolar modo avendo presente il transito di veicoli del trasporto pubblico di linea e mezzi di soccorso e/o di polizia; A tal fine dovrà permanere transitabile e sgombra da ogni mezzo e materiale una corsia di larghezza non inferiore a metri 3.25 per ciascun senso si marcia; Dovranno essere inoltre assicurati gli accessi privati; I lavori avverranno in regime di cantiere mobile per tratti funzionali non superiori a metri 50 al giorno; Tutti i provvedimenti in contrasto con la presente sono momentaneamente e provvisoriamente sospesi e divengono nuovamente efficaci all’esaurimento dei termini previsti dal presente disposto;<br><br>Durata e tempistiche: 21/01/2026 - 30/04/2026]]></description>
      <styleUrl>#icon-1541-E65100</styleUrl>
      <Point>
        <coordinates>
          16.8783276,41.0922526,0
        </coordinates>
      </Point>
    </Placemark>
    <Placemark>
      <name>VIA PAOLO BORSELLINO E GIOVANNI FALCONE PROROGA</name>
      <description><![CDATA[proroga<br>2026/00277 <br><br>https://drive.google.com/file/d/1qBIVA-B_vC2SsD48idtiZiEdaS4g_Jbr/view<br><br>P1557 LOTTO 1. ORDINANZA PER ISTITUIRE TEMPORANEAMENTE UN DIVIETO DI SOSTA AMBO I ALTI, SENSO UNICO ALTERNATO NONCHÉ RESTRINGIMENTO CARREGGIATA E ALL’OCCORRENZA DIVIETO DI TRANSITO SU VIALE PAOLO BORSELLINO E GIOVANNI FALCONE (DA VIA ALBEROTANZA A CIV 23 E DA VIALE LUIGI EINAUDI A TRAVERSA AL 282 DI CORSO ALCIDE DE GASPERI)PER LAVORI DI SCAVI PER SOSTITUZIONE E POSA DELLE NUOVE CONDOTTE IN GHISA, REALIZZAZIONE DI TUTTE LE DERIVAZIONI DI UTENZA, RINTERRI E SUCCESSIVI RIPRISTINI PROVVISORI PER TERMINARE CON QUELLI DEFINITIVI, DAL GIORNO DAL GIORNO 20/01/2026 SINO AL 27/02/2026. SOCIETÀ: ACCIONA AGUA S.A. <br><br>Istituzione temporanea del divieto di sosta ambo i alti, senso unico alternato nonché restringimento carreggiata e all’occorrenza divieto di transito su Via Paolo Borsellino e Giovanni Falcone (da via Alberotanza a civ 23 e da viale Luigi Einaudi a traversa al 282 di Corso Alcide de Gasperi); <br>2. Sarà consentito il transito ai residenti, ai mezzi pubblici ed ai mezzi di soccorso; 3. Tutti i provvedimenti in contrasto con la presente sono momentaneamente e provvisoriamente sospesi e divengono nuovamente efficaci all’esaurimento dei termini previsti dal presente disposto;<br><br>Durata e tempistiche: 20/01/2026 - 27/02/2026<br><br>2025/03888<br>https://drive.google.com/file/d/10InhdPIqbSbF9GhdoOv6YQsk3QDCzUuZ/view<br><br>dal giorno 13/12/2025 sino al 19/01/2026<br>1. Istituzione temporanea del divieto di sosta ambo i alti, senso unico alternato nonché restringimento<br>carreggiata e all’occorrenza divieto di transito su Via Paolo Borsellino e Giovanni Falcone (da via<br>Alberotanza a civ 23 e da viale Luigi Einaudi a traversa al 282 di Corso Alcide de Gasperi);<br>2. Sarà consentito il transito ai residenti, ai mezzi pubblici ed ai mezzi di soccorso<br>TERMINE E DURATA: dal giorno 13/12/2025 sino al 19/01/2026<br><br>2025/03480<br>https://drive.google.com/file/d/1IouPjZQrEveAgDF6WUtob1HzOptAFXVU/view<br><br>P1557 LOTTO 1. ORDINANZA PER ISTITUIRE TEMPORANEAMENTE UN DIVIETO DI SOSTA AMBO I ALTI, SENSO UNICO ALTERNATO NONCHÉ RESTRINGIMENTO CARREGGIATA E ALL’OCCORRENZA DIVIETO DI TRANSITO SU VIA PAOLO BORSELLINO E GIOVANNI FALCONE, (DA VIA ALBEROTANZA A CIV 23 E DA VIALE LUIGI EINAUDI A TRAVERSA AL 282 DI CORSO ALCIDE DE GASPERI) PER LAVORI DI SCAVI PER SOSTITUZIONE E POSA DELLE NUOVE CONDOTTE IN GHISA, REALIZZAZIONE DI TUTTE LE DERIVAZIONI DI UTENZA, RINTERRI E SUCCESSIVI RIPRISTINI PROVVISORI PER TERMINARE CON QUELLI DEFINITIVI, DAL GIORNO 12/11/2025 SINO AL 19/12/2025.<br>SOCIETÀ: ACCIONA AGUA S.A.<br><br>Durata e tempistiche: 12/11/2025 - 19/12/2025.]]></description>
      <styleUrl>#line-E65100-5874</styleUrl>
      <LineString>
        <tessellate>1</tessellate>
        <coordinates>
          16.8736126,41.0958511,0
          16.8736663,41.1005728,0
        </coordinates>
      </LineString>
    </Placemark>
    <Placemark>
      <name>DIVIETO DI SOSTA AMBO I ALTI</name>
      <description><![CDATA[proroga<br>2026/00277 <br><br>https://drive.google.com/file/d/1qBIVA-B_vC2SsD48idtiZiEdaS4g_Jbr/view<br><br>P1557 LOTTO 1. ORDINANZA PER ISTITUIRE TEMPORANEAMENTE UN DIVIETO DI SOSTA AMBO I ALTI, SENSO UNICO ALTERNATO NONCHÉ RESTRINGIMENTO CARREGGIATA E ALL’OCCORRENZA DIVIETO DI TRANSITO SU VIALE PAOLO BORSELLINO E GIOVANNI FALCONE (DA VIA ALBEROTANZA A CIV 23 E DA VIALE LUIGI EINAUDI A TRAVERSA AL 282 DI CORSO ALCIDE DE GASPERI)PER LAVORI DI SCAVI PER SOSTITUZIONE E POSA DELLE NUOVE CONDOTTE IN GHISA, REALIZZAZIONE DI TUTTE LE DERIVAZIONI DI UTENZA, RINTERRI E SUCCESSIVI RIPRISTINI PROVVISORI PER TERMINARE CON QUELLI DEFINITIVI, DAL GIORNO DAL GIORNO 20/01/2026 SINO AL 27/02/2026. SOCIETÀ: ACCIONA AGUA S.A. <br><br>Istituzione temporanea del divieto di sosta ambo i alti, senso unico alternato nonché restringimento carreggiata e all’occorrenza divieto di transito su Via Paolo Borsellino e Giovanni Falcone (da via Alberotanza a civ 23 e da viale Luigi Einaudi a traversa al 282 di Corso Alcide de Gasperi); <br>2. Sarà consentito il transito ai residenti, ai mezzi pubblici ed ai mezzi di soccorso; 3. Tutti i provvedimenti in contrasto con la presente sono momentaneamente e provvisoriamente sospesi e divengono nuovamente efficaci all’esaurimento dei termini previsti dal presente disposto;<br><br>Durata e tempistiche: 20/01/2026 - 27/02/2026<br><br>2025/03888<br>https://drive.google.com/file/d/10InhdPIqbSbF9GhdoOv6YQsk3QDCzUuZ/view<br><br>dal giorno 13/12/2025 sino al 19/01/2026<br>1. Istituzione temporanea del divieto di sosta ambo i alti, senso unico alternato nonché restringimento<br>carreggiata e all’occorrenza divieto di transito su Via Paolo Borsellino e Giovanni Falcone (da via<br>Alberotanza a civ 23 e da viale Luigi Einaudi a traversa al 282 di Corso Alcide de Gasperi);<br>2. Sarà consentito il transito ai residenti, ai mezzi pubblici ed ai mezzi di soccorso<br>TERMINE E DURATA: dal giorno 13/12/2025 sino al 19/01/2026<br><br><br><br>2025/03480<br>https://drive.google.com/file/d/1IouPjZQrEveAgDF6WUtob1HzOptAFXVU/view<br><br>P1557 LOTTO 1. ORDINANZA PER ISTITUIRE TEMPORANEAMENTE UN DIVIETO DI SOSTA AMBO I ALTI, SENSO UNICO ALTERNATO NONCHÉ RESTRINGIMENTO CARREGGIATA E ALL’OCCORRENZA DIVIETO DI TRANSITO SU VIA PAOLO BORSELLINO E GIOVANNI FALCONE, (DA VIA ALBEROTANZA A CIV 23 E DA VIALE LUIGI EINAUDI A TRAVERSA AL 282 DI CORSO ALCIDE DE GASPERI) PER LAVORI DI SCAVI PER SOSTITUZIONE E POSA DELLE NUOVE CONDOTTE IN GHISA, REALIZZAZIONE DI TUTTE LE DERIVAZIONI DI UTENZA, RINTERRI E SUCCESSIVI RIPRISTINI PROVVISORI PER TERMINARE CON QUELLI DEFINITIVI, DAL GIORNO 12/11/2025 SINO AL 19/12/2025.<br>SOCIETÀ: ACCIONA AGUA S.A.<br><br>Durata e tempistiche: 12/11/2025 - 19/12/2025.]]></description>
      <styleUrl>#icon-1541-E65100</styleUrl>
      <Point>
        <coordinates>
          16.8739237,41.0961503,0
        </coordinates>
      </Point>
    </Placemark>
    <Placemark>
      <name>BRT: Corso Vittorio Veneto</name>
      <description><![CDATA[Ordinanza: 2026/00313<br>https://drive.google.com/file/d/12SbyniGuuNa4GeWhGQYmltywqhNPQKaN/view <br><br>È revocata l’Ordinanza Dirigenziale n. 2026/00289 <br>( https://drive.google.com/file/d/1azNZlg2VLDHCyvLpsbecWS_Re7ekPYFf/view) <br><br>1) Dall’esecutività del presente provvedimento fino al giorno 21.02.2026 sono istituiti i seguenti<br>provvedimenti temporanei di circolazione:<br>a) L’istituzione del restringimento di carreggiata a tutti i veicoli su:<br>i) Corso Vittorio Veneto nel tratto stradale compreso tra via Brigata Regina e Piazza Massari;<br>ii) Via Brigata Regina, sulla carreggiata che percorre la corrente di traffico in direzione Corso Vittorio Veneto,<br>in prossimità della stessa intersezione con Corso Vittorio Veneto, per circa 25 metri;<br>b) L’istituzione del divieto di fermata a tutti i veicoli su:<br>i) su Corso Vittorio Veneto, ambo i lati, nel tratto stradale compreso tra via Brigata Regina e Piazza Massari;<br>c) L’istituzione di un capolinea temporaneo dei veicoli del Trasporto Pubblico Locale della Città di Bari, gestito dalla<br>società Amtab s.p.a. su:<br>i) Via Brigata Regina, sul lato destro della carreggiata che percorre la corrente di traffico in direzione Corso<br>Vittorio Veneto, in prossimità della stessa intersezione con Corso Vittorio Veneto, per circa 25 metri;<br><br>durata e tempistiche: 21/01/2026 - 21/02/2026<br><br>COMUNICATO: https://drive.google.com/file/d/1bT7OmCPzhEC1IrdYIwEPWwl6h9fAn7LT/view]]></description>
      <styleUrl>#line-E65100-3713</styleUrl>
      <LineString>
        <tessellate>1</tessellate>
        <coordinates>
          16.851466,41.129349,0
          16.8535988,41.1281864,0
          16.855021,41.128008,0
          16.8578045,41.1281379,0
          16.860524,41.12824,0
          16.864649,41.128776,0
          16.860524,41.12824,0
        </coordinates>
      </LineString>
    </Placemark>
    <Placemark>
      <name>BRT: restringimento carreggiata/divieto di fermata</name>
      <description><![CDATA[Ordinanza: 2026/00313<br>https://drive.google.com/file/d/12SbyniGuuNa4GeWhGQYmltywqhNPQKaN/view <br><br>È revocata l’Ordinanza Dirigenziale n. 2026/00289 <br>https://drive.google.com/file/d/1azNZlg2VLDHCyvLpsbecWS_Re7ekPYFf/view) <br><br>1) Dall’esecutività del presente provvedimento fino al giorno 21.02.2026 sono istituiti i seguenti<br>provvedimenti temporanei di circolazione:<br>a) L’istituzione del restringimento di carreggiata a tutti i veicoli su:<br>i) Corso Vittorio Veneto nel tratto stradale compreso tra via Brigata Regina e Piazza Massari;<br>ii) Via Brigata Regina, sulla carreggiata che percorre la corrente di traffico in direzione Corso Vittorio Veneto,<br>in prossimità della stessa intersezione con Corso Vittorio Veneto, per circa 25 metri;<br>b) L’istituzione del divieto di fermata a tutti i veicoli su:<br>i) su Corso Vittorio Veneto, ambo i lati, nel tratto stradale compreso tra via Brigata Regina e Piazza Massari;<br>c) L’istituzione di un capolinea temporaneo dei veicoli del Trasporto Pubblico Locale della Città di Bari, gestito dalla<br>società Amtab s.p.a. su:<br>i) Via Brigata Regina, sul lato destro della carreggiata che percorre la corrente di traffico in direzione Corso<br>Vittorio Veneto, in prossimità della stessa intersezione con Corso Vittorio Veneto, per circa 25 metri;<br><br>INFO AGGIUNTIVE: Nessuna uscita verrà ostruita, né quella dei Park&Ride, né quella dei parcheggi privati, inclusi parcheggi condominiali e autosilos. <br>È inibita solo la sosta su entrambi i lati della strada e, ovviamente, la fermata dei bus che bloccherebbero ulteriormente la circolazione stradale già notevolmente ridotta.<br><br>Durata e tempistiche: 21/01/2026 - 21/02/2026<br><br>COMUNICATO: https://drive.google.com/file/d/1bT7OmCPzhEC1IrdYIwEPWwl6h9fAn7LT/view]]></description>
      <styleUrl>#icon-1541-E65100</styleUrl>
      <Point>
        <coordinates>
          16.8547468,41.1281858,0
        </coordinates>
      </Point>
    </Placemark>
    <Placemark>
      <name>Via Ravanas</name>
      <description><![CDATA[2026/00269<br><br>https://drive.google.com/file/d/1Q0XnoThdOj9-vw7GVQx6DMFbz0XqevcA/view<br><br>ISTITUZIONE TEMPORANEA DEL RESTRINGIMENTO CARREGGIATA E DIVIETO DI SOSTA IN P. RAVANAS 7 DA VIA NAPOLI A CORSO MAZZINI PER LAVORI DI COSTRUZIONE IMPIANTO IDRICO DAL 16/02/2026 AL 28/02/2026. IMPRESA: IMPRESA INDIVIDUALE “FRISULLO LUIGI” ISTANTE: AQP S.P.A.<br><br>1. L’istituzione temporanea del un restringimento carreggiata e divieto di sosta su via P. Ravanas 7 da via Napoli a Corso Mazzini. <br>2. Sarà garantito l’accesso ai soli residenti e ai mezzi di soccorso; <br>3. Tutti i provvedimenti in contrasto con la presente sono momentaneamente e provvisoriamente sospesi e divengono nuovamente efficaci all’esaurimento dei termini previsti dal presente disposto;<br><br>Durata e tempistiche: 16/02/2026 - 28/02/2026]]></description>
      <styleUrl>#line-E65100-4294</styleUrl>
      <LineString>
        <tessellate>1</tessellate>
        <coordinates>
          16.8582389,41.1268396,0
          16.8583623,41.1254496,0
        </coordinates>
      </LineString>
    </Placemark>
    <Placemark>
      <name>restringimento carreggiata/divieto disosta</name>
      <description><![CDATA[2026/00269<br><br>https://drive.google.com/file/d/1Q0XnoThdOj9-vw7GVQx6DMFbz0XqevcA/view<br><br>ISTITUZIONE TEMPORANEA DEL RESTRINGIMENTO CARREGGIATA E DIVIETO DI SOSTA IN P. RAVANAS 7 DA VIA NAPOLI A CORSO MAZZINI PER LAVORI DI COSTRUZIONE IMPIANTO IDRICO DAL 16/02/2026 AL 28/02/2026. IMPRESA: IMPRESA INDIVIDUALE “FRISULLO LUIGI” ISTANTE: AQP S.P.A.<br><br>1. L’istituzione temporanea del un restringimento carreggiata e divieto di sosta su via P. Ravanas 7 da via Napoli a Corso Mazzini. <br>2. Sarà garantito l’accesso ai soli residenti e ai mezzi di soccorso; <br>3. Tutti i provvedimenti in contrasto con la presente sono momentaneamente e provvisoriamente sospesi e divengono nuovamente efficaci all’esaurimento dei termini previsti dal presente disposto;<br><br>Durata e tempistiche: 16/02/2026 - 28/02/2026]]></description>
      <styleUrl>#icon-1541-E65100</styleUrl>
      <Point>
        <coordinates>
          16.8582389,41.1263305,0
        </coordinates>
      </Point>
    </Placemark>
    <Placemark>
      <name>Via Vito Accettura</name>
      <description><![CDATA[2026/00312<br><br>https://drive.google.com/file/d/1JS0i4mNLgNPJtSUteR24GO3gwXsMOdBr/view<br><br>LAVORI DI REALIZZAZIONE DI UN SISTEMA BRT PER LA CITTÀ DI BARI - FINANZIATO DALLA UNIONE EUROPEA NEXT GENERATION EU - TRASPORTO RAPIDO DI MASSA - MISURA M2C2 - INV 4.2 DEL PNRR - CUP: J91B21002850001 ISTITUZIONE TEMPORANEA DEL CAPOLINEA DEL TRASPORTO PUBBLICO LOCALE DELLA CITTÀ DI BARI IN VIA VITO ACCETTURA DAL GIORNO 26.01.2026 AL GIORNO 01.02.2026 <br><br>a) L’istituzione del restringimento di carreggiata a tutti i veicoli su: i) Via Vito Accettura nel tratto compreso tra via Giuseppe Verdi e la prima traversa via Vito Accettura; <br>b) L’istituzione del divieto di fermata a tutti i veicoli su: <br>i) Via Vito Accettura, ambo i lati, nel tratto compreso tra via Giuseppe Verdi e la prima traversa via Vito Accettura; <br>c) L’istituzione di un capolinea temporaneo dei veicoli del Trasporto Pubblico Locale della Città di Bari, gestito dalla società Amtab s.p.a. su:<br> i) Via Vito Accettura, ambo i lati, nel tratto compreso tra via Giuseppe Verdi e la prima traversa via Vito Accettura<br>; 2) Dagli obblighi e divieti di cui al punto 1) sono esclusi: i) i veicoli delle forze dell’ordine, dei vigili del fuoco e delle ambulanze durante l’espletamento di servizi d’istituto e di soccorso pubblico e d’emergenza; ii) i veicoli al servizio di persone con limitate o impedite capacità motorie; iii) i veicoli diretti agli accessi carrabili privati. <br><br>Durata e tempistiche: 26/01/2026 - 01/02/2026]]></description>
      <styleUrl>#line-E65100-4488</styleUrl>
      <LineString>
        <tessellate>1</tessellate>
        <coordinates>
          16.8359467,41.1345922,0
          16.8355846,41.1337296,0
        </coordinates>
      </LineString>
    </Placemark>
    <Placemark>
      <name>restringimento carreggiata/divieto di fermata</name>
      <description><![CDATA[2026/00312<br><br>https://drive.google.com/file/d/1JS0i4mNLgNPJtSUteR24GO3gwXsMOdBr/view<br><br>LAVORI DI REALIZZAZIONE DI UN SISTEMA BRT PER LA CITTÀ DI BARI - FINANZIATO DALLA UNIONE EUROPEA NEXT GENERATION EU - TRASPORTO RAPIDO DI MASSA - MISURA M2C2 - INV 4.2 DEL PNRR - CUP: J91B21002850001 ISTITUZIONE TEMPORANEA DEL CAPOLINEA DEL TRASPORTO PUBBLICO LOCALE DELLA CITTÀ DI BARI IN VIA VITO ACCETTURA DAL GIORNO 26.01.2026 AL GIORNO 01.02.2026 <br><br>a) L’istituzione del restringimento di carreggiata a tutti i veicoli su: i) Via Vito Accettura nel tratto compreso tra via Giuseppe Verdi e la prima traversa via Vito Accettura; <br>b) L’istituzione del divieto di fermata a tutti i veicoli su: <br>i) Via Vito Accettura, ambo i lati, nel tratto compreso tra via Giuseppe Verdi e la prima traversa via Vito Accettura; <br>c) L’istituzione di un capolinea temporaneo dei veicoli del Trasporto Pubblico Locale della Città di Bari, gestito dalla società Amtab s.p.a. su:<br> i) Via Vito Accettura, ambo i lati, nel tratto compreso tra via Giuseppe Verdi e la prima traversa via Vito Accettura<br>; 2) Dagli obblighi e divieti di cui al punto 1) sono esclusi: i) i veicoli delle forze dell’ordine, dei vigili del fuoco e delle ambulanze durante l’espletamento di servizi d’istituto e di soccorso pubblico e d’emergenza; ii) i veicoli al servizio di persone con limitate o impedite capacità motorie; iii) i veicoli diretti agli accessi carrabili privati. <br><br>Durata e tempistiche: 26/01/2026 - 01/02/2026]]></description>
      <styleUrl>#icon-1541-E65100</styleUrl>
      <Point>
        <coordinates>
          16.8358475,41.1345316,0
        </coordinates>
      </Point>
    </Placemark>
    <Placemark>
      <name>Via Viviani</name>
      <description><![CDATA[Ordinanza: 2026/00285<br><br>https://drive.google.com/file/d/1rOOXzAGNKTryYJdWgY9cyklVDhfSKVrU/view<br><br>ISTITUZIONE TEMPORANEA DEL RESTRINGIMENTO CARREGGIATA,<br>DIVIETO DI SOSTA IN VIA VIVIANI PER LAVORI DI COSTRUZIONE IMPIANTO<br>IDRICO <br>IMPRESA: IMPRESA INDIVIDUALE “FRISULLO LUIGI”<br>ISTANTE: AQP S.P.A.<br><br>Durata e Tempistiche: 02/02/2026 - 14/02/2026.]]></description>
      <styleUrl>#line-E65100-3906</styleUrl>
      <LineString>
        <tessellate>1</tessellate>
        <coordinates>
          16.8193181,41.1387436,0
          16.8190714,41.1379356,0
        </coordinates>
      </LineString>
    </Placemark>
    <Placemark>
      <name>RESTRINGIMENTO CARREGGIATA/ DIVIETO DI SOSTA</name>
      <description><![CDATA[Ordinanza: 2026/00285<br><br>https://drive.google.com/file/d/1rOOXzAGNKTryYJdWgY9cyklVDhfSKVrU/view<br><br>ISTITUZIONE TEMPORANEA DEL RESTRINGIMENTO CARREGGIATA,<br>DIVIETO DI SOSTA IN VIA VIVIANI PER LAVORI DI COSTRUZIONE IMPIANTO<br>IDRICO <br>IMPRESA: IMPRESA INDIVIDUALE “FRISULLO LUIGI”<br>ISTANTE: AQP S.P.A.<br><br>Durata e Tempistiche: 02/02/2026 - 14/02/2026.]]></description>
      <styleUrl>#icon-1541-E65100</styleUrl>
      <Point>
        <coordinates>
          16.8191787,41.1379558,0
        </coordinates>
      </Point>
    </Placemark>
    <Placemark>
      <name>Via Putignani 264</name>
      <description><![CDATA[Ordinanza: 2026/00286<br><br>https://drive.google.com/file/d/1a-mzSFZ2QtLu7UVrjuTZlquGLdCaJkz3/view<br><br>ISTITUZIONE TEMPORANEA DEL DIVIETO DI TRANSITO, DI SOSTA SU AMBO<br>I LATI CON RIMOZIONE FORZATA IN VIA N. PUTIGNANI 264 DA VIA S.<br>VISCONTI A VIA A. MANZONI PER LAVORI DI COSTRUZIONE IMPIANTO<br>IDRICO <br>IMPRESA: IMPRESA INDIVIDUALE “FRISULLO LUIGI”<br>ISTANTE: AQP S.P.A.<br><br>Durata e tempistiche: 02/02/2026 - 14/02/2026.]]></description>
      <styleUrl>#line-E65100-2744</styleUrl>
      <LineString>
        <tessellate>1</tessellate>
        <coordinates>
          16.861079,41.122853,0
          16.8631192,41.1229594,0
        </coordinates>
      </LineString>
    </Placemark>
    <Placemark>
      <name>DIVIETO DI TRANSITO E DI SOSTA</name>
      <description><![CDATA[Ordinanza: 2026/00286<br><br>https://drive.google.com/file/d/1a-mzSFZ2QtLu7UVrjuTZlquGLdCaJkz3/view<br><br>ISTITUZIONE TEMPORANEA DEL DIVIETO DI TRANSITO, DI SOSTA SU AMBO<br>I LATI CON RIMOZIONE FORZATA IN VIA N. PUTIGNANI 264 DA VIA S.<br>VISCONTI A VIA A. MANZONI PER LAVORI DI COSTRUZIONE IMPIANTO<br>IDRICO <br>IMPRESA: IMPRESA INDIVIDUALE “FRISULLO LUIGI”<br>ISTANTE: AQP S.P.A.<br><br>Durata e tempistiche: 02/02/2026 - 14/02/2026]]></description>
      <styleUrl>#icon-1541-E65100</styleUrl>
      <Point>
        <coordinates>
          16.8630494,41.1230223,0
        </coordinates>
      </Point>
    </Placemark>
    <Placemark>
      <name>DIVIETO DI SOSTA SU AMBO I LATI</name>
      <description><![CDATA[https://drive.google.com/file/d/1qujsrEVYp8fjLKHHvlIreku3mUW_nmb4/view<br><br>2026/00331<br>P1557. ISTITUZIONE TEMPORANEA DEL DIVIETO DI SOSTA SU AMBO I LATI<br>CON RIMOZIONE FORZATA E DIVIETO DI TRANSITO SULLA TRAVERSA AL<br>CIV. 8 BIS DI VIA NAPOLI PER LAVORI SULLE RETI IDRICHE, DAL GIORNO<br>26/01/2026 AL 27/02/2026.<br><br>dal 26/01/2026 al 27/02/2026<br>1. L’istituzione temporanea del divieto di sosta su ambo i lati con rimozione forzata e divieto di transito sulla<br>traversa al civ. 8 bis di via Napoli;<br>2. Particolare attenzione dovrà essere posta ai pedoni e alle persone con ridotta capacità motoria, il cui<br>transito dovrà essere salvaguardato durante i lavori;<br>3. Dovranno essere altresì salvaguardati gli accessi privati e il transito dei mezzi di soccorso e/o polizia,<br>compatibilmente con l’esecuzione dei lavori;<br>4. Si evidenzia la presenza nella strada di che trattasi del Centro Dialisi “Villa Luce” – C.B.H. Città di Bari<br>Hospital SpA – Dipartimento Nefrodialitico per cui dovrà essere posta particolare attenzione ai pazienti o<br>mezzi di soccorso diretti o provenienti dalla struttura sanitaria;<br>5. Tutti i provvedimenti in contrasto con la presente sono momentaneamente e provvisoriamente sospesi e<br>divengono nuovamente efficaci all’esaurimento dei termini previsti dal presente disposto;<br><br>TERMINE E DURATA 26/01/2026 AL 27/02/2026.]]></description>
      <styleUrl>#icon-1541-E65100</styleUrl>
      <Point>
        <coordinates>
          16.8110951,41.1367448,0
        </coordinates>
      </Point>
    </Placemark>
    <Placemark>
      <name>DIVIETO DI SOSTA AMBO I LATI E
RESTRINGIMENTO CARREGGIATA</name>
      <description><![CDATA[https://drive.google.com/file/d/1uCPph6RqpQVRCd2OqhE-1czJfPidqpRg/view<br><br>2026/00335<br><br>ORDINANZA PER TEMPORANEO DIVIETO DI SOSTA AMBO I LATI E<br>RESTRINGIMENTO CARREGGIATA SU VIA TITOLO DA VIA NAPOLI A VIA<br>TENENTE SAVERIO NOVIELLO , PER LAVORI DI SCAVO IN AMBITO DEL<br>PROGETTO “RESILIENZA CLIMATA” DAL 26/01/2026 AL 28/02/2026.<br><br>dal 26/01/2026 al 28/02/2026<br><br>1. L’istituzione temporanea del divieto di sosta ambo i lati e restringimento carreggiata su via Titolo da via<br>Napoli a via Tenente Saverio Noviello;<br>2. Tutti i provvedimenti in contrasto con la presente sono momentaneamente e provvisoriamente sospesi e<br><br>divengono nuovamente efficaci all’esaurimento dei termini previsti dal presente disposto;<br>TERMINE E DURATA 26/01/2026 - 2802/2026]]></description>
      <styleUrl>#line-E65100-5263</styleUrl>
      <LineString>
        <tessellate>1</tessellate>
        <coordinates>
          16.7629687,41.159992,0
          16.7655759,41.1599879,0
        </coordinates>
      </LineString>
    </Placemark>
    <Placemark>
      <name>DIVIETO DI SOSTA AMBO I LATI E
RESTRINGIMENTO CARREGGIATA</name>
      <description><![CDATA[https://drive.google.com/file/d/1uCPph6RqpQVRCd2OqhE-1czJfPidqpRg/view<br><br>2026/00335<br><br>ORDINANZA PER TEMPORANEO DIVIETO DI SOSTA AMBO I LATI E<br>RESTRINGIMENTO CARREGGIATA SU VIA TITOLO DA VIA NAPOLI A VIA<br>TENENTE SAVERIO NOVIELLO , PER LAVORI DI SCAVO IN AMBITO DEL<br>PROGETTO “RESILIENZA CLIMATA” DAL 26/01/2026 AL 28/02/2026.<br><br>dal 26/01/2026 al 28/02/2026<br><br>1. L’istituzione temporanea del divieto di sosta ambo i lati e restringimento carreggiata su via Titolo da via<br>Napoli a via Tenente Saverio Noviello;<br>2. Tutti i provvedimenti in contrasto con la presente sono momentaneamente e provvisoriamente sospesi e<br><br>divengono nuovamente efficaci all’esaurimento dei termini previsti dal presente disposto;<br>TERMINE E DURATA 26/01/2026 - 2802/2026]]></description>
      <styleUrl>#icon-1541-E65100</styleUrl>
      <Point>
        <coordinates>
          16.7644601,41.1599698,0
        </coordinates>
      </Point>
    </Placemark>
    <Placemark>
      <name>DIVIETI ALLA
CIRCOLAZIONE NEL CENTRO CITTADINO</name>
      <description><![CDATA[https://drive.google.com/file/d/17N2oh2ouGoOcU80NSb9ksQRRHnAkbf6N/view<br><br>2026/00337<br>ISTITUZIONE DI PROVVEDIMENTI TEMPORANEI E DEROGHE AI DIVIETI ALLA<br>CIRCOLAZIONE NEL CENTRO CITTADINO PER L’ESECUZIONE LAVORI DI<br>INSTALLAZIONE DEGLI IMPIANTI PUBBLICITARI SU SUOLO PUBBLICO CITTÀ<br>DI BARI PREVISTI DAL CONTRATTO DI CONCESSIONE DEL SERVIZIO DI<br>BIKE SHARING PER LA CITTÀ DI BARI<br><br>Dal giorno 02.02.2026 al giorno 16.02.2026, al fine dell’esecuzione dei lavori di installazione degli impianti pubblicitari su<br>suolo pubblico città di Bari previsti dal contratto di concessione del servizio di Bike Sharing per la Città di Bari, sulle<br>seguenti vie interessate dai lavori:<br> P21 – Lungomare di Crollalanza<br> P27 – Lungomare Imperatore Augusto<br>TERMINE E DURATA 02/02/2026 - 16/02/2026]]></description>
      <styleUrl>#icon-1541-E65100</styleUrl>
      <Point>
        <coordinates>
          16.8744368,41.1246663,0
        </coordinates>
      </Point>
    </Placemark>
    <Placemark>
      <name>restringimento carreggiata</name>
      <description><![CDATA[2026/00354 <br>proroga  2025/04038 <br>https://drive.google.com/file/d/1IoSTENjtVO14YZzvC3KuLAsfRnK4vCOy/view<br><br>PROROGA: 23/01/2026 - 24/02/2026 <br><br><br>2025/03780<br>https://drive.google.com/file/d/1ISNmpw_6s235hinGZBGKRvZLatZjjms-/view<br>PROROGA: 2025/04038 <br>https://drive.google.com/file/d/17cudLjnhgLG0662J04aalnelb13SasBx/view<br><br>LAVORI DI REALIZZAZIONE DI UN SISTEMA BRT PER LA CITTÀ DI BARI - FINANZIATO DALLA UNIONE EUROPEA NEXT GENERATION EU - TRASPORTO RAPIDO DI MASSA - MISURA M2C2 - INV 4.2 DEL PNRR - CUP: J91B21002850001 RESTRINGIMENTO CARREGGIATA VIA CALDAROLA NEL TRATTO COMPRESO VIA MARESCIALLO VITTORIO MAGGIORE E VIA CAVALIERI DI VITTORIO VENETO DALL'ESECUTIVITÀ DEL PRESENTE PROVVEDIMENTO FINO AL GIORNO 24.12.2025 IMPRESA ESECUTRICE: R.T.I. COBAR S.P.A. - MER MEC STE S.R.L<br><br>Restringimento Carreggiata via Caldarola nel tratto compreso via Maresciallo Vittorio Maggiore e via Cavalieri di Vittorio Veneto<br><br>Dagli obblighi e divieti di cui al punto 1) sono esclusi: i) i veicoli al servizio, ovvero di proprietà dell’impresa esecutrice dei lavori e sue subappaltatrici; ii) i veicoli delle forze dell’ordine, dei vigili del fuoco e delle ambulanze durante l’espletamento di servizi d’istituto e di soccorso pubblico e d’emergenza; iii) i veicoli al servizio di persone con limitate o impedite capacità motorie; iv) i veicoli diretti agli accessi carrabili privati. <br><br><br>Durata e tempistiche: 24/11/2025 - 24/12/2025<br>PROROGA: 12/12/2025 - 24/01/2026 ]]></description>
      <styleUrl>#icon-1541-E65100</styleUrl>
      <Point>
        <coordinates>
          16.89444,41.108292,0
        </coordinates>
      </Point>
    </Placemark>
    <Placemark>
      <name>DIVIETI ALLA
CIRCOLAZIONE</name>
      <description><![CDATA[https://drive.google.com/file/d/17N2oh2ouGoOcU80NSb9ksQRRHnAkbf6N/view<br><br>2026/00337<br>ISTITUZIONE DI PROVVEDIMENTI TEMPORANEI E DEROGHE AI DIVIETI ALLA<br>CIRCOLAZIONE NEL CENTRO CITTADINO PER L’ESECUZIONE LAVORI DI<br>INSTALLAZIONE DEGLI IMPIANTI PUBBLICITARI SU SUOLO PUBBLICO CITTÀ<br>DI BARI PREVISTI DAL CONTRATTO DI CONCESSIONE DEL SERVIZIO DI<br>BIKE SHARING PER LA CITTÀ DI BARI<br><br>Dal giorno 02.02.2026 al giorno 16.02.2026, al fine dell’esecuzione dei lavori di installazione degli impianti pubblicitari su<br>suolo pubblico città di Bari previsti dal contratto di concessione del servizio di Bike Sharing per la Città di Bari, sulle<br>seguenti vie interessate dai lavori:<br> P21 – Lungomare di Crollalanza<br> P27 – Lungomare Imperatore Augusto<br>TERMINE E DURATA 02/02/2026 - 16/02/2026]]></description>
      <styleUrl>#icon-1541-E65100</styleUrl>
      <Point>
        <coordinates>
          16.871844,41.129662,0
        </coordinates>
      </Point>
    </Placemark>
    <Placemark>
      <name>Via Caldarola</name>
      <description><![CDATA[2025/03780<br>https://drive.google.com/file/d/1ISNmpw_6s235hinGZBGKRvZLatZjjms-/view<br><br>LAVORI DI REALIZZAZIONE DI UN SISTEMA BRT PER LA CITTÀ DI BARI - FINANZIATO DALLA UNIONE EUROPEA NEXT GENERATION EU - TRASPORTO RAPIDO DI MASSA - MISURA M2C2 - INV 4.2 DEL PNRR - CUP: J91B21002850001 RESTRINGIMENTO CARREGGIATA VIA CALDAROLA NEL TRATTO COMPRESO VIA MARESCIALLO VITTORIO MAGGIORE E VIA CAVALIERI DI VITTORIO VENETO DALL'ESECUTIVITÀ DEL PRESENTE PROVVEDIMENTO FINO AL GIORNO 24.12.2025 IMPRESA ESECUTRICE: R.T.I. COBAR S.P.A. - MER MEC STE S.R.L<br><br>Restringimento Carreggiata via Caldarola nel tratto compreso via Maresciallo Vittorio Maggiore e via Cavalieri di Vittorio Veneto<br><br>Dagli obblighi e divieti di cui al punto 1) sono esclusi: i) i veicoli al servizio, ovvero di proprietà dell’impresa esecutrice dei lavori e sue subappaltatrici; ii) i veicoli delle forze dell’ordine, dei vigili del fuoco e delle ambulanze durante l’espletamento di servizi d’istituto e di soccorso pubblico e d’emergenza; iii) i veicoli al servizio di persone con limitate o impedite capacità motorie; iv) i veicoli diretti agli accessi carrabili privati. <br><br><br>Durata e tempistiche: 24/11/2025 - 24/12/2025 ]]></description>
      <styleUrl>#line-E65100-5069</styleUrl>
      <LineString>
        <tessellate>1</tessellate>
        <coordinates>
          16.8937406,41.1084985,0
          16.8953553,41.1078478,0
        </coordinates>
      </LineString>
    </Placemark>
    <Placemark>
      <name>REGOLAMENTAZIONE DELLA CIRCOLAZIONE STRADALE SU
VIA GAETANO SALVEMINI NEL TRATTO COMPRESO TRA VIA OMODEO E VIA
ORABONA</name>
      <description><![CDATA[https://drive.google.com/file/d/1m8VBjzRyn-ZmB4BFZy2eWK5bafPRFmIB/view<br><br>2026/00355<br><br>REALIZZAZIONE NEL CONTESTO DELLE EDIFICAZIONI DEL PIRP SAN<br>MARCELLO - REGOLAMENTAZIONE DELLA CIRCOLAZIONE STRADALE SU<br>VIA GAETANO SALVEMINI NEL TRATTO COMPRESO TRA VIA OMODEO E VIA<br>ORABONA FINO AL GIORNO 22.06.2026<br><br>Dall’esecutività della presente ordinanza fino al giorno 22.06.2026 sono istituiti i seguenti provvedimenti<br>temporanei di circolazione:<br>a) L’istituzione del restringimento di carreggiata per entrambe le carreggiate di via Gaetano Salvemini nel tratto<br>compreso tra via Omodeo e via Orabona ;<br>b) L’istituzione del divieto di fermata su ambo i lati per entrambe le carreggiate di via Gaetano Salvemini nel tratto<br>compreso tra via Omodeo e via Orabona ;<br>c) L’istituzione del limite massimo di velocità pari a trenta chilometri orari a tutti i veicoli in avvicinamento alle aree<br>interessate dai lavori;<br>d) dai divieti di cui al punto 1) sono esclusi:<br>i) i veicoli al servizio, ovvero di proprietà dell’impresa esecutrice dei lavori e sue subappaltatrici;<br>ii) i veicoli delle forze dell’ordine, dei vigili del fuoco e delle ambulanze durante l’espletamento di servizi<br>d’istituto e di soccorso pubblico e d’emergenza;<br>iii) i veicoli al servizio di persone con limitate o impedite capacità motorie;<br>termine e durata 23/01/2026 al 22/06/2026]]></description>
      <styleUrl>#icon-1541-E65100</styleUrl>
      <Point>
        <coordinates>
          16.8809555,41.1074002,0
        </coordinates>
      </Point>
    </Placemark>
    <Placemark>
      <name>REGOLAMENTAZIONE DELLA CIRCOLAZIONE STRADALE SU
VIA GAETANO SALVEMINI NEL TRATTO COMPRESO TRA VIA OMODEO E VIA
ORABONA</name>
      <description><![CDATA[https://drive.google.com/file/d/1m8VBjzRyn-ZmB4BFZy2eWK5bafPRFmIB/view<br><br>2026/00355<br><br>REALIZZAZIONE NEL CONTESTO DELLE EDIFICAZIONI DEL PIRP SAN<br>MARCELLO - REGOLAMENTAZIONE DELLA CIRCOLAZIONE STRADALE SU<br>VIA GAETANO SALVEMINI NEL TRATTO COMPRESO TRA VIA OMODEO E VIA<br>ORABONA FINO AL GIORNO 22.06.2026<br><br>Dall’esecutività della presente ordinanza fino al giorno 22.06.2026 sono istituiti i seguenti provvedimenti<br>temporanei di circolazione:<br>a) L’istituzione del restringimento di carreggiata per entrambe le carreggiate di via Gaetano Salvemini nel tratto<br>compreso tra via Omodeo e via Orabona ;<br>b) L’istituzione del divieto di fermata su ambo i lati per entrambe le carreggiate di via Gaetano Salvemini nel tratto<br>compreso tra via Omodeo e via Orabona ;<br>c) L’istituzione del limite massimo di velocità pari a trenta chilometri orari a tutti i veicoli in avvicinamento alle aree<br>interessate dai lavori;<br>d) dai divieti di cui al punto 1) sono esclusi:<br>i) i veicoli al servizio, ovvero di proprietà dell’impresa esecutrice dei lavori e sue subappaltatrici;<br>ii) i veicoli delle forze dell’ordine, dei vigili del fuoco e delle ambulanze durante l’espletamento di servizi<br>d’istituto e di soccorso pubblico e d’emergenza;<br>iii) i veicoli al servizio di persone con limitate o impedite capacità motorie;<br>termine e durata 23/01/2026 al 22/06/2026]]></description>
      <styleUrl>#line-E65100-7975</styleUrl>
      <LineString>
        <tessellate>1</tessellate>
        <coordinates>
          16.8807623,41.1078684,0
          16.881347,41.105962,0
        </coordinates>
      </LineString>
    </Placemark>
    <Placemark>
      <name>Via Vassallo</name>
      <description><![CDATA[2026/00358 <br><br>https://drive.google.com/file/d/1-Kt-HbX4Gkp5iXMcJi_a1ATBQIBxgtQK/view<br><br>ISTITUZIONE TEMPORANEA DEL DIVIETO DI SOSTA E FERMATA CON RIMOZIONE FORZATA AMBO I LATI E RESTRINGIMENTO DI CARREGGIATA SU VIA VASSALLO (DAL CIV 21 CABINA PRIMARIA ENEL FINO A VIA DEL RE) - BARI” DAL GIORNO 01 FEBBRAIO 2026 AL GIORNO 10 MARZO 2026 DALLE ORE 07.00 ALLE ORE 17:00 PER LAVORI DI SCAVO C/ENEL. RICHIEDENTE: ENEL DISTRIBUZIONE S.P.A. DITTA ESECUTRICE: NORD COSTRUZIONI GENERALI SRL<br><br>Istituzione temporanea del divieto di sosta e fermata con rimozione forzata ambo i lati e il restringimento della carreggiata su: via Vassallo (dal civ 21 Cabina Primaria ENEL fino a via Del Re) <br>La graduazione della velocità in avvicinamento per metri 100 all’area del lavori con limite pari a 20 km/h. <br>Durante l’esecuzione dei lavori dovrà essere garantito l’accesso/uscita in zona ai residenti e mezzi di soccorso e/o polizia e dovrà essere prevista la presenza di movieri, dotati di idoneo equipaggiamento, che dovranno sovraintendere alle esigenze della circolazione stradale visto il restringimento della carreggiata e del senso unico alternato, con particolare attenzione al transito pedonale e alle persone con ridotte capacità motorie. A tal fine dovrà permanere transitabile e sgombra da ogni mezzo e materiale una corsia di larghezza non inferiore a metri 3.50. <br>Dovranno essere inoltre assicurati gli accessi privati. Tutti i provvedimenti in contrasto con la presente sono momentaneamente e provvisoriamente sospesi e divengono nuovamente efficaci all’esaurimento dei termini previsti dal presente disposto.<br><br>Durata e tempistiche: 01/02/2026 - 10/03/2026 07:00-17:00]]></description>
      <styleUrl>#line-E65100-4875</styleUrl>
      <LineString>
        <tessellate>1</tessellate>
        <coordinates>
          16.879106,41.091605,0
          16.8777971,41.0919284,0
          16.8767188,41.0921103,0
          16.8744872,41.0916211,0
          16.873586,41.0917222,0
        </coordinates>
      </LineString>
    </Placemark>
    <Placemark>
      <name>restringimento carreggiata/divieto di sosta</name>
      <description><![CDATA[2026/00358 <br><br>https://drive.google.com/file/d/1-Kt-HbX4Gkp5iXMcJi_a1ATBQIBxgtQK/view<br><br>ISTITUZIONE TEMPORANEA DEL DIVIETO DI SOSTA E FERMATA CON RIMOZIONE FORZATA AMBO I LATI E RESTRINGIMENTO DI CARREGGIATA SU VIA VASSALLO (DAL CIV 21 CABINA PRIMARIA ENEL FINO A VIA DEL RE) - BARI” DAL GIORNO 01 FEBBRAIO 2026 AL GIORNO 10 MARZO 2026 DALLE ORE 07.00 ALLE ORE 17:00 PER LAVORI DI SCAVO C/ENEL. RICHIEDENTE: ENEL DISTRIBUZIONE S.P.A. DITTA ESECUTRICE: NORD COSTRUZIONI GENERALI SRL<br><br>Istituzione temporanea del divieto di sosta e fermata con rimozione forzata ambo i lati e il restringimento della carreggiata su: via Vassallo (dal civ 21 Cabina Primaria ENEL fino a via Del Re) <br>La graduazione della velocità in avvicinamento per metri 100 all’area del lavori con limite pari a 20 km/h. <br>Durante l’esecuzione dei lavori dovrà essere garantito l’accesso/uscita in zona ai residenti e mezzi di soccorso e/o polizia e dovrà essere prevista la presenza di movieri, dotati di idoneo equipaggiamento, che dovranno sovraintendere alle esigenze della circolazione stradale visto il restringimento della carreggiata e del senso unico alternato, con particolare attenzione al transito pedonale e alle persone con ridotte capacità motorie. A tal fine dovrà permanere transitabile e sgombra da ogni mezzo e materiale una corsia di larghezza non inferiore a metri 3.50. <br>Dovranno essere inoltre assicurati gli accessi privati. Tutti i provvedimenti in contrasto con la presente sono momentaneamente e provvisoriamente sospesi e divengono nuovamente efficaci all’esaurimento dei termini previsti dal presente disposto.<br><br>Durata e tempistiche: 01/02/2026 - 10/03/2026 07:00-17:00]]></description>
      <styleUrl>#icon-1541-E65100</styleUrl>
      <Point>
        <coordinates>
          16.8766437,41.091973,0
        </coordinates>
      </Point>
    </Placemark>
    <Placemark>
      <name>Viale Papa Pio XII/Viale Papa Giovenni XIII/Via Pansini</name>
      <description><![CDATA[La ripartizione Infrastrutture, viabilità e opere pubbliche rende noto che, per consentire lavori di ripristino del manto stradale a cura di Enel distribuzione S.p.A. sono previste, dalle ore 7.00 alle 17.00 e fino al prossimo 27 febbraio, le seguenti modifiche alla viabilità:<br><br> <br><br>- istituzione temporanea del divieto di sosta e fermata con rimozione forzata ambo i lati e restringimento della carreggiata su:<br><br>- viale Papa Pio XII (da via Arcidiacono Giovanni a viale Papa Giovanni XXIII)<br><br>- viale Papa Giovanni XXIII (viale Papa Pio XII a via Niceforo)<br><br>- via Pansini (da viale Papa Pio XII a via Amoruso Manzari)<br>Durata e tempistiche: 27/01/2026 - 27/02/2026 07:00-17:00]]></description>
      <styleUrl>#line-E65100-5069</styleUrl>
      <LineString>
        <tessellate>1</tessellate>
        <coordinates>
          16.8594949,41.1034609,0
          16.8596559,41.1045321,0
          16.8597605,41.1054194,0
          16.8590658,41.1054456,0
          16.8597578,41.1054194,0
          16.8599375,41.1064481,0
          16.8599777,41.1071392,0
          16.8613752,41.1070786,0
        </coordinates>
      </LineString>
    </Placemark>
    <Placemark>
      <name>restringimento carreggiata/divieto di sosta</name>
      <description><![CDATA[La ripartizione Infrastrutture, viabilità e opere pubbliche rende noto che, per consentire lavori di ripristino del manto stradale a cura di Enel distribuzione S.p.A. sono previste, dalle ore 7.00 alle 17.00 e fino al prossimo 27 febbraio, le seguenti modifiche alla viabilità:<br><br><br>- istituzione temporanea del divieto di sosta e fermata con rimozione forzata ambo i lati e restringimento della carreggiata su:<br><br>- viale Papa Pio XII (da via Arcidiacono Giovanni a viale Papa Giovanni XXIII)<br><br>- viale Papa Giovanni XXIII (viale Papa Pio XII a via Niceforo)<br><br>- via Pansini (da viale Papa Pio XII a via Amoruso Manzari)<br>Durata e tempistiche: 27/01/2026 - 27/02/2026 07:00-17:00]]></description>
      <styleUrl>#icon-1541-E65100</styleUrl>
      <Point>
        <coordinates>
          16.8600904,41.106547,0
        </coordinates>
      </Point>
    </Placemark>
    <Placemark>
      <name>Via Putignani</name>
      <description><![CDATA[2026/00367<br><br>https://drive.google.com/file/d/16wijzv1QCErlD3H5d0j7C7sq8SEHUgaG/view<br><br>ISTITUZIONE TEMPORANEA RESTRINGIMENTO CARREGGIATA, DIVIETO DI SOSTA AMBO I LATI SU VIA NICOLÒ PUTIGNANI DAL CI V. 98 A L CIV . 108 PER LAVORI DI SCAVO PER POSA IMPIANTI SU SEDE STRADALE DALLA DATA DI EMANAZIONE DELLA PRESENTE ORDINANZA AL GIORNO 28/02/2026 DALLE ORE 07:30 ALLE ORE 19:00. IMPRESA: PATANO IMPIANTI & COSTRUZIONI S.R.L. . <br><br>Istituire temporaneamente un restringimento carreggiata, divieto di sosta ambo i lati su : Via Nicolò Putignani dal ci v. 98 a l civ . 108<br><br>Durata e tempistiche: 27/01/2026 - 28/02/2026 7:30-19:00 ]]></description>
      <styleUrl>#line-E65100-4488</styleUrl>
      <LineString>
        <tessellate>1</tessellate>
        <coordinates>
          16.8681382,41.1232847,0
          16.8677412,41.1232706,0
        </coordinates>
      </LineString>
    </Placemark>
    <Placemark>
      <name>restringimento carreggiata/divieto di sosta</name>
      <description><![CDATA[2026/00367<br><br>https://drive.google.com/file/d/16wijzv1QCErlD3H5d0j7C7sq8SEHUgaG/view<br><br>ISTITUZIONE TEMPORANEA RESTRINGIMENTO CARREGGIATA, DIVIETO DI SOSTA AMBO I LATI SU VIA NICOLÒ PUTIGNANI DAL CI V. 98 A L CIV . 108 PER LAVORI DI SCAVO PER POSA IMPIANTI SU SEDE STRADALE DALLA DATA DI EMANAZIONE DELLA PRESENTE ORDINANZA AL GIORNO 28/02/2026 DALLE ORE 07:30 ALLE ORE 19:00. IMPRESA: PATANO IMPIANTI & COSTRUZIONI S.R.L. . <br><br>Istituire temporaneamente un restringimento carreggiata, divieto di sosta ambo i lati su : Via Nicolò Putignani dal ci v. 98 a l civ . 108<br><br>Durata e tempistiche: 27/01/2026 - 28/02/2026 7:30-19:00 ]]></description>
      <styleUrl>#icon-1541-E65100</styleUrl>
      <Point>
        <coordinates>
          16.8679692,41.1233071,0
        </coordinates>
      </Point>
    </Placemark>
    <Placemark>
      <name>Via Verdi/via Pola/Via di Maratona</name>
      <description><![CDATA[2026/00371<br><br>https://drive.google.com/file/d/1f3FpTUXHiuPxWNpgAPcTzguXOqyL00W_/view<br><br>REVOCA ORDINANZE 2026/00370 2025/04183<br><br>LAVORI DI REALIZZAZIONE DI UN SISTEMA BRT PER LA CITTÀ DI BARI -<br>FINANZIATO DALLA UNIONE EUROPEA NEXT GENERATION EU -<br>TRASPORTO RAPIDO DI MASSA - MISURA M2C2 - INV 4.2 DEL PNRR - CUP:<br>J91B21002850001<br>REGOLAMENTAZIONE TEMPORANEA DELLA CIRCOLAZIONE STRADALE SU<br>VIA DI MARATONA E VIA VERDI FINO AL 28/02/26<br>IMPRESA ESECUTRICE: R.T.I. COBAR S.P.A. - MER MEC STE S.R.L.<br><br><br>Sono revocate le Ordinanze Dirigenziali 2026/00370 2025/04183<br>1) Dall’emanazione del presente provvedimento fino al giorno 28.02.26 sono istituiti i seguenti provvedimenti<br>temporanei di circolazione:<br>a) L’istituzione del divieto di transito a tutti i veicoli su:<br>i) via Giuseppe Verdi, nel tratto stradale compreso tra via Accettura e via di Maratona, eccetto frontisti;<br>ii) via Pola in prossimità dell’intersezione con via di Maratona;<br>iii) via di Maratona nel tratto stradale compreso tra via Verdi e via Portoghese, per entrambe le carreggiate.<br>(1) Deroga al divieto di transito di cui sopra nel tratto di via di Maratona - carreggiata ovest in prossimità<br>dell’intersezione con via Portoghese e contestuale istituzione del doppio senso di circolazione, al fine di<br>consentire l’ingresso e l’uscita dalle Piscine Comunali<br>b) L’istituzione del divieto di fermata a tutti i veicoli su:<br>i) via Giuseppe Verdi, ambo i lati, nel tratto stradale compreso tra via Accettura e via di Maratona, eccetto<br>frontisti;<br>ii) via di Maratona, ambo i lati, nel tratto stradale compreso tra via Verdi e via Portoghese, per entrambe le<br>carreggiate.<br><br>c) L’istituzione dell’obbligo di svolta a destra a tutti i veicoli su:<br>i) Via Giuseppe Verdi, in corrispondenza dell’intersezione con via Accettura per tutti i veicoli sulla corrente di<br>traffico che va da via Giordano verso via Accettura.<br>d) L’istituzione dell’obbligo di svolta a sinistra a tutti i veicoli su:<br>i) Via Accettura, in corrispondenza dell’intersezione con via Giuseppe Verdi per tutti i veicoli sulla corrente di<br>traffico che va da via Mascagni verso via Giuseppe Verdi.<br>e) L’istituzione dell’obbligo di proseguire diritto e svolta a sinistra a tutti i veicoli su:<br>i) Via Portoghese, in corrispondenza dell’intersezione con via di Maratona per tutti i veicoli sulla corrente di<br>traffico che va da via Portoghese verso via Accettura.<br>f) L’istituzione dell’obbligo di proseguire diritto e svolta a destra a tutti i veicoli su:<br>i) Via Mascagni, in corrispondenza dell’intersezione con via di Maratona per tutti i veicoli sulla corrente di<br>traffico che va da via Mascagni verso via Portoghese.<br>2) Dagli obblighi e divieti di cui al punto 1) sono esclusi:<br>i) i veicoli al servizio, ovvero di proprietà dell’impresa esecutrice dei lavori e sue subappaltatrici;<br>ii) i veicoli delle forze dell’ordine, dei vigili del fuoco e delle ambulanze durante l’espletamento di servizi<br>d’istituto e di soccorso pubblico e d’emergenza;<br>iii) i veicoli al servizio di persone con limitate o impedite capacità motorie;<br>iv) i veicoli diretti agli accessi carrabili privati.<br><br>Durata e tempistiche: 28/01/2025 - 28/02//2026]]></description>
      <styleUrl>#line-E65100-4100</styleUrl>
      <LineString>
        <tessellate>1</tessellate>
        <coordinates>
          16.8359954,41.1345953,0
          16.8374062,41.1337024,0
          16.8379427,41.1334519,0
          16.8378408,41.1316822,0
          16.8368966,41.1317752,0
          16.8378408,41.1316782,0
          16.837843,41.130717,0
        </coordinates>
      </LineString>
    </Placemark>
    <Placemark>
      <name>Via Caracciolo/via Napoli/via Brigata regina/via brigata bari/via nicolai/via sagariga visconti/corso italia</name>
      <description><![CDATA[2026/00372 <br><br>https://drive.google.com/file/d/1y1mphFp-QIvDzFDX6Tq4861hHIXjuiCO/view<br><br>ISTITUZIONE TEMPORANEA RESTRINGIMENTO CARREGGIATA, DIVIETO DI<br>SOSTA AMBO I LATI VIA AMMIRAGLIO CARACCIOLO DA ANGOLO CORSO<br>VITTORIO VENETO AD ANGOLO VIA NAPOLI ;VIA NAPOLI DAL CIV. 283 AD<br>ANGOLO VIA AMMIRAGLIO CARACCIOLO; VIA BRIGATA REGINA DAL CIV.1<br>AD ANGOLO VIA NAPOLI; VIA BRIGATA BARI DAL CIV.118 AD ANGOLO VIA<br>FRANCESCO CRISPI; VIA NICOLAI DAL CIV.326 AD ANGOLO VIA SAGARRIGA<br>VISCONTI; VIA SAGARRIGA VISCONTI DAL CIV. 219 AD ANGOLO VIA<br>NICOLAI;CORSO ITALIA DA ANGOLO VIA SAGARRIGA VISCONTI AD<br>ANGOLO SOTTOVIA QUINTINO SELLA, PER LAVORI DI SCAVO SU SEDE<br>STRADALE DAL GIORNO 02/02/2026 AL GIORNO 30/06/2026 DALLE ORE 07:30<br>ALLE ORE 17:00.<br>IMPRESA: PATANO IMPIANTI & COSTRUZIONI S.R.L.<br><br>via Ammiraglio Caracciolo Da Angolo Corso Vittorio Veneto ad Angolo Via Napoli (RESTRINGIMENTO DI<br>CAREGGIATA E DIVIETO DI SOSTA E FERMATA AMBO I LATI);<br>-Via Napoli dal civ. 283 Ad Angolo Via Ammiraglio Caracciolo; ( DIVIETO DI SOSTA E FERMATA AMBO I LATI<br>E RESTRINGIMENTO DI CAREGGIATA)<br>- Via Brigata Regina dal civ.1 Ad Angolo Via Napoli; (RESTRINGIMENTO DI CAREGGIATA E DIVIETO DI<br>SOSTA E FERMATA AMBO I LATI)<br>- Via Brigata Bari dal civ.118 Ad Angolo Via Francesco Crispi; (RESTRINGIMENTO DI CAREGGIATA E DIVIETO<br>DI SOSTA E FERMATA AMBO I LATI)<br>- Via Nicolai dal civ.326 Ad Angolo Via Sagarriga Visconti; (RESTRINGIMENTO DI CAREGGIATA E DIVIETO<br>DI SOSTA E FERMATA AMBO I LATI)<br>- Via Sagarriga Visconti dal civ. 219 Ad Angolo Via Nicolai; (RESTRINGIMENTO DI CAREGGIATA E DIVIETO<br>DI SOSTA E FERMATA AMBO I LATI)<br>- Corso Italia Da Angolo Via Sagarriga Visconti Ad Angolo Sottovia Quintino Sella; (RESTRINGIMENTO DI<br>CAREGGIATA E DIVIETODI SOSTA E FERMATA AMBO I LATI)<br><br><br><br>Durata e tempistiche: 02/02/2026 - 30/06/2026 7:30-17:00]]></description>
      <styleUrl>#line-E65100-5263</styleUrl>
      <LineString>
        <tessellate>1</tessellate>
        <coordinates>
          16.864765,41.118369,0
          16.8635028,41.1182996,0
          16.8633258,41.1210113,0
          16.8521142,41.120393,0
          16.851567,41.1271899,0
          16.8442124,41.127501,0
          16.8441856,41.1308669,0
          16.8454945,41.1325356,0
        </coordinates>
      </LineString>
    </Placemark>
    <Placemark>
      <name>restringimento carreggiata/divieto sosta e fermata</name>
      <description><![CDATA[2026/00372 <br><br>https://drive.google.com/file/d/1y1mphFp-QIvDzFDX6Tq4861hHIXjuiCO/view<br><br>ISTITUZIONE TEMPORANEA RESTRINGIMENTO CARREGGIATA, DIVIETO DI<br>SOSTA AMBO I LATI VIA AMMIRAGLIO CARACCIOLO DA ANGOLO CORSO<br>VITTORIO VENETO AD ANGOLO VIA NAPOLI ;VIA NAPOLI DAL CIV. 283 AD<br>ANGOLO VIA AMMIRAGLIO CARACCIOLO; VIA BRIGATA REGINA DAL CIV.1<br>AD ANGOLO VIA NAPOLI; VIA BRIGATA BARI DAL CIV.118 AD ANGOLO VIA<br>FRANCESCO CRISPI; VIA NICOLAI DAL CIV.326 AD ANGOLO VIA SAGARRIGA<br>VISCONTI; VIA SAGARRIGA VISCONTI DAL CIV. 219 AD ANGOLO VIA<br>NICOLAI;CORSO ITALIA DA ANGOLO VIA SAGARRIGA VISCONTI AD<br>ANGOLO SOTTOVIA QUINTINO SELLA, PER LAVORI DI SCAVO SU SEDE<br>STRADALE DAL GIORNO 02/02/2026 AL GIORNO 30/06/2026 DALLE ORE 07:30<br>ALLE ORE 17:00.<br>IMPRESA: PATANO IMPIANTI & COSTRUZIONI S.R.L.<br><br>via Ammiraglio Caracciolo Da Angolo Corso Vittorio Veneto ad Angolo Via Napoli (RESTRINGIMENTO DI<br>CAREGGIATA E DIVIETO DI SOSTA E FERMATA AMBO I LATI);<br>-Via Napoli dal civ. 283 Ad Angolo Via Ammiraglio Caracciolo; ( DIVIETO DI SOSTA E FERMATA AMBO I LATI<br>E RESTRINGIMENTO DI CAREGGIATA)<br>- Via Brigata Regina dal civ.1 Ad Angolo Via Napoli; (RESTRINGIMENTO DI CAREGGIATA E DIVIETO DI<br>SOSTA E FERMATA AMBO I LATI)<br>- Via Brigata Bari dal civ.118 Ad Angolo Via Francesco Crispi; (RESTRINGIMENTO DI CAREGGIATA E DIVIETO<br>DI SOSTA E FERMATA AMBO I LATI)<br>- Via Nicolai dal civ.326 Ad Angolo Via Sagarriga Visconti; (RESTRINGIMENTO DI CAREGGIATA E DIVIETO<br>DI SOSTA E FERMATA AMBO I LATI)<br>- Via Sagarriga Visconti dal civ. 219 Ad Angolo Via Nicolai; (RESTRINGIMENTO DI CAREGGIATA E DIVIETO<br>DI SOSTA E FERMATA AMBO I LATI)<br>- Corso Italia Da Angolo Via Sagarriga Visconti Ad Angolo Sottovia Quintino Sella; (RESTRINGIMENTO DI<br>CAREGGIATA E DIVIETODI SOSTA E FERMATA AMBO I LATI)<br><br><br><br>Durata e tempistiche: 02/02/2026 - 30/06/2026 7:30-17:00]]></description>
      <styleUrl>#icon-1541-E65100</styleUrl>
      <Point>
        <coordinates>
          16.844831,41.1307254,0
        </coordinates>
      </Point>
    </Placemark>
    <Placemark>
      <name>Piazza Massari</name>
      <description><![CDATA[2026/00373<br><br>https://drive.google.com/file/d/1xCvlgQzAwd6PKc_OHcV00aEIfWLM6sbk/view<br><br>ISTITUZIONE TEMPORANEA DI DIVIETO DI SOSTA AMBO I LATI CON<br>RIMOZIONE FORZATA E CHIUSURA AL TRANSITO VEICOLARE SU PIAZZA<br>MASSARI PER L’INTERO TRATTO DI CARREGGIATA ADIACENTE LATO<br>NUMERAZIONE CIVICA DISPARI, CON SENSO DI MARCIA DIRETTO DA<br>PIAZZA LIBERTÀ VERSO PIAZZA FEDERICO II DI SVEVIA PER LAVORI DI<br>POTATURA E SAGOMATURA ALBERI DAL GIORNO 02.02.2026 AL GIORNO<br>07.02.2026 DALLE ORE 7.00 ALLE ORE 13.00.<br>RICHIEDENTE: SETT. PARCHI E GIARDINI - RIP. TUTELA AMBIENTE, IGIENE<br>E SANITÀ DR. FOR. ALESSANDRA LISI CERVONE, PH. D.FUNZIONARIO<br>SPECIALISTA AGRARIO<br>IMPRESA ESECUTRICE: COOPERATIVA SOCIALE L’OBBIETTIVO ONLUS<br><br><br>Istituito il<br>divieto di sosta ambo i lati con rimozione forzata e chiusura al transito veicolare su:<br><br> Piazza Massari per l’intero tratto di carreggiata adiacente lato numerazione civica<br>dispari, con senso di marcia diretto da piazza Liberta’ verso piazza Federico II di<br>Svevia.<br><br>Durata e tempistiche: 02/02/2026 -07/02/2026 7:00-13:00]]></description>
      <styleUrl>#line-E65100-3713</styleUrl>
      <LineString>
        <tessellate>1</tessellate>
        <coordinates>
          16.8668554,41.1261837,0
          16.866036,41.127336,0
        </coordinates>
      </LineString>
    </Placemark>
    <Placemark>
      <name>Divieto di sosta</name>
      <description><![CDATA[2026/00373<br><br>https://drive.google.com/file/d/1xCvlgQzAwd6PKc_OHcV00aEIfWLM6sbk/view<br><br>ISTITUZIONE TEMPORANEA DI DIVIETO DI SOSTA AMBO I LATI CON<br>RIMOZIONE FORZATA E CHIUSURA AL TRANSITO VEICOLARE SU PIAZZA<br>MASSARI PER L’INTERO TRATTO DI CARREGGIATA ADIACENTE LATO<br>NUMERAZIONE CIVICA DISPARI, CON SENSO DI MARCIA DIRETTO DA<br>PIAZZA LIBERTÀ VERSO PIAZZA FEDERICO II DI SVEVIA PER LAVORI DI<br>POTATURA E SAGOMATURA ALBERI DAL GIORNO 02.02.2026 AL GIORNO<br>07.02.2026 DALLE ORE 7.00 ALLE ORE 13.00.<br>RICHIEDENTE: SETT. PARCHI E GIARDINI - RIP. TUTELA AMBIENTE, IGIENE<br>E SANITÀ DR. FOR. ALESSANDRA LISI CERVONE, PH. D.FUNZIONARIO<br>SPECIALISTA AGRARIO<br>IMPRESA ESECUTRICE: COOPERATIVA SOCIALE L’OBBIETTIVO ONLUS<br><br><br>Istituito il<br>divieto di sosta ambo i lati con rimozione forzata e chiusura al transito veicolare su:<br><br> Piazza Massari per l’intero tratto di carreggiata adiacente lato numerazione civica<br>dispari, con senso di marcia diretto da piazza Liberta’ verso piazza Federico II di<br>Svevia.<br><br>Durata e tempistiche: 02/02/2026 -07/02/2026 7:00-13:00]]></description>
      <styleUrl>#icon-1541-E65100</styleUrl>
      <Point>
        <coordinates>
          16.8660182,41.1271952,0
        </coordinates>
      </Point>
    </Placemark>
    <Placemark>
      <name>Via Monte Grappa</name>
      <description><![CDATA[2026/00374<br><br>https://drive.google.com/file/d/1i6LUDa4tmbveIzyZkRnJHrcoZr5Et-5L/view<br><br>DIVIETO DI TRANSITO VEICOLARE E DIVIETO DI SOSTA AMBO I LATI PER<br>RECINZIONE AREA DI CANTIERE , IN VIA MONTEGRAPPA CIV 147/149 E<br>CIV 132/124 TRATTO COMPRESO TRA VIA GIULIO PETRONI E VIA BARACCA<br>, DALLA DATA DI EMANAZIONE DELLA PRESENTE ORDINANZA AL SINO AL<br>28/02/2026 CON PANNELLO INTEGRATIVO 00-24.<br>RICHIEDENTE : SIG. ANTONIO LATERZA<br><br>Chiusura al transito veicolare, in via Montegrappa civ 147/149 e 132/124 tratto compreso tra via Giulio Petroni e via Baracca<br>Divieto di sosta con rimozione forzata in via Montegrappa civ 147/149 e civ 132/124 con pannello integrativo 00-24.<br><br>Durata e tempistiche: 28/02/2026 - 2802/2026  ]]></description>
      <styleUrl>#line-E65100-3906</styleUrl>
      <LineString>
        <tessellate>1</tessellate>
        <coordinates>
          16.8678137,41.1092757,0
          16.8687203,41.1091444,0
        </coordinates>
      </LineString>
    </Placemark>
    <Placemark>
      <name>Divieto di transito/divieto di sosta</name>
      <description><![CDATA[2026/00374<br><br>https://drive.google.com/file/d/1i6LUDa4tmbveIzyZkRnJHrcoZr5Et-5L/view<br><br>DIVIETO DI TRANSITO VEICOLARE E DIVIETO DI SOSTA AMBO I LATI PER<br>RECINZIONE AREA DI CANTIERE , IN VIA MONTEGRAPPA CIV 147/149 E<br>CIV 132/124 TRATTO COMPRESO TRA VIA GIULIO PETRONI E VIA BARACCA<br>, DALLA DATA DI EMANAZIONE DELLA PRESENTE ORDINANZA AL SINO AL<br>28/02/2026 CON PANNELLO INTEGRATIVO 00-24.<br>RICHIEDENTE : SIG. ANTONIO LATERZA<br><br>Chiusura al transito veicolare, in via Montegrappa civ 147/149 e 132/124 tratto compreso tra via Giulio Petroni e via Baracca<br>Divieto di sosta con rimozione forzata in via Montegrappa civ 147/149 e civ 132/124 con pannello integrativo 00-24.<br><br>Durata e tempistiche: 28/02/2026 - 2802/2026  ]]></description>
      <styleUrl>#icon-1541-E65100</styleUrl>
      <Point>
        <coordinates>
          16.8681209,41.1092615,0
        </coordinates>
      </Point>
    </Placemark>
    <Placemark>
      <name>Via Monfalcone/via Montello</name>
      <description><![CDATA[2026/00376<br><br>https://drive.google.com/file/d/1-hriQlklgij29aa-rO8njsJhtb1FN15W/view<br><br>ISTITUZIONE TEMPORANEA DEI DIVIETI DI SOSTA E FERMATA, AMBO I LATI<br>CON RIMOZIONE FORZATA DEI VEICOLI E LA CHIUSURA AL TRAFFICO IN<br>VIA MONFALCONE (DA CSO B. CROCE A VIA BUCCARI), VIA MONTELLO (DA<br>VIA BUCCARI A VIA G. PETRONI), VIA PASUBIO (DA VIA G. PETRONI A CSO<br>B. CROCE), VIA BUCCARI (DA VIA PASUBIO A VIA ADIGE), VIA G. TOMA (DA<br>CSO B. CROCE A VLE DELLA REPUBBLICA) E VIA ADIGE (DA VIA BUCCARI A<br>CSO B. CROCE) DAL 9.2.2026 FINO AL GIORNO 20.3.2026 PER LAVORI DI<br>INTERRAMENTO CAVI DI MEDIA TENSIONE C/ENEL<br>COMMITTENTE : ENEL DISTRIBUZIONE S.P.A.<br>IMPRESA ESEC. : NORD COSTRUZIONI GENERALI<br><br>i) istituzione temporanea dei divieti di sosta e fermata, ambo i lati con rimozione forzata dei veicoli e la chiusura al traffico, in:<br> via Monfalcone (da cso B. Croce a via Buccari),<br> via Montello (da via Buccari a via G. Petroni),<br> via Pasubio (da via G. Petroni a cso B.Croce),<br> via Buccari (da via Pasubio a via Adige),<br> via G. Toma (da cso B. Croce a vle della Repubblica)<br><br> via Adige (da via Buccari a cso B. Croce).<br><br>Durata e tempistiche: 09/02/2026 - 20/03/2026]]></description>
      <styleUrl>#line-795548-4100</styleUrl>
      <LineString>
        <tessellate>1</tessellate>
        <coordinates>
          16.8720077,41.110901,0
          16.8701087,41.1110789,0
          16.8681722,41.1113113,0
        </coordinates>
      </LineString>
    </Placemark>
    <Placemark>
      <name>via Toma</name>
      <description><![CDATA[2026/00376<br><br>https://drive.google.com/file/d/1-hriQlklgij29aa-rO8njsJhtb1FN15W/view<br><br>ISTITUZIONE TEMPORANEA DEI DIVIETI DI SOSTA E FERMATA, AMBO I LATI<br>CON RIMOZIONE FORZATA DEI VEICOLI E LA CHIUSURA AL TRAFFICO IN<br>VIA MONFALCONE (DA CSO B. CROCE A VIA BUCCARI), VIA MONTELLO (DA<br>VIA BUCCARI A VIA G. PETRONI), VIA PASUBIO (DA VIA G. PETRONI A CSO<br>B. CROCE), VIA BUCCARI (DA VIA PASUBIO A VIA ADIGE), VIA G. TOMA (DA<br>CSO B. CROCE A VLE DELLA REPUBBLICA) E VIA ADIGE (DA VIA BUCCARI A<br>CSO B. CROCE) DAL 9.2.2026 FINO AL GIORNO 20.3.2026 PER LAVORI DI<br>INTERRAMENTO CAVI DI MEDIA TENSIONE C/ENEL<br>COMMITTENTE : ENEL DISTRIBUZIONE S.P.A.<br>IMPRESA ESEC. : NORD COSTRUZIONI GENERALI<br><br>i) istituzione temporanea dei divieti di sosta e fermata, ambo i lati con rimozione forzata dei veicoli e la chiusura al traffico, in:<br> via Monfalcone (da cso B. Croce a via Buccari),<br> via Montello (da via Buccari a via G. Petroni),<br> via Pasubio (da via G. Petroni a cso B.Croce),<br> via Buccari (da via Pasubio a via Adige),<br> via G. Toma (da cso B. Croce a vle della Repubblica)<br><br> via Adige (da via Buccari a cso B. Croce).<br><br>Durata e tempistiche: 09/02/2026 - 20/03/2026]]></description>
      <styleUrl>#line-795548-3131</styleUrl>
      <LineString>
        <tessellate>1</tessellate>
        <coordinates>
          16.8719541,41.1088632,0
          16.8738853,41.1088208,0
        </coordinates>
      </LineString>
    </Placemark>
    <Placemark>
      <name>Via Pasubio/via Buccari/Via Adige</name>
      <description><![CDATA[2026/00376<br><br>https://drive.google.com/file/d/1-hriQlklgij29aa-rO8njsJhtb1FN15W/view<br><br>ISTITUZIONE TEMPORANEA DEI DIVIETI DI SOSTA E FERMATA, AMBO I LATI<br>CON RIMOZIONE FORZATA DEI VEICOLI E LA CHIUSURA AL TRAFFICO IN<br>VIA MONFALCONE (DA CSO B. CROCE A VIA BUCCARI), VIA MONTELLO (DA<br>VIA BUCCARI A VIA G. PETRONI), VIA PASUBIO (DA VIA G. PETRONI A CSO<br>B. CROCE), VIA BUCCARI (DA VIA PASUBIO A VIA ADIGE), VIA G. TOMA (DA<br>CSO B. CROCE A VLE DELLA REPUBBLICA) E VIA ADIGE (DA VIA BUCCARI A<br>CSO B. CROCE) DAL 9.2.2026 FINO AL GIORNO 20.3.2026 PER LAVORI DI<br>INTERRAMENTO CAVI DI MEDIA TENSIONE C/ENEL<br>COMMITTENTE : ENEL DISTRIBUZIONE S.P.A.<br>IMPRESA ESEC. : NORD COSTRUZIONI GENERALI<br><br>i) istituzione temporanea dei divieti di sosta e fermata, ambo i lati con rimozione forzata dei veicoli e la chiusura al traffico, in:<br> via Monfalcone (da cso B. Croce a via Buccari),<br> via Montello (da via Buccari a via G. Petroni),<br> via Pasubio (da via G. Petroni a cso B.Croce),<br> via Buccari (da via Pasubio a via Adige),<br> via G. Toma (da cso B. Croce a vle della Repubblica)<br><br> via Adige (da via Buccari a cso B. Croce).<br><br>Durata e tempistiche: 09/02/2026 - 20/03/2026]]></description>
      <styleUrl>#line-795548-3131</styleUrl>
      <LineString>
        <tessellate>1</tessellate>
        <coordinates>
          16.86803,41.1103789,0
          16.8699102,41.1101162,0
          16.8700256,41.1106073,0
          16.8719487,41.110387,0
          16.8700202,41.1106053,0
          16.8699075,41.1101081,0
          16.8718629,41.1098211,0
        </coordinates>
      </LineString>
    </Placemark>
    <Placemark>
      <name>Divieto di sosta/fermata</name>
      <description><![CDATA[2026/00376<br><br>https://drive.google.com/file/d/1-hriQlklgij29aa-rO8njsJhtb1FN15W/view<br><br>ISTITUZIONE TEMPORANEA DEI DIVIETI DI SOSTA E FERMATA, AMBO I LATI<br>CON RIMOZIONE FORZATA DEI VEICOLI E LA CHIUSURA AL TRAFFICO IN<br>VIA MONFALCONE (DA CSO B. CROCE A VIA BUCCARI), VIA MONTELLO (DA<br>VIA BUCCARI A VIA G. PETRONI), VIA PASUBIO (DA VIA G. PETRONI A CSO<br>B. CROCE), VIA BUCCARI (DA VIA PASUBIO A VIA ADIGE), VIA G. TOMA (DA<br>CSO B. CROCE A VLE DELLA REPUBBLICA) E VIA ADIGE (DA VIA BUCCARI A<br>CSO B. CROCE) DAL 9.2.2026 FINO AL GIORNO 20.3.2026 PER LAVORI DI<br>INTERRAMENTO CAVI DI MEDIA TENSIONE C/ENEL<br>COMMITTENTE : ENEL DISTRIBUZIONE S.P.A.<br>IMPRESA ESEC. : NORD COSTRUZIONI GENERALI<br><br>i) istituzione temporanea dei divieti di sosta e fermata, ambo i lati con rimozione forzata dei veicoli e la chiusura al traffico, in:<br> via Monfalcone (da cso B. Croce a via Buccari),<br> via Montello (da via Buccari a via G. Petroni),<br> via Pasubio (da via G. Petroni a cso B.Croce),<br> via Buccari (da via Pasubio a via Adige),<br> via G. Toma (da cso B. Croce a vle della Repubblica)<br><br> via Adige (da via Buccari a cso B. Croce).<br><br>Durata e tempistiche: 09/02/2026 - 20/03/2026]]></description>
      <styleUrl>#icon-1541-795548</styleUrl>
      <Point>
        <coordinates>
          16.870209,41.110676,0
        </coordinates>
      </Point>
    </Placemark>
    <Placemark>
      <name>Via Gennaro Guevara</name>
      <description><![CDATA[2026/00377<br><br>https://drive.google.com/file/d/1V2R1YLPT_VNg43GoOEqqTUQROUDrmaxP/view<br><br>ISTITUZIONE TEMPORANEA DEL DIVIETO DI TRANSITO, DI SOSTA SU AMBO<br>I LATI CON RIMOZIONE FORZATA IN VIA GENNARO GUEVARA DA VIA S.<br>LIOCE A VIA NICEFORO PER LAVORI DI COSTRUZIONE IMPIANTO<br>FOGNARIO DAL 02/02/2026 AL 14/02/2026.<br>IMPRESA: IMPRESA INDIVIDUALE “FRISULLO LUIGI”<br>ISTANTE: AQP S.P.A.<br><br>1. L’istituzione temporanea del divieto di transito, di sosta su ambo i lati con rimozione forzata in via Gennaro Guevara da via S. Lioce a via Niceforo<br>Durata e tempistiche: 02/02/2026 - 14/02/2026 ]]></description>
      <styleUrl>#line-E65100-3713</styleUrl>
      <LineString>
        <tessellate>1</tessellate>
        <coordinates>
          16.8612058,41.1046414,0
          16.8630029,41.1045282,0
        </coordinates>
      </LineString>
    </Placemark>
    <Placemark>
      <name>Divieto di transito/sosta</name>
      <description><![CDATA[2026/00377<br><br>https://drive.google.com/file/d/1V2R1YLPT_VNg43GoOEqqTUQROUDrmaxP/view<br><br>ISTITUZIONE TEMPORANEA DEL DIVIETO DI TRANSITO, DI SOSTA SU AMBO<br>I LATI CON RIMOZIONE FORZATA IN VIA GENNARO GUEVARA DA VIA S.<br>LIOCE A VIA NICEFORO PER LAVORI DI COSTRUZIONE IMPIANTO<br>FOGNARIO DAL 02/02/2026 AL 14/02/2026.<br>IMPRESA: IMPRESA INDIVIDUALE “FRISULLO LUIGI”<br>ISTANTE: AQP S.P.A.<br><br>1. L’istituzione temporanea del divieto di transito, di sosta su ambo i lati con rimozione forzata in via Gennaro Guevara da via S. Lioce a via Niceforo<br>Durata e tempistiche: 02/02/2026 - 14/02/2026 ]]></description>
      <styleUrl>#icon-1541-E65100</styleUrl>
      <Point>
        <coordinates>
          16.8615277,41.1047178,0
        </coordinates>
      </Point>
    </Placemark>
    <Placemark>
      <name>Via Isonzo</name>
      <description><![CDATA[2026/00378<br><br>https://drive.google.com/file/d/1ned9VtIOcZBCoYw0HvXR1vwVW4fkTeOL/view<br><br> ISTITUZIONE TEMPORANEA DEL DIVIETO DI TRANSITO, DI SOSTA SU AMBO<br>I LATI CON RIMOZIONE FORZATA IN VIA ISONZO 59 DA VIA MAGGIORE F.<br>BARACCA A CORSO B. CROCE PER LAVORI DI COSTRUZIONE IMPIANTO<br>IDRICO E IMPIANTO FOGNARIO DAL 02/02/2026 AL 14/02/2026.<br>IMPRESA: IMPRESA INDIVIDUALE “FRISULLO LUIGI”<br>ISTANTE: AQP S.P.A.<br><br><br>1. L’istituzione temporanea del divieto di transito, di sosta su ambo i lati con rimozione forzata in via Isonzo 59 da via Maggiore F. Baracca a Corso B. Croce<br><br><br>Durata e tempistiche: 02/02/2026 - 14/02/202]]></description>
      <styleUrl>#line-E65100-3713</styleUrl>
      <LineString>
        <tessellate>1</tessellate>
        <coordinates>
          16.8689826,41.1097358,0
          16.8718194,41.1093001,0
        </coordinates>
      </LineString>
    </Placemark>
    <Placemark>
      <name>divieto di transito/sosta</name>
      <description><![CDATA[2026/00378<br><br>https://drive.google.com/file/d/1ned9VtIOcZBCoYw0HvXR1vwVW4fkTeOL/view<br><br> ISTITUZIONE TEMPORANEA DEL DIVIETO DI TRANSITO, DI SOSTA SU AMBO<br>I LATI CON RIMOZIONE FORZATA IN VIA ISONZO 59 DA VIA MAGGIORE F.<br>BARACCA A CORSO B. CROCE PER LAVORI DI COSTRUZIONE IMPIANTO<br>IDRICO E IMPIANTO FOGNARIO DAL 02/02/2026 AL 14/02/2026.<br>IMPRESA: IMPRESA INDIVIDUALE “FRISULLO LUIGI”<br>ISTANTE: AQP S.P.A.<br><br><br>1. L’istituzione temporanea del divieto di transito, di sosta su ambo i lati con rimozione forzata in via Isonzo 59 da via Maggiore F. Baracca a Corso B. Croce<br><br><br>Durata e tempistiche: 02/02/2026 - 14/02/202]]></description>
      <styleUrl>#icon-1541-E65100</styleUrl>
      <Point>
        <coordinates>
          16.8694784,41.1097347,0
        </coordinates>
      </Point>
    </Placemark>
    <Placemark>
      <name>Via dei Bersaglieri</name>
      <description><![CDATA[2026/00379<br><br>https://drive.google.com/file/d/1ThwzbI1ejWr6RzFby8HapU47quezDkAs/view<br><br>ISTITUZIONE TEMPORANEA DEL DIVIETO DI TRANSITO, DI SOSTA SU AMBO<br>I LATI CON RIMOZIONE FORZATA IN VIA DEI BERSAGLIERI 20 DA VIA<br>CALDAROLA A VIA OBERDAN PER LAVORI DI COSTRUZIONE IMPIANTO<br>IDRICOE IMPIANTO FOGNARIO DAL 02/02/2026 AL 14/02/2026.<br>IMPRESA: IMPRESA INDIVIDUALE “FRISULLO LUIGI”<br>ISTANTE: AQP S.P.A.<br><br>1. L’istituzione temporanea del divieto di transito, di sosta su ambo i lati con rimozione forzata in via dei Bersaglieri 20 da via Caldarola a via Oberdan<br><br>Durata e tempistiche: 02/02/2026 - 14/02/2026 ]]></description>
      <styleUrl>#line-E65100-3519</styleUrl>
      <LineString>
        <tessellate>1</tessellate>
        <coordinates>
          16.8836696,41.1163205,0
          16.8841094,41.1166377,0
          16.8846539,41.1174076,0
        </coordinates>
      </LineString>
    </Placemark>
    <Placemark>
      <name>divieto di transito/sosta</name>
      <description><![CDATA[2026/00379<br><br>https://drive.google.com/file/d/1ThwzbI1ejWr6RzFby8HapU47quezDkAs/view<br><br>ISTITUZIONE TEMPORANEA DEL DIVIETO DI TRANSITO, DI SOSTA SU AMBO<br>I LATI CON RIMOZIONE FORZATA IN VIA DEI BERSAGLIERI 20 DA VIA<br>CALDAROLA A VIA OBERDAN PER LAVORI DI COSTRUZIONE IMPIANTO<br>IDRICOE IMPIANTO FOGNARIO DAL 02/02/2026 AL 14/02/2026.<br>IMPRESA: IMPRESA INDIVIDUALE “FRISULLO LUIGI”<br>ISTANTE: AQP S.P.A.<br><br>1. L’istituzione temporanea del divieto di transito, di sosta su ambo i lati con rimozione forzata in via dei Bersaglieri 20 da via Caldarola a via Oberdan<br><br>Durata e tempistiche: 02/02/2026 - 14/02/2026 ]]></description>
      <styleUrl>#icon-1541-E65100</styleUrl>
      <Point>
        <coordinates>
          16.8842548,41.1170331,0
        </coordinates>
      </Point>
    </Placemark>
    <Placemark>
      <name>via Fratelli Bandiera</name>
      <description><![CDATA[2026/00380<br><br>https://drive.google.com/file/d/1F7B8232WQrBVis3viDNZFJslm-Qh5lAn/view<br><br>ISTITUZIONE TEMPORANEA DEL DIVIETO DI TRANSITO, DI SOSTA CON<br>RIMOZIONE FORZATA AMBO I LATI IN CARBONARA (BA) ALA VIA FRATELLI<br>BANDIERA, TRATTO COMPRESO TRA VIA BONIFACIO E VIA UGO FOSCOLO<br>PER LAVORI DI COSTRUZIONE IMPIANTO IDRICO DAL 16/02/2026 AL<br>28/02/2026.<br>IMPRESA: IMPRESA INDIVIDUALE “FRISULLO LUIGI”<br>ISTANTE: AQP S.P.A.<br><br>1. L’istituzione temporanea del divieto di transito, di sosta con rimozione forzata ambo i lati in Carbonara (BA) sulla via Fratelli Bandiera, tratto compreso tra via Bonifacio e via Ugo Foscolo;<br><br>Durata e tempistiche: 16/02/2026 - 28/02/2026]]></description>
      <styleUrl>#line-E65100-5263</styleUrl>
      <LineString>
        <tessellate>1</tessellate>
        <coordinates>
          16.8659068,41.0705975,0
          16.8664754,41.0703548,0
          16.8670816,41.0701324,0
        </coordinates>
      </LineString>
    </Placemark>
    <Placemark>
      <name>divieto di transito/sosta</name>
      <description><![CDATA[2026/00380<br><br>https://drive.google.com/file/d/1F7B8232WQrBVis3viDNZFJslm-Qh5lAn/view<br><br>ISTITUZIONE TEMPORANEA DEL DIVIETO DI TRANSITO, DI SOSTA CON<br>RIMOZIONE FORZATA AMBO I LATI IN CARBONARA (BA) ALA VIA FRATELLI<br>BANDIERA, TRATTO COMPRESO TRA VIA BONIFACIO E VIA UGO FOSCOLO<br>PER LAVORI DI COSTRUZIONE IMPIANTO IDRICO DAL 16/02/2026 AL<br>28/02/2026.<br>IMPRESA: IMPRESA INDIVIDUALE “FRISULLO LUIGI”<br>ISTANTE: AQP S.P.A.<br><br>1. L’istituzione temporanea del divieto di transito, di sosta con rimozione forzata ambo i lati in Carbonara (BA) sulla via Fratelli Bandiera, tratto compreso tra via Bonifacio e via Ugo Foscolo;<br><br>Durata e tempistiche: 16/02/2026 - 28/02/2026]]></description>
      <styleUrl>#icon-1541-E65100</styleUrl>
      <Point>
        <coordinates>
          16.8661932,41.0705536,0
        </coordinates>
      </Point>
    </Placemark>
    <Placemark>
      <name>Strada arco alto</name>
      <description><![CDATA[2026/00381<br><br>https://drive.google.com/file/d/1IOx2l_aBmWpockppQ2z_ckLwLKZsOdgu/view<br><br> ISTITUZIONE TEMPORANEA DEL DIVIETO DI TRANSITO, DI SOSTA SU AMBO<br>I LATI CON RIMOZIONE FORZATA IN STRADA ARCO ALTO DA PIAZZA<br>FEDERICO II DI SVEVIA A STRADA SAN SEBASTIANO PER LAVORI DI<br>COSTRUZIONE IMPIANTO IDRICO DAL 02/02/2026 AL 14/02/2026.<br>IMPRESA: IMPRESA INDIVIDUALE “FRISULLO LUIGI”<br>ISTANTE: AQP S.P.A.<br><br>1. L’istituzione temporanea del divieto di transito, di sosta su ambo i lati con rimozione forzata su Strada Arco Alto da Piazza Federico II di Svevia a Strada San Sebastiano<br><br>Durata e tempistiche: 02/02/2026 - 14/02/2026 ]]></description>
      <styleUrl>#line-E65100-5069</styleUrl>
      <LineString>
        <tessellate>1</tessellate>
        <coordinates>
          16.8671758,41.1276764,0
          16.867377,41.1273067,0
          16.8675701,41.1271006,0
        </coordinates>
      </LineString>
    </Placemark>
    <Placemark>
      <name>Divieto di trandito/sosta</name>
      <description><![CDATA[2026/00381<br><br>https://drive.google.com/file/d/1IOx2l_aBmWpockppQ2z_ckLwLKZsOdgu/view<br><br> ISTITUZIONE TEMPORANEA DEL DIVIETO DI TRANSITO, DI SOSTA SU AMBO<br>I LATI CON RIMOZIONE FORZATA IN STRADA ARCO ALTO DA PIAZZA<br>FEDERICO II DI SVEVIA A STRADA SAN SEBASTIANO PER LAVORI DI<br>COSTRUZIONE IMPIANTO IDRICO DAL 02/02/2026 AL 14/02/2026.<br>IMPRESA: IMPRESA INDIVIDUALE “FRISULLO LUIGI”<br>ISTANTE: AQP S.P.A.<br><br>1. L’istituzione temporanea del divieto di transito, di sosta su ambo i lati con rimozione forzata su Strada Arco Alto da Piazza Federico II di Svevia a Strada San Sebastiano<br><br>Durata e tempistiche: 02/02/2026 - 14/02/2026 ]]></description>
      <styleUrl>#icon-1541-E65100</styleUrl>
      <Point>
        <coordinates>
          16.8673662,41.1275956,0
        </coordinates>
      </Point>
    </Placemark>
    <Placemark>
      <name>Via Trisorio liuzzi</name>
      <description><![CDATA[2026/00369<br><br>https://drive.google.com/file/d/1mspClaN9xUYIWRmviVa8BgZkO069-6mD/view<br><br>PN23026 AFFIDAMENTO CONGIUNTO DI PROGETTAZIONE DEFINITIVA,<br>ESECUTIVA ED ESECUZIONE DEI LAVORI DI REALIZZAZIONE DI CICLOVIE<br>URBANE. RAFFORZAMENTO DELLA MOBILITA’ CICLISTICA.<br><br>PROGETTO: RAFFORZAMENTO DELLA MOBILITA’ CICLISTICA-<br>REALIZZAZIONE DI CICLOVIE URBANE - CIG AQ A03137FD91 - CIG CA1<br><br>A045BD61F6- CUP J91B22000650006<br>IMPRESA : SOCIETÀ COSTRUZIONI GENERALI DI SANTO SRL CON SEDE<br>CON SEDE A ANDRIA (BT), VIALE DELLA COSTITUZIONE N. 147, CAP 76123,<br>(C.F./P.IVA 07174340724, NUMERO REA BA 537745).<br>RICHIESTA REGOLAMENTAZIONE TEMPORANEA DELLA CIRCOLAZIONE<br>DALL’ESECUTIVITÀ DELL’ATTO SINO AL 31/05/2026 SU VIALE GENNARO<br>TRISORIO-LIUZZI, NEL TRATTO STRADALE COMPRESO TRA<br>L’INTERSEZIONE CON VIA MONS. JOLANDO NUZZI E VIA CARLO ALBERTO<br>DELLA CHIESA, PER LAVORI DI REALIZZAZIONE DI CICLOVIE URBANE.<br>CIG AQ A03137FD91 - CIG CA1 A045BD61F6- CUP J91B22000650006<br><br>- Viale Gennaro Trisorio-Liuzzi, nel tratto stradale compreso tra l’intersezione con Via Mons. Jolando Nuzzi e Via Carlo Alberto della Chiesa, precisamente al (sovrapasso S.S.16 Adriatica), per l’esecuzione dei lavori di realizzazione di ciclovie urbane, che preveda l’istituzione dei seguenti divieti, obblighi e prescrizioni:<br>1. Restringimento della carreggiata di Viale Gennaro Trisorio-Liuzzi, sulla corsia diretta verso il centro della città, nel tratto stradale compreso tra l’intersezione con Via Mons. Jolando Nuzzi e Via Carlo Alberto della Chiesa, precisamente fino al sovrappasso della S.S.16 Adriatica, dal margine della carreggiata verso l’asse stradale, per una larghezza pari a m 4,00 circa;<br>2. Divieto di fermata a tutti i veicoli sui tratti di strada interessati dai lavori, lungo uno o entrambi i<br>margini della carreggiata;<br>3. Rimozione forzata del veicolo lasciato in sosta in violazione del divieto di fermata istituito per motivi<br>di manutenzione dovrà essere rimosso ai sensi dell’articolo 159, comma 1, lettera d) del Decreto<br>legislativo 30 aprile 1992, n.285<br>4. Sui tratti stradali in cui si darà esecuzione temporanea ai provvedimenti di circolazione, in deroga, i<br>veicoli al servizio dell’impresa appaltatrice, o dei loro subappaltatori, potranno sostare per il tempo<br>strettamente necessario alle attività connesse ai lavori;<br>5. Transito a senso unico alternato nel tempo, regolato ai sensi dall’art. 42, comma 2 del D.P.R. 16<br>dicembre 1992, n.495, qualora la presenza dei lavori e del cantiere mobile - su strade percorribili<br>secondo entrambi i sensi di marcia- determini un restringimento della carreggiata inferiore in<br>larghezza a 5,60 metri. In tal caso occorrerà regolare il passaggio dei veicoli nel tempo ai sensi del<br>comma 3 dell’articolo 42;<br><br>6. Divieto di transito sulla semicarreggiata impegnata dai lavori e dal cantiere mobile su strade<br>percorribili a senso unico di marcia, aventi larghezza della carreggiata superiore a 6,00 metri;<br>7. Istituire il divieto di transito su strade percorribili a senso unico di marcia aventi larghezza della<br>carreggiata uguale o inferiore a 6,00 metri, del tutto impegnate dai lavori e dal cantiere mobile.<br>8. Sui tratti stradali in cui si darà esecuzione temporanea ai provvedimenti di circolazione, in deroga, i<br>veicoli al servizio dell’impresa appaltatrice, o dei loro subappaltatori, potranno sostare per il tempo<br>strettamente necessario alle attività connesse ai lavori.<br>9. Tutti i provvedimenti in contrasto con la presente sono momentaneamente e provvisoriamente<br>sospesi e divengono nuovamente efficaci all’esaurimento dei termini previsti dal presente disposto;<br><br>Durata e tempistiche: 28/01/2026 - 31/05/2026]]></description>
      <styleUrl>#line-E65100-4681</styleUrl>
      <LineString>
        <tessellate>1</tessellate>
        <coordinates>
          16.8659543,41.0895413,0
          16.8653535,41.0870184,0
          16.8651282,41.0843984,0
          16.8618988,41.0776213,0
          16.8611263,41.0753648,0
          16.8611263,41.0746207,0
          16.8628858,41.0687081,0
          16.8626498,41.0663381,0
          16.8609976,41.0642754,0
          16.8603967,41.0609425,0
          16.8584012,41.0574639,0
          16.8572746,41.0544219,0
          16.854453,41.0495513,0
          16.8506871,41.0469621,0
        </coordinates>
      </LineString>
    </Placemark>
    <Placemark>
      <name>restringimento carreggiata</name>
      <description><![CDATA[2026/00369<br><br>https://drive.google.com/file/d/1mspClaN9xUYIWRmviVa8BgZkO069-6mD/view<br><br>PN23026 AFFIDAMENTO CONGIUNTO DI PROGETTAZIONE DEFINITIVA,<br>ESECUTIVA ED ESECUZIONE DEI LAVORI DI REALIZZAZIONE DI CICLOVIE<br>URBANE. RAFFORZAMENTO DELLA MOBILITA’ CICLISTICA.<br><br>PROGETTO: RAFFORZAMENTO DELLA MOBILITA’ CICLISTICA-<br>REALIZZAZIONE DI CICLOVIE URBANE - CIG AQ A03137FD91 - CIG CA1<br><br>A045BD61F6- CUP J91B22000650006<br>IMPRESA : SOCIETÀ COSTRUZIONI GENERALI DI SANTO SRL CON SEDE<br>CON SEDE A ANDRIA (BT), VIALE DELLA COSTITUZIONE N. 147, CAP 76123,<br>(C.F./P.IVA 07174340724, NUMERO REA BA 537745).<br>RICHIESTA REGOLAMENTAZIONE TEMPORANEA DELLA CIRCOLAZIONE<br>DALL’ESECUTIVITÀ DELL’ATTO SINO AL 31/05/2026 SU VIALE GENNARO<br>TRISORIO-LIUZZI, NEL TRATTO STRADALE COMPRESO TRA<br>L’INTERSEZIONE CON VIA MONS. JOLANDO NUZZI E VIA CARLO ALBERTO<br>DELLA CHIESA, PER LAVORI DI REALIZZAZIONE DI CICLOVIE URBANE.<br>CIG AQ A03137FD91 - CIG CA1 A045BD61F6- CUP J91B22000650006<br><br>- Viale Gennaro Trisorio-Liuzzi, nel tratto stradale compreso tra l’intersezione con Via Mons. Jolando Nuzzi e Via Carlo Alberto della Chiesa, precisamente al (sovrapasso S.S.16 Adriatica), per l’esecuzione dei lavori di realizzazione di ciclovie urbane, che preveda l’istituzione dei seguenti divieti, obblighi e prescrizioni:<br>1. Restringimento della carreggiata di Viale Gennaro Trisorio-Liuzzi, sulla corsia diretta verso il centro della città, nel tratto stradale compreso tra l’intersezione con Via Mons. Jolando Nuzzi e Via Carlo Alberto della Chiesa, precisamente fino al sovrappasso della S.S.16 Adriatica, dal margine della carreggiata verso l’asse stradale, per una larghezza pari a m 4,00 circa;<br>2. Divieto di fermata a tutti i veicoli sui tratti di strada interessati dai lavori, lungo uno o entrambi i<br>margini della carreggiata;<br>3. Rimozione forzata del veicolo lasciato in sosta in violazione del divieto di fermata istituito per motivi<br>di manutenzione dovrà essere rimosso ai sensi dell’articolo 159, comma 1, lettera d) del Decreto<br>legislativo 30 aprile 1992, n.285<br>4. Sui tratti stradali in cui si darà esecuzione temporanea ai provvedimenti di circolazione, in deroga, i<br>veicoli al servizio dell’impresa appaltatrice, o dei loro subappaltatori, potranno sostare per il tempo<br>strettamente necessario alle attività connesse ai lavori;<br>5. Transito a senso unico alternato nel tempo, regolato ai sensi dall’art. 42, comma 2 del D.P.R. 16<br>dicembre 1992, n.495, qualora la presenza dei lavori e del cantiere mobile - su strade percorribili<br>secondo entrambi i sensi di marcia- determini un restringimento della carreggiata inferiore in<br>larghezza a 5,60 metri. In tal caso occorrerà regolare il passaggio dei veicoli nel tempo ai sensi del<br>comma 3 dell’articolo 42;<br><br>6. Divieto di transito sulla semicarreggiata impegnata dai lavori e dal cantiere mobile su strade<br>percorribili a senso unico di marcia, aventi larghezza della carreggiata superiore a 6,00 metri;<br>7. Istituire il divieto di transito su strade percorribili a senso unico di marcia aventi larghezza della<br>carreggiata uguale o inferiore a 6,00 metri, del tutto impegnate dai lavori e dal cantiere mobile.<br>8. Sui tratti stradali in cui si darà esecuzione temporanea ai provvedimenti di circolazione, in deroga, i<br>veicoli al servizio dell’impresa appaltatrice, o dei loro subappaltatori, potranno sostare per il tempo<br>strettamente necessario alle attività connesse ai lavori.<br>9. Tutti i provvedimenti in contrasto con la presente sono momentaneamente e provvisoriamente<br>sospesi e divengono nuovamente efficaci all’esaurimento dei termini previsti dal presente disposto;<br><br>Durata e tempistiche: 28/01/2026 - 31/05/2026]]></description>
      <styleUrl>#icon-1541-E65100</styleUrl>
      <Point>
        <coordinates>
          16.8627329,41.0660963,0
        </coordinates>
      </Point>
    </Placemark>
    <Placemark>
      <name>Via Trisorio-Liuzzi/via Damascelli</name>
      <description><![CDATA[2026/00387<br><br>https://drive.google.com/file/d/1GWCqXRtMasRFY7s5l7JvpTqZVivnikhC/view<br><br> ORDINANZA PER ISTITUIRE TEMPORANEAMENTE UN DIVIETO DI SOSTA<br>AMBO I LATI DELLA CARREGGIATA CON RESTRINGIMENTO CARREGGIATA<br>SU VIA TRISORIO LIUZZI DA CIV. 6 A VIA DAMASCELLI E SU VIA DAMASCELLI<br>DA VIA TRISORIO LIUZZI A VIA GIULIO PETRONI PER LAVORI DI SCAVO PER<br>LA POSA CAVI MT DAL 02/02/2026 AL 15/03/2026.<br>IMPRESA: DMF COSTRUZIONI S.R.L.<br>ISTANTE: LOSACCO LUIGI (LEGALE RAPPRESENTANTE DELLA DMF<br>COSTRUZIONI S.R.L.)<br><br>1. L’istituzione temporanea del divieto di sosta ambo i lati della carreggiata con restringimento carreggiata su via Trisorio Liuzzi da civ. 6 a via Damascelli e su via Damascelli da via Trisorio Liuzzi a via Giulio Petroni, per lavori di scavo per la posa cavi MT;<br>2. Al fine della sicurezza pedonale e veicolare, verranno utilizzati i movieri per la gestione della mobilità e l’utilizzo di transenne metalliche modulari (di dimensioni 3,00 x 2,00) per la delimitazione diurna e notturna del cantiere;<br>3. Tutti i provvedimenti in contrasto con la presente sono momentaneamente e provvisoriamente sospesi e divengono nuovamente efficaci all’esaurimento dei termini previsti dal presente disposto;<br><br>Durata e tempistiche: 02/02/2026 - 15/03/2026 ]]></description>
      <styleUrl>#line-E65100-4681</styleUrl>
      <LineString>
        <tessellate>1</tessellate>
        <coordinates>
          16.8638002,41.0814212,0
          16.8636822,41.0811219,0
          16.864798,41.0809966,0
        </coordinates>
      </LineString>
    </Placemark>
    <Placemark>
      <name>restringimento carreggiata/divieto di sosta</name>
      <description><![CDATA[2026/00387<br><br>https://drive.google.com/file/d/1GWCqXRtMasRFY7s5l7JvpTqZVivnikhC/view<br><br> ORDINANZA PER ISTITUIRE TEMPORANEAMENTE UN DIVIETO DI SOSTA<br>AMBO I LATI DELLA CARREGGIATA CON RESTRINGIMENTO CARREGGIATA<br>SU VIA TRISORIO LIUZZI DA CIV. 6 A VIA DAMASCELLI E SU VIA DAMASCELLI<br>DA VIA TRISORIO LIUZZI A VIA GIULIO PETRONI PER LAVORI DI SCAVO PER<br>LA POSA CAVI MT DAL 02/02/2026 AL 15/03/2026.<br>IMPRESA: DMF COSTRUZIONI S.R.L.<br>ISTANTE: LOSACCO LUIGI (LEGALE RAPPRESENTANTE DELLA DMF<br>COSTRUZIONI S.R.L.)<br><br>1. L’istituzione temporanea del divieto di sosta ambo i lati della carreggiata con restringimento carreggiata su via Trisorio Liuzzi da civ. 6 a via Damascelli e su via Damascelli da via Trisorio Liuzzi a via Giulio Petroni, per lavori di scavo per la posa cavi MT;<br>2. Al fine della sicurezza pedonale e veicolare, verranno utilizzati i movieri per la gestione della mobilità e l’utilizzo di transenne metalliche modulari (di dimensioni 3,00 x 2,00) per la delimitazione diurna e notturna del cantiere;<br>3. Tutti i provvedimenti in contrasto con la presente sono momentaneamente e provvisoriamente sospesi e divengono nuovamente efficaci all’esaurimento dei termini previsti dal presente disposto;<br><br>Durata e tempistiche: 02/02/2026 - 15/03/2026 ]]></description>
      <styleUrl>#icon-1541-E65100</styleUrl>
      <Point>
        <coordinates>
          16.8638316,41.0812146,0
        </coordinates>
      </Point>
    </Placemark>
    <Placemark>
      <name>Via di Carbonare Gorizia</name>
      <description><![CDATA[2026/00393 <br><br>https://drive.google.com/file/d/1UUji9x5kxI_IQM3UUtaAECqzriO04EDr/view<br><br>ISTITUZIONE TEMPORANEA DEL DIVIETO DI TRANSITO, DI SOSTA CON RIMOZIONE FORZATA AMBO I LATI IN VIA GORIZIA A CARBONARA (BA), PER LAVORI DI COSTRUZIONE IMPIANTO IDRICO DAL 16/02/2026 AL 28/02/2026. IMPRESA: IMPRESA INDIVIDUALE “FRISULLO LUIGI” ISTANTE: AQP S.P.A.<br><br>1. L’istituzione temporanea del divieto di transito, di sosta con rimozione forzata ambo i lati in via Gorizia a Carbonara (BA), per lavori di costruzione impianto idrico; <br>2. La chiusura al transito della strada dovrà essere segnalata alle intersezioni via Vittorio Veneto/via Gorizia/e via Gorizia/via della Stazione;<br> 3. La società dovrà consentire il transito dei mezzi di soccorso non impegnando la carreggiata in modo tale da ostruire il passaggio e ai residenti e frontisti; <br>4. In caso di necessità la società dovrà regolare la situazione viabilistica a mezzo di appositi movieri o altri strumenti idonei; <br>5. Dovranno essere adottate tutte le misure necessarie a garantire la fluidità e la sicurezza della circolazione veicolare e pedonale;<br> 6. Sarà altresì cura dell’impresa esecutrice dei lavori provvedere, al termine degli stessi, al ripristino dello stato dei luoghi; <br>7. Tutti i provvedimenti in contrasto con la presente sono momentaneamente e provvisoriamente sospesi e divengono nuovamente efficaci all’esaurimento dei termini previsti dal presente disposto; <br><br><br>Durata e tempistiche: 16/02/2026 - 28/02/2026]]></description>
      <styleUrl>#line-E65100-3713</styleUrl>
      <LineString>
        <tessellate>1</tessellate>
        <coordinates>
          16.8705461,41.0691694,0
          16.8711429,41.068955,0
          16.8710316,41.0687336,0
          16.8708465,41.0684899,0
        </coordinates>
      </LineString>
    </Placemark>
    <Placemark>
      <name>Divieto di transito</name>
      <description><![CDATA[2026/00393 <br><br>https://drive.google.com/file/d/1UUji9x5kxI_IQM3UUtaAECqzriO04EDr/view<br><br>ISTITUZIONE TEMPORANEA DEL DIVIETO DI TRANSITO, DI SOSTA CON RIMOZIONE FORZATA AMBO I LATI IN VIA GORIZIA A CARBONARA (BA), PER LAVORI DI COSTRUZIONE IMPIANTO IDRICO DAL 16/02/2026 AL 28/02/2026. IMPRESA: IMPRESA INDIVIDUALE “FRISULLO LUIGI” ISTANTE: AQP S.P.A.<br><br>1. L’istituzione temporanea del divieto di transito, di sosta con rimozione forzata ambo i lati in via Gorizia a Carbonara (BA), per lavori di costruzione impianto idrico; <br>2. La chiusura al transito della strada dovrà essere segnalata alle intersezioni via Vittorio Veneto/via Gorizia/e via Gorizia/via della Stazione;<br> 3. La società dovrà consentire il transito dei mezzi di soccorso non impegnando la carreggiata in modo tale da ostruire il passaggio e ai residenti e frontisti; <br>4. In caso di necessità la società dovrà regolare la situazione viabilistica a mezzo di appositi movieri o altri strumenti idonei; <br>5. Dovranno essere adottate tutte le misure necessarie a garantire la fluidità e la sicurezza della circolazione veicolare e pedonale;<br> 6. Sarà altresì cura dell’impresa esecutrice dei lavori provvedere, al termine degli stessi, al ripristino dello stato dei luoghi; <br>7. Tutti i provvedimenti in contrasto con la presente sono momentaneamente e provvisoriamente sospesi e divengono nuovamente efficaci all’esaurimento dei termini previsti dal presente disposto; <br><br><br>Durata e tempistiche: 16/02/2026 - 28/02/2026]]></description>
      <styleUrl>#icon-1541-E65100</styleUrl>
      <Point>
        <coordinates>
          16.8710408,41.0689319,0
        </coordinates>
      </Point>
    </Placemark>
    <Placemark>
      <name>Via del Monasrero</name>
      <description><![CDATA[2026/00396 <br><br>https://drive.google.com/file/d/1S2BlDxNPp1LeoQsyfhs7j6esYjqyflQV/view<br><br>PINQUA S. RITA - ORDINANZA PER ISTITUIRE TEMPORANEAMENTE UN DIVIETO DI FERMATA CON RESTRINGIMENTO CARREGGIATA SU VIALE S. RITA – VIA DEL MONASTERO – VIA ROCCAPORENA – VIA DELLO SCOGLIO – VIA CASCIA E STRADA S. MICHELE QUARTIERE CARBONARA/LOSETO PER LAVORI DI RIFACIMENTO STRADALE DAL 02/02/2026 AL 31/03/2026 IMPRESA: SOCIETÀ COBAR S.P.A. SEDE IN ALTAMURA (BA) IN VIA SELVA 101- P.IVA 06605700720.<br><br>- Via dello Scoglio : scarifica di cm 3 e posa di tappeto di usura cm 3;<br>- Via Del Monastero lato palazzine: scarifica a cm 3 posa di tappeto di usura cm 3;<br> - Via Del Monastero lato scuola: scarifica a cm 3 posa di tappeto di usura cm 3; <br>- Viale S. Rita carreggiata di ingresso quartiere: scarifica a cm 8 (tutta la carreggiata) – posa di Binder cm 5 –posa di tappeto di usura cm 3 e tappeto color rosso per la pista ciclabile cm 3;<br> - Viale S. Rita carreggiata di uscita quartiere: scarifica a cm 8 (tutta la carreggiata) – posa di binder cm 5 – posa di tappeto di usura cm 3 e tappeto colo rosso per la pista ciclabile cm 3;<br> - Strada S. Michele carreggiata 1: scarifica a cm 3 posa di tappeto di usura cm 3; - Strada S. Michele carreggiata 2: scarifica a cm 3 posa di tappeto di usura cm 3; <br>- via Cascia da viale S. Rita per tutta la pista ciclabile: scarifica a cm 3 posa di tappeto di usura cm 3; <br>1. Viale S. Rita si dispone la chiusura di due corsie nello stesso senso di marcia, prima da un lato del viale e poi dall’altro, garantendo il flusso veicolare a senso unico alternato sulle due corsie quando non impegnate dai lavori; <br>2. Divieto di fermata a tutti i veicoli sui tratti di strada interessati dai lavori, lungo uno o entrambi i margini della carreggiata;<br> 3. Rimozione forzata del veicolo lasciato in sosta in violazione del divieto di fermata istituito per motivi di manutenzione dovrà essere rimosso ai sensi dell’articolo 159, comma 1, lettera d) del Decreto legislativo 30 aprile 1992, n.285 <br>4. Sui tratti stradali in cui si darà esecuzione temporanea ai provvedimenti di circolazione, in deroga, i veicoli al servizio dell’impresa appaltatrice, o dei loro subappaltatori, potranno sostare per il tempo strettamente necessario alle attività connesse ai lavori; <br>5. Transito a senso unico alternato nel tempo, regolato ai sensi dall’art. 42, comma 2 del D.P.R. 16 dicembre 1992, n.495, qualora la presenza dei lavori e del cantiere mobile - su strade percorribili secondo entrambi i sensi di marcia- determini un restringimento della carreggiata inferiore in larghezza a 5,60 metri. In tal caso occorrerà regolare il passaggio dei veicoli nel tempo ai sensi del comma 3 dell’articolo 42; <br>6. Divieto di transito sulla semicarreggiata impegnata dai lavori e dal cantiere mobile su strade percorribili a senso unico di marcia, aventi larghezza della carreggiata superiore a 6,00 metri;<br> 7. Istituire il divieto di transito su strade percorribili a senso unico di marcia aventi larghezza della carreggiata uguale o inferiore a 6,00 metri, del tutto impegnate dai lavori e dal cantiere mobile. <br>8. Sui tratti stradali in cui si darà esecuzione temporanea ai provvedimenti di circolazione, in deroga, i veicoli al servizio dell’impresa appaltatrice, o dei loro subappaltatori, potranno sostare per il tempo strettamente necessario alle attività connesse ai lavori. <br>9. Tutti i provvedimenti in contrasto con la presente sono momentaneamente e provvisoriamente sospesi e divengono nuovamente efficaci all’esaurimento dei termini previsti dal presente disposto;<br><br><br>Durata e tempistiche:02/02/2026 - 31/03/2026]]></description>
      <styleUrl>#line-E65100-3519</styleUrl>
      <LineString>
        <tessellate>1</tessellate>
        <coordinates>
          16.8595479,41.0678514,0
          16.8592314,41.0701931,0
          16.8592314,41.0709534,0
        </coordinates>
      </LineString>
    </Placemark>
    <Placemark>
      <name>Via dello scoglio</name>
      <description><![CDATA[2026/00396 <br><br>https://drive.google.com/file/d/1S2BlDxNPp1LeoQsyfhs7j6esYjqyflQV/view<br><br>PINQUA S. RITA - ORDINANZA PER ISTITUIRE TEMPORANEAMENTE UN DIVIETO DI FERMATA CON RESTRINGIMENTO CARREGGIATA SU VIALE S. RITA – VIA DEL MONASTERO – VIA ROCCAPORENA – VIA DELLO SCOGLIO – VIA CASCIA E STRADA S. MICHELE QUARTIERE CARBONARA/LOSETO PER LAVORI DI RIFACIMENTO STRADALE DAL 02/02/2026 AL 31/03/2026 IMPRESA: SOCIETÀ COBAR S.P.A. SEDE IN ALTAMURA (BA) IN VIA SELVA 101- P.IVA 06605700720.<br><br>- Via dello Scoglio : scarifica di cm 3 e posa di tappeto di usura cm 3;<br>- Via Del Monastero lato palazzine: scarifica a cm 3 posa di tappeto di usura cm 3;<br> - Via Del Monastero lato scuola: scarifica a cm 3 posa di tappeto di usura cm 3; <br>- Viale S. Rita carreggiata di ingresso quartiere: scarifica a cm 8 (tutta la carreggiata) – posa di Binder cm 5 –posa di tappeto di usura cm 3 e tappeto color rosso per la pista ciclabile cm 3;<br> - Viale S. Rita carreggiata di uscita quartiere: scarifica a cm 8 (tutta la carreggiata) – posa di binder cm 5 – posa di tappeto di usura cm 3 e tappeto colo rosso per la pista ciclabile cm 3;<br> - Strada S. Michele carreggiata 1: scarifica a cm 3 posa di tappeto di usura cm 3; - Strada S. Michele carreggiata 2: scarifica a cm 3 posa di tappeto di usura cm 3; <br>- via Cascia da viale S. Rita per tutta la pista ciclabile: scarifica a cm 3 posa di tappeto di usura cm 3; <br>1. Viale S. Rita si dispone la chiusura di due corsie nello stesso senso di marcia, prima da un lato del viale e poi dall’altro, garantendo il flusso veicolare a senso unico alternato sulle due corsie quando non impegnate dai lavori; <br>2. Divieto di fermata a tutti i veicoli sui tratti di strada interessati dai lavori, lungo uno o entrambi i margini della carreggiata;<br> 3. Rimozione forzata del veicolo lasciato in sosta in violazione del divieto di fermata istituito per motivi di manutenzione dovrà essere rimosso ai sensi dell’articolo 159, comma 1, lettera d) del Decreto legislativo 30 aprile 1992, n.285 <br>4. Sui tratti stradali in cui si darà esecuzione temporanea ai provvedimenti di circolazione, in deroga, i veicoli al servizio dell’impresa appaltatrice, o dei loro subappaltatori, potranno sostare per il tempo strettamente necessario alle attività connesse ai lavori; <br>5. Transito a senso unico alternato nel tempo, regolato ai sensi dall’art. 42, comma 2 del D.P.R. 16 dicembre 1992, n.495, qualora la presenza dei lavori e del cantiere mobile - su strade percorribili secondo entrambi i sensi di marcia- determini un restringimento della carreggiata inferiore in larghezza a 5,60 metri. In tal caso occorrerà regolare il passaggio dei veicoli nel tempo ai sensi del comma 3 dell’articolo 42; <br>6. Divieto di transito sulla semicarreggiata impegnata dai lavori e dal cantiere mobile su strade percorribili a senso unico di marcia, aventi larghezza della carreggiata superiore a 6,00 metri;<br> 7. Istituire il divieto di transito su strade percorribili a senso unico di marcia aventi larghezza della carreggiata uguale o inferiore a 6,00 metri, del tutto impegnate dai lavori e dal cantiere mobile. <br>8. Sui tratti stradali in cui si darà esecuzione temporanea ai provvedimenti di circolazione, in deroga, i veicoli al servizio dell’impresa appaltatrice, o dei loro subappaltatori, potranno sostare per il tempo strettamente necessario alle attività connesse ai lavori. <br>9. Tutti i provvedimenti in contrasto con la presente sono momentaneamente e provvisoriamente sospesi e divengono nuovamente efficaci all’esaurimento dei termini previsti dal presente disposto;<br><br><br>Durata e tempistiche:02/02/2026 - 31/03/2026]]></description>
      <styleUrl>#line-E65100-4488</styleUrl>
      <LineString>
        <tessellate>1</tessellate>
        <coordinates>
          16.8576435,41.0690809,0
          16.8577294,41.0673782,0
          16.8577079,41.0674187,0
        </coordinates>
      </LineString>
    </Placemark>
    <Placemark>
      <name>Viale santa rita/strada san michele</name>
      <description><![CDATA[2026/00396 <br><br>https://drive.google.com/file/d/1S2BlDxNPp1LeoQsyfhs7j6esYjqyflQV/view<br><br>PINQUA S. RITA - ORDINANZA PER ISTITUIRE TEMPORANEAMENTE UN DIVIETO DI FERMATA CON RESTRINGIMENTO CARREGGIATA SU VIALE S. RITA – VIA DEL MONASTERO – VIA ROCCAPORENA – VIA DELLO SCOGLIO – VIA CASCIA E STRADA S. MICHELE QUARTIERE CARBONARA/LOSETO PER LAVORI DI RIFACIMENTO STRADALE DAL 02/02/2026 AL 31/03/2026 IMPRESA: SOCIETÀ COBAR S.P.A. SEDE IN ALTAMURA (BA) IN VIA SELVA 101- P.IVA 06605700720.<br><br>- Via dello Scoglio : scarifica di cm 3 e posa di tappeto di usura cm 3;<br>- Via Del Monastero lato palazzine: scarifica a cm 3 posa di tappeto di usura cm 3;<br> - Via Del Monastero lato scuola: scarifica a cm 3 posa di tappeto di usura cm 3; <br>- Viale S. Rita carreggiata di ingresso quartiere: scarifica a cm 8 (tutta la carreggiata) – posa di Binder cm 5 –posa di tappeto di usura cm 3 e tappeto color rosso per la pista ciclabile cm 3;<br> - Viale S. Rita carreggiata di uscita quartiere: scarifica a cm 8 (tutta la carreggiata) – posa di binder cm 5 – posa di tappeto di usura cm 3 e tappeto colo rosso per la pista ciclabile cm 3;<br> - Strada S. Michele carreggiata 1: scarifica a cm 3 posa di tappeto di usura cm 3; - Strada S. Michele carreggiata 2: scarifica a cm 3 posa di tappeto di usura cm 3; <br>- via Cascia da viale S. Rita per tutta la pista ciclabile: scarifica a cm 3 posa di tappeto di usura cm 3; <br>1. Viale S. Rita si dispone la chiusura di due corsie nello stesso senso di marcia, prima da un lato del viale e poi dall’altro, garantendo il flusso veicolare a senso unico alternato sulle due corsie quando non impegnate dai lavori; <br>2. Divieto di fermata a tutti i veicoli sui tratti di strada interessati dai lavori, lungo uno o entrambi i margini della carreggiata;<br> 3. Rimozione forzata del veicolo lasciato in sosta in violazione del divieto di fermata istituito per motivi di manutenzione dovrà essere rimosso ai sensi dell’articolo 159, comma 1, lettera d) del Decreto legislativo 30 aprile 1992, n.285 <br>4. Sui tratti stradali in cui si darà esecuzione temporanea ai provvedimenti di circolazione, in deroga, i veicoli al servizio dell’impresa appaltatrice, o dei loro subappaltatori, potranno sostare per il tempo strettamente necessario alle attività connesse ai lavori; <br>5. Transito a senso unico alternato nel tempo, regolato ai sensi dall’art. 42, comma 2 del D.P.R. 16 dicembre 1992, n.495, qualora la presenza dei lavori e del cantiere mobile - su strade percorribili secondo entrambi i sensi di marcia- determini un restringimento della carreggiata inferiore in larghezza a 5,60 metri. In tal caso occorrerà regolare il passaggio dei veicoli nel tempo ai sensi del comma 3 dell’articolo 42; <br>6. Divieto di transito sulla semicarreggiata impegnata dai lavori e dal cantiere mobile su strade percorribili a senso unico di marcia, aventi larghezza della carreggiata superiore a 6,00 metri;<br> 7. Istituire il divieto di transito su strade percorribili a senso unico di marcia aventi larghezza della carreggiata uguale o inferiore a 6,00 metri, del tutto impegnate dai lavori e dal cantiere mobile. <br>8. Sui tratti stradali in cui si darà esecuzione temporanea ai provvedimenti di circolazione, in deroga, i veicoli al servizio dell’impresa appaltatrice, o dei loro subappaltatori, potranno sostare per il tempo strettamente necessario alle attività connesse ai lavori. <br>9. Tutti i provvedimenti in contrasto con la presente sono momentaneamente e provvisoriamente sospesi e divengono nuovamente efficaci all’esaurimento dei termini previsti dal presente disposto;<br><br><br>Durata e tempistiche:02/02/2026 - 31/03/2026]]></description>
      <styleUrl>#line-E65100-4100</styleUrl>
      <LineString>
        <tessellate>1</tessellate>
        <coordinates>
          16.8621711,41.0674733,0
          16.8614952,41.0674247,0
          16.8545939,41.0671234,0
        </coordinates>
      </LineString>
    </Placemark>
    <Placemark>
      <name>Via Cascia</name>
      <description><![CDATA[2026/00396 <br><br>https://drive.google.com/file/d/1S2BlDxNPp1LeoQsyfhs7j6esYjqyflQV/view<br><br>PINQUA S. RITA - ORDINANZA PER ISTITUIRE TEMPORANEAMENTE UN DIVIETO DI FERMATA CON RESTRINGIMENTO CARREGGIATA SU VIALE S. RITA – VIA DEL MONASTERO – VIA ROCCAPORENA – VIA DELLO SCOGLIO – VIA CASCIA E STRADA S. MICHELE QUARTIERE CARBONARA/LOSETO PER LAVORI DI RIFACIMENTO STRADALE DAL 02/02/2026 AL 31/03/2026 IMPRESA: SOCIETÀ COBAR S.P.A. SEDE IN ALTAMURA (BA) IN VIA SELVA 101- P.IVA 06605700720.<br><br>- Via dello Scoglio : scarifica di cm 3 e posa di tappeto di usura cm 3;<br>- Via Del Monastero lato palazzine: scarifica a cm 3 posa di tappeto di usura cm 3;<br> - Via Del Monastero lato scuola: scarifica a cm 3 posa di tappeto di usura cm 3; <br>- Viale S. Rita carreggiata di ingresso quartiere: scarifica a cm 8 (tutta la carreggiata) – posa di Binder cm 5 –posa di tappeto di usura cm 3 e tappeto color rosso per la pista ciclabile cm 3;<br> - Viale S. Rita carreggiata di uscita quartiere: scarifica a cm 8 (tutta la carreggiata) – posa di binder cm 5 – posa di tappeto di usura cm 3 e tappeto colo rosso per la pista ciclabile cm 3;<br> - Strada S. Michele carreggiata 1: scarifica a cm 3 posa di tappeto di usura cm 3; - Strada S. Michele carreggiata 2: scarifica a cm 3 posa di tappeto di usura cm 3; <br>- via Cascia da viale S. Rita per tutta la pista ciclabile: scarifica a cm 3 posa di tappeto di usura cm 3; <br>1. Viale S. Rita si dispone la chiusura di due corsie nello stesso senso di marcia, prima da un lato del viale e poi dall’altro, garantendo il flusso veicolare a senso unico alternato sulle due corsie quando non impegnate dai lavori; <br>2. Divieto di fermata a tutti i veicoli sui tratti di strada interessati dai lavori, lungo uno o entrambi i margini della carreggiata;<br> 3. Rimozione forzata del veicolo lasciato in sosta in violazione del divieto di fermata istituito per motivi di manutenzione dovrà essere rimosso ai sensi dell’articolo 159, comma 1, lettera d) del Decreto legislativo 30 aprile 1992, n.285 <br>4. Sui tratti stradali in cui si darà esecuzione temporanea ai provvedimenti di circolazione, in deroga, i veicoli al servizio dell’impresa appaltatrice, o dei loro subappaltatori, potranno sostare per il tempo strettamente necessario alle attività connesse ai lavori; <br>5. Transito a senso unico alternato nel tempo, regolato ai sensi dall’art. 42, comma 2 del D.P.R. 16 dicembre 1992, n.495, qualora la presenza dei lavori e del cantiere mobile - su strade percorribili secondo entrambi i sensi di marcia- determini un restringimento della carreggiata inferiore in larghezza a 5,60 metri. In tal caso occorrerà regolare il passaggio dei veicoli nel tempo ai sensi del comma 3 dell’articolo 42; <br>6. Divieto di transito sulla semicarreggiata impegnata dai lavori e dal cantiere mobile su strade percorribili a senso unico di marcia, aventi larghezza della carreggiata superiore a 6,00 metri;<br> 7. Istituire il divieto di transito su strade percorribili a senso unico di marcia aventi larghezza della carreggiata uguale o inferiore a 6,00 metri, del tutto impegnate dai lavori e dal cantiere mobile. <br>8. Sui tratti stradali in cui si darà esecuzione temporanea ai provvedimenti di circolazione, in deroga, i veicoli al servizio dell’impresa appaltatrice, o dei loro subappaltatori, potranno sostare per il tempo strettamente necessario alle attività connesse ai lavori. <br>9. Tutti i provvedimenti in contrasto con la presente sono momentaneamente e provvisoriamente sospesi e divengono nuovamente efficaci all’esaurimento dei termini previsti dal presente disposto;<br><br><br>Durata e tempistiche:02/02/2026 - 31/03/2026]]></description>
      <styleUrl>#line-E65100-5650</styleUrl>
      <LineString>
        <tessellate>1</tessellate>
        <coordinates>
          16.8558411,41.0671821,0
          16.8557097,41.0690324,0
        </coordinates>
      </LineString>
    </Placemark>
    <Placemark>
      <name>restringimento carreggiata/divieto di sosta</name>
      <description><![CDATA[2026/00396 <br><br>https://drive.google.com/file/d/1S2BlDxNPp1LeoQsyfhs7j6esYjqyflQV/view<br><br>PINQUA S. RITA - ORDINANZA PER ISTITUIRE TEMPORANEAMENTE UN DIVIETO DI FERMATA CON RESTRINGIMENTO CARREGGIATA SU VIALE S. RITA – VIA DEL MONASTERO – VIA ROCCAPORENA – VIA DELLO SCOGLIO – VIA CASCIA E STRADA S. MICHELE QUARTIERE CARBONARA/LOSETO PER LAVORI DI RIFACIMENTO STRADALE DAL 02/02/2026 AL 31/03/2026 IMPRESA: SOCIETÀ COBAR S.P.A. SEDE IN ALTAMURA (BA) IN VIA SELVA 101- P.IVA 06605700720.<br><br>- Via dello Scoglio : scarifica di cm 3 e posa di tappeto di usura cm 3;<br>- Via Del Monastero lato palazzine: scarifica a cm 3 posa di tappeto di usura cm 3;<br> - Via Del Monastero lato scuola: scarifica a cm 3 posa di tappeto di usura cm 3; <br>- Viale S. Rita carreggiata di ingresso quartiere: scarifica a cm 8 (tutta la carreggiata) – posa di Binder cm 5 –posa di tappeto di usura cm 3 e tappeto color rosso per la pista ciclabile cm 3;<br> - Viale S. Rita carreggiata di uscita quartiere: scarifica a cm 8 (tutta la carreggiata) – posa di binder cm 5 – posa di tappeto di usura cm 3 e tappeto colo rosso per la pista ciclabile cm 3;<br> - Strada S. Michele carreggiata 1: scarifica a cm 3 posa di tappeto di usura cm 3; - Strada S. Michele carreggiata 2: scarifica a cm 3 posa di tappeto di usura cm 3; <br>- via Cascia da viale S. Rita per tutta la pista ciclabile: scarifica a cm 3 posa di tappeto di usura cm 3; <br>1. Viale S. Rita si dispone la chiusura di due corsie nello stesso senso di marcia, prima da un lato del viale e poi dall’altro, garantendo il flusso veicolare a senso unico alternato sulle due corsie quando non impegnate dai lavori; <br>2. Divieto di fermata a tutti i veicoli sui tratti di strada interessati dai lavori, lungo uno o entrambi i margini della carreggiata;<br> 3. Rimozione forzata del veicolo lasciato in sosta in violazione del divieto di fermata istituito per motivi di manutenzione dovrà essere rimosso ai sensi dell’articolo 159, comma 1, lettera d) del Decreto legislativo 30 aprile 1992, n.285 <br>4. Sui tratti stradali in cui si darà esecuzione temporanea ai provvedimenti di circolazione, in deroga, i veicoli al servizio dell’impresa appaltatrice, o dei loro subappaltatori, potranno sostare per il tempo strettamente necessario alle attività connesse ai lavori; <br>5. Transito a senso unico alternato nel tempo, regolato ai sensi dall’art. 42, comma 2 del D.P.R. 16 dicembre 1992, n.495, qualora la presenza dei lavori e del cantiere mobile - su strade percorribili secondo entrambi i sensi di marcia- determini un restringimento della carreggiata inferiore in larghezza a 5,60 metri. In tal caso occorrerà regolare il passaggio dei veicoli nel tempo ai sensi del comma 3 dell’articolo 42; <br>6. Divieto di transito sulla semicarreggiata impegnata dai lavori e dal cantiere mobile su strade percorribili a senso unico di marcia, aventi larghezza della carreggiata superiore a 6,00 metri;<br> 7. Istituire il divieto di transito su strade percorribili a senso unico di marcia aventi larghezza della carreggiata uguale o inferiore a 6,00 metri, del tutto impegnate dai lavori e dal cantiere mobile. <br>8. Sui tratti stradali in cui si darà esecuzione temporanea ai provvedimenti di circolazione, in deroga, i veicoli al servizio dell’impresa appaltatrice, o dei loro subappaltatori, potranno sostare per il tempo strettamente necessario alle attività connesse ai lavori. <br>9. Tutti i provvedimenti in contrasto con la presente sono momentaneamente e provvisoriamente sospesi e divengono nuovamente efficaci all’esaurimento dei termini previsti dal presente disposto;<br><br><br>Durata e tempistiche:02/02/2026 - 31/03/2026]]></description>
      <styleUrl>#icon-1541-E65100</styleUrl>
      <Point>
        <coordinates>
          16.8579225,41.0675148,0
        </coordinates>
      </Point>
    </Placemark>
    <Placemark>
      <name>restringimento carreggiata</name>
      <description><![CDATA[2026/00397 <br><br>https://drive.google.com/file/d/131gsr6eyhuuv_CSvuVC2O19ACvRuEJt_/view<br><br>RESTRINGIMENTO DI CARREGGIATA, DEROGA AL DIVIETO DI SOSTA E DIVIETO DI SOSTA SU VIA GIUSEPPE MAZZINI CIVICO 30 E LATO FRONTE, PER UN’ESTENSIONE DI CIRCA 20 M., ( TORRE A MARE) , DAL 12/02/2026 AL 11/08/2026 PER POSIZIONAMENTO POSIZIONAMENTO DI AUTOMEZZI RICHIEDENTE: SIG. STOLFA ANTONIO <br><br>Restringimento di carreggiata, deroga al divieto di sosta e divieto di sosta su Giuseppe Mazzini civico 30 e lato fronte, per un’estensione di circa 20 m., ( Torre a mare). Il restringimento della carreggiata dovrà essere attuato in maniera da assicurare comunque il transito, su corsia della larghezza minima di 3.50 m. E’ istituita la graduazione della velocità in avvicinamento alla zona interessata dalle limitazioni suddette, così come definito al punto 4.1 del D.M. Infrastrutture e Trasporti 10 luglio 2002, pubblicato sulla G.U. n. 226 del 26 settembre 2002, con limite massimo pari a dieci chilometri orari. <br><br>Durata e tempistiche:12/02/2026 - 11/08/2026]]></description>
      <styleUrl>#icon-1541-E65100</styleUrl>
      <Point>
        <coordinates>
          16.9965809,41.0868126,0
        </coordinates>
      </Point>
    </Placemark>
    <Placemark>
      <name>via mazzini 30 torre a mare</name>
      <description><![CDATA[2026/00397 <br><br>https://drive.google.com/file/d/131gsr6eyhuuv_CSvuVC2O19ACvRuEJt_/view<br><br>RESTRINGIMENTO DI CARREGGIATA, DEROGA AL DIVIETO DI SOSTA E DIVIETO DI SOSTA SU VIA GIUSEPPE MAZZINI CIVICO 30 E LATO FRONTE, PER UN’ESTENSIONE DI CIRCA 20 M., ( TORRE A MARE) , DAL 12/02/2026 AL 11/08/2026 PER POSIZIONAMENTO POSIZIONAMENTO DI AUTOMEZZI RICHIEDENTE: SIG. STOLFA ANTONIO <br><br>Restringimento di carreggiata, deroga al divieto di sosta e divieto di sosta su Giuseppe Mazzini civico 30 e lato fronte, per un’estensione di circa 20 m., ( Torre a mare). Il restringimento della carreggiata dovrà essere attuato in maniera da assicurare comunque il transito, su corsia della larghezza minima di 3.50 m. E’ istituita la graduazione della velocità in avvicinamento alla zona interessata dalle limitazioni suddette, così come definito al punto 4.1 del D.M. Infrastrutture e Trasporti 10 luglio 2002, pubblicato sulla G.U. n. 226 del 26 settembre 2002, con limite massimo pari a dieci chilometri orari. <br><br>Durata e tempistiche:12/02/2026 - 11/08/2026]]></description>
      <styleUrl>#line-E65100-4100</styleUrl>
      <LineString>
        <tessellate>1</tessellate>
        <coordinates>
          16.9965721,41.0868534,0
          16.9965318,41.0868246,0
        </coordinates>
      </LineString>
    </Placemark>
    <Placemark>
      <name>via s. pietrocola</name>
      <description><![CDATA[2026/00398<br><br>https://drive.google.com/file/d/1c55x0LJoool3UhKUErkImg-WeXu2XJ6F/view<br><br>ISTITUZIONE TEMPORANEA CHIUSURA AL TRANSITO VEICOLARE CON DIVIETO DI SOSTA ZONA RIMOZIONE SU VIA S. PIETRACOLA CIVV.17/21 E DIVIETO DI SOSTA AMBO I LATI E ISTITUZIONE DOPPIO SENSO DI MARCIA SU VIA CIMMARRUSTI PER POSIZIONAMENTO DI RECINZIONE DI CANTIERE DALLA DATA DI EMANAZIONE DELLA PRESENTE ORDINANZA AL GIORNO 28.2.2026. RICHIEDENTE : SIG. VITALE FRANCESCO <br><br>1. Istituzione temporanea di chiusura al transito veicolare con deroga al divieto di sosta per i mezzi al servizio del Sig. Vitale Francesco su via S. Pietracola civv.17/21 nel tratto compreso tra via delle Murge e via Capruzzi; <br>2. Istituzione temporanea del doppio senso di marcia con divieto di sosta con rimozione forzata ambo i lati su via Cimmarrusti; <br>3. Dovrà essere garantito in sicurezza un passaggio pedonale ampio almeno 1 metro sul lato opposto a quello interessato dai lavori , riferito al punto 1, e all’occorrenza, il transito ai veicoli della forza pubblica e mezzi di soccorso; <br>4. Dovrà essere garantita la viabilità alternativa dei residenti in zona, riferito al punto 1;<br><br>Durata e tempistiche:30/01/2026 - 28/02/2026]]></description>
      <styleUrl>#line-E65100-4488</styleUrl>
      <LineString>
        <tessellate>1</tessellate>
        <coordinates>
          16.8591486,41.1162962,0
          16.8580302,41.1156192,0
          16.8575742,41.1151646,0
          16.8575554,41.1162396,0
        </coordinates>
      </LineString>
    </Placemark>
    <Placemark>
      <name>divieto di transito</name>
      <description><![CDATA[2026/00398<br><br>https://drive.google.com/file/d/1c55x0LJoool3UhKUErkImg-WeXu2XJ6F/view<br><br>ISTITUZIONE TEMPORANEA CHIUSURA AL TRANSITO VEICOLARE CON DIVIETO DI SOSTA ZONA RIMOZIONE SU VIA S. PIETRACOLA CIVV.17/21 E DIVIETO DI SOSTA AMBO I LATI E ISTITUZIONE DOPPIO SENSO DI MARCIA SU VIA CIMMARRUSTI PER POSIZIONAMENTO DI RECINZIONE DI CANTIERE DALLA DATA DI EMANAZIONE DELLA PRESENTE ORDINANZA AL GIORNO 28.2.2026. RICHIEDENTE : SIG. VITALE FRANCESCO <br><br>1. Istituzione temporanea di chiusura al transito veicolare con deroga al divieto di sosta per i mezzi al servizio del Sig. Vitale Francesco su via S. Pietracola civv.17/21 nel tratto compreso tra via delle Murge e via Capruzzi; <br>2. Istituzione temporanea del doppio senso di marcia con divieto di sosta con rimozione forzata ambo i lati su via Cimmarrusti; <br>3. Dovrà essere garantito in sicurezza un passaggio pedonale ampio almeno 1 metro sul lato opposto a quello interessato dai lavori , riferito al punto 1, e all’occorrenza, il transito ai veicoli della forza pubblica e mezzi di soccorso; <br>4. Dovrà essere garantita la viabilità alternativa dei residenti in zona, riferito al punto 1;<br><br>Durata e tempistiche:30/01/2026 - 28/02/2026]]></description>
      <styleUrl>#icon-1541-E65100</styleUrl>
      <Point>
        <coordinates>
          16.8579336,41.1156445,0
        </coordinates>
      </Point>
    </Placemark>
    <Placemark>
      <name>Via Manzoni </name>
      <description><![CDATA[2026/00399 <br><br>https://drive.google.com/file/d/1op0_ljbF4lwUzOdbzrajcLWR4u5asjQ6/view<br><br>PROCEDURA NEGOZIATA PN23023 PER LA CONCLUSIONE DI UN ACCORDO QUADRO QUADRIENNALE PER L'AFFIDAMENTO CONGIUNTO DI PROGETTAZIONE ESECUTIVA ED ESECUZIONE DEI "LAVORI DI RIQUALIFICAZIONE DI VIA MANZONI" – ACCORDO QUADRO CIG: 9934949346 1° CONTRATTO ATTUATIVO CUP: J91B21001180001 – CIG: A065861BA9 2° CONTRATTO ATTUATIVO CUP: J98E22000030003 – CIG: A06586D592 RICHIESTA ORDINANZA PER CHIUSURA AL TRAFFICO VEICOLARE H 24, DIVIETO DI SOSTA E FERMATA AMBO I LATI CON RIMOZIONE, SU VIA MANZONI NEI TRATTI COMPRESI TRA P.ZZA GARIBALDI E VIA CALEFATI DAL GIORNO 02/02/2026 AL 30/06/2026 IMPRESA ESECUTRICE: SOCIETÀ DROMOS APPALTI S.P.A. CON SEDE LEGALE IN VIA PO N. 31 <br><br>1) divieto di sosta e fermata con rimozione, e chiusura al traffico Veicolare H24 su via Manzoni nei tratti compresi tra P.zza Garibaldi e Via Calefati.<br><br>Durata e tempistiche: 02/02/2026 - 30/06/2026 h24]]></description>
      <styleUrl>#line-E65100-4488</styleUrl>
      <LineString>
        <tessellate>1</tessellate>
        <coordinates>
          16.860936,41.1235711,0
          16.8607724,41.1252481,0
        </coordinates>
      </LineString>
    </Placemark>
    <Placemark>
      <name>chiusura al traffico veicolare/divieto sosta e fermata</name>
      <description><![CDATA[2026/00399 <br><br>https://drive.google.com/file/d/1op0_ljbF4lwUzOdbzrajcLWR4u5asjQ6/view<br><br>PROCEDURA NEGOZIATA PN23023 PER LA CONCLUSIONE DI UN ACCORDO QUADRO QUADRIENNALE PER L'AFFIDAMENTO CONGIUNTO DI PROGETTAZIONE ESECUTIVA ED ESECUZIONE DEI "LAVORI DI RIQUALIFICAZIONE DI VIA MANZONI" – ACCORDO QUADRO CIG: 9934949346 1° CONTRATTO ATTUATIVO CUP: J91B21001180001 – CIG: A065861BA9 2° CONTRATTO ATTUATIVO CUP: J98E22000030003 – CIG: A06586D592 RICHIESTA ORDINANZA PER CHIUSURA AL TRAFFICO VEICOLARE H 24, DIVIETO DI SOSTA E FERMATA AMBO I LATI CON RIMOZIONE, SU VIA MANZONI NEI TRATTI COMPRESI TRA P.ZZA GARIBALDI E VIA CALEFATI DAL GIORNO 02/02/2026 AL 30/06/2026 IMPRESA ESECUTRICE: SOCIETÀ DROMOS APPALTI S.P.A. CON SEDE LEGALE IN VIA PO N. 31 <br><br>1) divieto di sosta e fermata con rimozione, e chiusura al traffico Veicolare H24 su via Manzoni nei tratti compresi tra P.zza Garibaldi e Via Calefati.<br><br>Durata e tempistiche: 02/02/2026 - 30/06/2026 h24]]></description>
      <styleUrl>#icon-1541-E65100</styleUrl>
      <Point>
        <coordinates>
          16.8607874,41.1245121,0
        </coordinates>
      </Point>
    </Placemark>
    <Placemark>
      <name>Via Barletta</name>
      <description><![CDATA[2026/00400 <br><br>https://drive.google.com/file/d/1nzaDbpnqRQm47g43XNsbvPu5OvmsRJoy/view<br><br>AUTORIZZAZIONE TEMPORANEA AL TRANSITO DEI MEZZI SUPERIORI AI 35 Q.LI, IN DEROGA ALL’ORDINANZA SINDACALE N. 2322 DEL 20.3.1991, DIVIETO DI SOSTA SU VIA BARLETTA DAL CIV. 15 AL CIV. 9 E DAL CIV. 7 AL CIV.1, DAL 02.02.2026 AL 12.02.2026 DALLE ORE 7:00 ALLE ORE 15:00 PER POSIZIONAMENTO PIATTAFORMA AEREA RICHIEDENTE: SIG. TRAVERSA GIUSEPPE <br><br>deroga al divieto di sosta e restringimento di carreggiata su via Barletta civ. 9/13, nel tratto compreso tra via Trevisani e via Manzoni ; <br>divieto di sosta su via Barletta dal civ. 15 al civ. 9 e dal civ. 7 al civ.1 in deroga all’Ordinanza Sindacale n. 2322 del 20.3.1991, E’ CONSENTITO IL TRANSITO all’ interno del perimetro individuato dalla stessa: via B. Regina – via B. Bari – via Capruzzi – via Oberdan – via Di Vagno – lungomare Nazario Sauro – lungomare A. Di Crollalanza – p.zza IV Novembre – c.so V. Emanuele, ai veicoli al servizio della Sig. Traversa Giuseppe. <br><br>Durata e tempistiche: 02/02/2026 - 12/02/2026 07:00-15:00]]></description>
      <styleUrl>#line-E65100-3906</styleUrl>
      <LineString>
        <tessellate>1</tessellate>
        <coordinates>
          16.8603503,41.1231084,0
          16.8607204,41.1231286,0
        </coordinates>
      </LineString>
    </Placemark>
    <Placemark>
      <name>restringimento carreggiata/divieto di sosta</name>
      <description><![CDATA[2026/00400 <br><br>https://drive.google.com/file/d/1nzaDbpnqRQm47g43XNsbvPu5OvmsRJoy/view<br><br>AUTORIZZAZIONE TEMPORANEA AL TRANSITO DEI MEZZI SUPERIORI AI 35 Q.LI, IN DEROGA ALL’ORDINANZA SINDACALE N. 2322 DEL 20.3.1991, DIVIETO DI SOSTA SU VIA BARLETTA DAL CIV. 15 AL CIV. 9 E DAL CIV. 7 AL CIV.1, DAL 02.02.2026 AL 12.02.2026 DALLE ORE 7:00 ALLE ORE 15:00 PER POSIZIONAMENTO PIATTAFORMA AEREA RICHIEDENTE: SIG. TRAVERSA GIUSEPPE <br><br>deroga al divieto di sosta e restringimento di carreggiata su via Barletta civ. 9/13, nel tratto compreso tra via Trevisani e via Manzoni ; <br>divieto di sosta su via Barletta dal civ. 15 al civ. 9 e dal civ. 7 al civ.1 in deroga all’Ordinanza Sindacale n. 2322 del 20.3.1991, E’ CONSENTITO IL TRANSITO all’ interno del perimetro individuato dalla stessa: via B. Regina – via B. Bari – via Capruzzi – via Oberdan – via Di Vagno – lungomare Nazario Sauro – lungomare A. Di Crollalanza – p.zza IV Novembre – c.so V. Emanuele, ai veicoli al servizio della Sig. Traversa Giuseppe. <br><br>Durata e tempistiche: 02/02/2026 - 12/02/2026 07:00-15:00]]></description>
      <styleUrl>#icon-1541-E65100</styleUrl>
      <Point>
        <coordinates>
          16.8606955,41.1231463,0
        </coordinates>
      </Point>
    </Placemark>
    <Placemark>
      <name>Via Manzoni</name>
      <description><![CDATA[2026/00401 <br><br>https://drive.google.com/file/d/1-KS_WjMLv6Rui18RW8M4_r1o9fAlDiOf/view<br><br>ISTITUZIONE TEMPORANEA DEL RESTRINGIMENTO DELLA CARREGGIATA ED IL DIVIETO DI SOSTA IN VIA A. MANZONI INCROCIO VIA M. GARRUBA E VIA A. MANZONI INCROCIO VIA S. CRISANZIO IN DATA 02/02/2026 DALLE ORE 08:00 ALLE ORE 17:00 FINO AL COMPLETAMENTO DELLE OPERE PER SPOSTAMENTO RETE OPEN FIBER A SEGUITO LAVORAZIONI IN VIA A. MANZONI RICHIEDENTE: OPEN FIBER SPA IMPRESA : COGEPA SPA<br><br> restringimento della carreggiata ed il divieto di sosta in : <br>1) Via A. Manzoni incrocio Via M. Garruba <br>2)Via A. Manzoni incrocio Via S. Crisanzio :<br><br>Durata e tempistiche: 02/02/2026 - fine lavori 08:00-17:00]]></description>
      <styleUrl>#line-E65100-4681</styleUrl>
      <LineString>
        <tessellate>1</tessellate>
        <coordinates>
          16.8614013,41.1201214,0
          16.8614549,41.1194142,0
        </coordinates>
      </LineString>
    </Placemark>
    <Placemark>
      <name>restringimento carreggiata/divieto di sosta</name>
      <description><![CDATA[2026/00401 <br><br>https://drive.google.com/file/d/1-KS_WjMLv6Rui18RW8M4_r1o9fAlDiOf/view<br><br>ISTITUZIONE TEMPORANEA DEL RESTRINGIMENTO DELLA CARREGGIATA ED IL DIVIETO DI SOSTA IN VIA A. MANZONI INCROCIO VIA M. GARRUBA E VIA A. MANZONI INCROCIO VIA S. CRISANZIO IN DATA 02/02/2026 DALLE ORE 08:00 ALLE ORE 17:00 FINO AL COMPLETAMENTO DELLE OPERE PER SPOSTAMENTO RETE OPEN FIBER A SEGUITO LAVORAZIONI IN VIA A. MANZONI RICHIEDENTE: OPEN FIBER SPA IMPRESA : COGEPA SPA<br><br> restringimento della carreggiata ed il divieto di sosta in : <br>1) Via A. Manzoni incrocio Via M. Garruba <br>2)Via A. Manzoni incrocio Via S. Crisanzio :<br><br>Durata e tempistiche: 02/02/2026 - fine lavori 08:00-17:00]]></description>
      <styleUrl>#icon-1541-E65100</styleUrl>
      <Point>
        <coordinates>
          16.8614844,41.1198203,0
        </coordinates>
      </Point>
    </Placemark>
    <Placemark>
      <name>Via F. Crispi</name>
      <description><![CDATA[2026/00407 <br><br>https://drive.google.com/file/d/1YNyu8EZs8WwY_YSH-JN0tD6K_97SuGQy/view?usp=drive_open<br><br>ORDINANZA PER DIVIETO DI SOSTA SU ENTRAMBI I LA5 , RESTRINGIMENTO DI CARREGGIATA IN VIA FRANCESCO CRISPI TRA L’INTERSEZIONE CON VIA REPUBBLICA NAPOLETANA E VIA NAZARIANTZ HRAND DAL GIORNO 09/02/2026 AL GIORNO 30/04/2026, SABATO E DOMENICA COMPRESI,PER LAVORI DI INTERRAMENTO CAVI EDISTRIBUZIONE.. SOCIETÀ: OMNIA WORK SRL - POTENZA<br><br>Divieto di sosta su entrambi i lati e restringimento di carreggiata in via Francesco Crispi nell’intersezione tra via Repubblica Napoletana e via Nazarianzt Hrand. Divieto di sosta su entrambi i lati e restringimento di carreggiata in largo Francesco Crispi nell’intersezione tra via Francesco Crispi e via Mario Pagano. <br><br>Durata e tempistiche: 09/02/2026 - 30/04/2026]]></description>
      <styleUrl>#line-E65100-5069</styleUrl>
      <LineString>
        <tessellate>1</tessellate>
        <coordinates>
          16.8514176,41.1218491,0
          16.8483841,41.1207176,0
          16.8489339,41.1209237,0
          16.849119,41.1208246,0
          16.8500712,41.1208832,0
        </coordinates>
      </LineString>
    </Placemark>
    <Placemark>
      <name>restringimento carreggiata/divieto di sosta</name>
      <description><![CDATA[2026/00407 <br><br>https://drive.google.com/file/d/1YNyu8EZs8WwY_YSH-JN0tD6K_97SuGQy/view?usp=drive_open<br><br>ORDINANZA PER DIVIETO DI SOSTA SU ENTRAMBI I LA5 , RESTRINGIMENTO DI CARREGGIATA IN VIA FRANCESCO CRISPI TRA L’INTERSEZIONE CON VIA REPUBBLICA NAPOLETANA E VIA NAZARIANTZ HRAND DAL GIORNO 09/02/2026 AL GIORNO 30/04/2026, SABATO E DOMENICA COMPRESI,PER LAVORI DI INTERRAMENTO CAVI EDISTRIBUZIONE.. SOCIETÀ: OMNIA WORK SRL - POTENZA<br><br>Divieto di sosta su entrambi i lati e restringimento di carreggiata in via Francesco Crispi nell’intersezione tra via Repubblica Napoletana e via Nazarianzt Hrand. Divieto di sosta su entrambi i lati e restringimento di carreggiata in largo Francesco Crispi nell’intersezione tra via Francesco Crispi e via Mario Pagano. <br><br>Durata e tempistiche: 09/02/2026 - 30/04/2026]]></description>
      <styleUrl>#icon-1541-E65100</styleUrl>
      <Point>
        <coordinates>
          16.8492766,41.121104,0
        </coordinates>
      </Point>
    </Placemark>
    <Placemark>
      <name>via Balbo</name>
      <description><![CDATA[2026/00553<br><br>https://drive.google.com/file/d/1x3TInKyonZw7cb_EPafwuFkcXUIZgRjv/view<br><br>ORDINANZA PER TEMPORANEA ISTITUZIONE DEL DIVIETO DI SOSTA ZONA RIMOZIONE SU VIA ITALO BALBO (FIANCO) CIV. 16 CON RECINZIONE PER AREA DI CANTIERE DAL 06/02/2026 AL 07/01/2027. SOCIETÀ:DI GROUP BUILDINGS S.R.L. ISTANTE: DILERMA PIETRO <br><br>1. Istituzione temporanea del divieto di sosta-rimozione coatta su via Italo Balbo (fianco) civ. 16 con restringimento carreggiata, per un tratto di strada di mt. 9.62 x mt. 3.50, al fine di consentire sia la realizzazione dell’area di cantiere e sia il regolare transito veicolare, con altresì la realizzazione del corridoio pedonale adiacente l’area di cantiere; <br>2. Istituzione temporanea del divieto di sosta – rimozione coatta su via Italo Balbo dal civ. 21 all’intersezione con via Gen. G. Vacca, al fine di consentire sia la realizzazione dell’area di cantiere e sia il regolare transito veicolare, con altresì la realizzazione del corridoio pedonale adiacente l’area di cantiere e in particolare per tutto il periodo nelle giornate del mercoledì dalle ore 07:00 alle ore 15:00; <br>3. L’istituzione temporanea del divieto di sosta – rimozione coatta su via Gen. Giovanni Vacca nel tratto compreso tra Corso Vittorio Emanuele e via Italo Balbo, lato destro secondo il senso unico di marcia in direzione della via Italo Balbo, al fine di consentire il transito in sicurezza dei mezzi diretti al cantiere edile nelle giornate specificate; <br>4. L’istituzione temporanea del divieto di sosta – rimozione coatta su via Caputo (civ. 21) altezza via Gen. Giovanni Valle, al fine di consentire il transito in sicurezza dei mezzi provenienti dal cantiere edile nelle giornate specificate; <br>5. Deroga al senso unico di circolazione su via Italo Balbo, tratto compreso tra via Gen. Giovanni Valle e via gen. Giovanni Vacca, e su via Gen. Giovanni Valle. Tratto compreso tra via Caputo e via Italo Balbo, al fine di consentire i transito dei mezzi in uscita dal cantiere edile; <br>6. Il passaggio dei veicoli dovrà essere effettuato a velocità particolarmente ridotta e accompagnato da movieri di idoneo equipaggiamento; <br>7. Dovrà essere previsto altresì il posizionamento di movieri alle intersezioni: via Caputo/via Gen. Giovanni Valle e via Gen. Giovanni Valle/via Italo Balbo ai fini della regolamentazione della circolazione stradale durante il transito dei veicoli in deroga ai sensi unici di circolazione;<br> 8. Il transito pedonale sul lato area di cantiere in via Italo Balbo dovrà essere salvaguardato mediante la realizzazione di un corridoio pedonale sul tratto di carreggiata adiacente l’occupazione, di dimensioni trasversali di mt. 1.00 e debitamente protetto da corrimano, accessibile anche a persone con ridotte capacità motorie, deambulanti anche con ausili ortopedici; <br>9. Occorrerà interdire il transito dei pedoni nell’area di cantiere con particolare attenzione all’eventuale zona sottostante il braccio operativo;<br> 10. Tutti i provvedimenti in contrasto con la presente sono momentaneamente e provvisoriamente sospesi e divengono nuovamente efficaci all’esaurimento dei termini previsti dal presente disposto;<br><br>Durata e tempistiche: 06/02/2026 - 07/01/2027]]></description>
      <styleUrl>#line-E65100-4488</styleUrl>
      <LineString>
        <tessellate>1</tessellate>
        <coordinates>
          16.7627647,41.1514985,0
          16.7631375,41.1513914,0
          16.7627942,41.1507613,0
        </coordinates>
      </LineString>
    </Placemark>
    <Placemark>
      <name>restringimento carreggiata /divieto di sosta</name>
      <description><![CDATA[2026/00553<br><br>https://drive.google.com/file/d/1x3TInKyonZw7cb_EPafwuFkcXUIZgRjv/view<br><br>ORDINANZA PER TEMPORANEA ISTITUZIONE DEL DIVIETO DI SOSTA ZONA RIMOZIONE SU VIA ITALO BALBO (FIANCO) CIV. 16 CON RECINZIONE PER AREA DI CANTIERE DAL 06/02/2026 AL 07/01/2027. SOCIETÀ:DI GROUP BUILDINGS S.R.L. ISTANTE: DILERMA PIETRO <br><br>1. Istituzione temporanea del divieto di sosta-rimozione coatta su via Italo Balbo (fianco) civ. 16 con restringimento carreggiata, per un tratto di strada di mt. 9.62 x mt. 3.50, al fine di consentire sia la realizzazione dell’area di cantiere e sia il regolare transito veicolare, con altresì la realizzazione del corridoio pedonale adiacente l’area di cantiere; <br>2. Istituzione temporanea del divieto di sosta – rimozione coatta su via Italo Balbo dal civ. 21 all’intersezione con via Gen. G. Vacca, al fine di consentire sia la realizzazione dell’area di cantiere e sia il regolare transito veicolare, con altresì la realizzazione del corridoio pedonale adiacente l’area di cantiere e in particolare per tutto il periodo nelle giornate del mercoledì dalle ore 07:00 alle ore 15:00; <br>3. L’istituzione temporanea del divieto di sosta – rimozione coatta su via Gen. Giovanni Vacca nel tratto compreso tra Corso Vittorio Emanuele e via Italo Balbo, lato destro secondo il senso unico di marcia in direzione della via Italo Balbo, al fine di consentire il transito in sicurezza dei mezzi diretti al cantiere edile nelle giornate specificate; <br>4. L’istituzione temporanea del divieto di sosta – rimozione coatta su via Caputo (civ. 21) altezza via Gen. Giovanni Valle, al fine di consentire il transito in sicurezza dei mezzi provenienti dal cantiere edile nelle giornate specificate; <br>5. Deroga al senso unico di circolazione su via Italo Balbo, tratto compreso tra via Gen. Giovanni Valle e via gen. Giovanni Vacca, e su via Gen. Giovanni Valle. Tratto compreso tra via Caputo e via Italo Balbo, al fine di consentire i transito dei mezzi in uscita dal cantiere edile; <br>6. Il passaggio dei veicoli dovrà essere effettuato a velocità particolarmente ridotta e accompagnato da movieri di idoneo equipaggiamento; <br>7. Dovrà essere previsto altresì il posizionamento di movieri alle intersezioni: via Caputo/via Gen. Giovanni Valle e via Gen. Giovanni Valle/via Italo Balbo ai fini della regolamentazione della circolazione stradale durante il transito dei veicoli in deroga ai sensi unici di circolazione;<br> 8. Il transito pedonale sul lato area di cantiere in via Italo Balbo dovrà essere salvaguardato mediante la realizzazione di un corridoio pedonale sul tratto di carreggiata adiacente l’occupazione, di dimensioni trasversali di mt. 1.00 e debitamente protetto da corrimano, accessibile anche a persone con ridotte capacità motorie, deambulanti anche con ausili ortopedici; <br>9. Occorrerà interdire il transito dei pedoni nell’area di cantiere con particolare attenzione all’eventuale zona sottostante il braccio operativo;<br> 10. Tutti i provvedimenti in contrasto con la presente sono momentaneamente e provvisoriamente sospesi e divengono nuovamente efficaci all’esaurimento dei termini previsti dal presente disposto;<br><br>Durata e tempistiche: 06/02/2026 - 07/01/2027]]></description>
      <styleUrl>#icon-1541-E65100</styleUrl>
      <Point>
        <coordinates>
          16.7629712,41.151351,0
        </coordinates>
      </Point>
    </Placemark>
    <Placemark>
      <name>NELL’AREA A PARCHEGGIO: DIVIETO DI TRANSITO E DI SOSTA</name>
      <description><![CDATA[Ordinanza: 2026/00555<br><br>https://drive.google.com/file/d/1xPvrNqDO0ZhgKNfMbFpqQzSUXLAGkcu4/view<br><br>OGGETTO: ACCORDO QUADRO TRIENNALE PER LA REALIZZAZIONE<br>DELL’INTERVENTO DI RISTRUTTURAZIONE DELL’EDIFICIO SCOLASTICO<br>SEDE DELLA SCUOLA D’INFANZIA DENOMINATA REGINA MARGHERITA<br>UBICATA IN PIAZZA BALENZANO – CUP J93C22000000006 – CIG<br>A.Q.9531137F0E<br>DALLE ORE 07.00 ALLE ORE 17.00 DEI GIORNI 16 E 17 FEBBRAIO<br>2026 ISTITUZIONE TEMPORANEA DELLA CHIUSURA AL TRANSITO<br>VEICOLARE E DIVIETO DI SOSTA NELL’AREA A PARCHEGGIO IN<br>CONCESSIONE AD AMTAB SPA TRA VIA TANZI E VICO SANT’ANTONIO<br>NELLA PORZIONE TRA IL MERCATO GUADAGNI E IL PLESSO SCOLASTICO<br>REGINA MARGHERITA .<br>IMPRESA NEOS RESTAURI SRL<br><br>Durata e Tempistiche: 16/02/2026 - 17/02/2026 ]]></description>
      <styleUrl>#icon-1541-E65100</styleUrl>
      <Point>
        <coordinates>
          16.8752715,41.1184518,0
        </coordinates>
      </Point>
    </Placemark>
    <Placemark>
      <name>VIA MARIO PAGANO 69</name>
      <description><![CDATA[2026/00554 <br><br>https://drive.google.com/file/d/1lL3wihj3_WlKAGp-W_jS5tV_F_HclpND/view<br><br>ISTITUZIONE TEMPORANEA DEL RESTRINGIMENTO CARREGGIATA E DIVIETO DI SOSTA IN VIA M. PAGANO 69 DA LARGO CRISPI A VIA BRIGATA REGINA PER LAVORI DI COSTRUZIONE IMPIANTO IDRICO DAL 02/03/2026 AL 14/03/2026. IMPRESA: IMPRESA INDIVIDUALE “FRISULLO LUIGI” ISTANTE: AQP S.P.<br><br>1. L’istituzione temporanea del un restringimento carreggiata e divieto di sosta in via M. Pagano 69 da Largo Crispi a via Brigata Regina. 2. Sarà garantito l’accesso ai soli residenti e ai mezzi di soccorso; 3. Tutti i provvedimenti in contrasto con la presente sono momentaneamente e provvisoriamente sospesi e divengono nuovamente efficaci all’esaurimento dei termini previsti dal presente disposto;<br><br>Durata e tempistiche: 02/03/2026 - 14/03/2026<br><br>https://drive.google.com/file/d/1aRkQyFkE0fvJdp7EPyr_A5mHKuXee9J0/view<br><br>ISTITUZIONE TEMPORANEA DEL RESTRINGIMENTO CARREGGIATA E<br>DIVIETO DI SOSTA SU VIA MARIO PAGANO 69 DA LARGO CRISPI A VIA<br>BRIGATA REGINA PER LAVORI DI COSTRUZIONE IMPIANTO IDRICO<br>IMPRESA: IMPRESA INDIVIDUALE “FRISULLO LUIGI”<br>ISTANTE: AQP S.P.A.<br><br>Durata e tempistiche: 01/12/2025 - 15/12/2025.]]></description>
      <styleUrl>#line-E65100-4899</styleUrl>
      <LineString>
        <tessellate>1</tessellate>
        <coordinates>
          16.8490452,41.1208636,0
          16.8519688,41.1209929,0
        </coordinates>
      </LineString>
    </Placemark>
    <Placemark>
      <name>restringimento carreggiata/divieto di sosta</name>
      <description><![CDATA[2026/00554 <br><br>https://drive.google.com/file/d/1lL3wihj3_WlKAGp-W_jS5tV_F_HclpND/view<br><br>ISTITUZIONE TEMPORANEA DEL RESTRINGIMENTO CARREGGIATA E DIVIETO DI SOSTA IN VIA M. PAGANO 69 DA LARGO CRISPI A VIA BRIGATA REGINA PER LAVORI DI COSTRUZIONE IMPIANTO IDRICO DAL 02/03/2026 AL 14/03/2026. IMPRESA: IMPRESA INDIVIDUALE “FRISULLO LUIGI” ISTANTE: AQP S.P.<br><br>1. L’istituzione temporanea del un restringimento carreggiata e divieto di sosta in via M. Pagano 69 da Largo Crispi a via Brigata Regina. 2. Sarà garantito l’accesso ai soli residenti e ai mezzi di soccorso; 3. Tutti i provvedimenti in contrasto con la presente sono momentaneamente e provvisoriamente sospesi e divengono nuovamente efficaci all’esaurimento dei termini previsti dal presente disposto;<br><br>Durata e tempistiche: 02/03/2026 - 14/03/2026]]></description>
      <styleUrl>#icon-1541-E65100</styleUrl>
      <Point>
        <coordinates>
          16.8505835,41.1210062,0
        </coordinates>
      </Point>
    </Placemark>
    <Placemark>
      <name>Via Principe Amedeo 28</name>
      <description><![CDATA[Ordinanza: 2026/00581<br><br>https://drive.google.com/file/d/1xXKggGnJfoCyNxjgrf7--wFKbaBxNSUB/view<br><br>ISTITUZIONE TEMPORANEA DEL DIVIETO DI TRANSITO, DI SOSTA CON<br>RIMOZIONE FORZATA AMBO I LATI IN VIA PRINCIPE AMEDEO CIV. 28 IN<br>CEGLIE DEL CAMPO (BA), PER LAVORI DI COSTRUZIONE IMPIANTO IDRICO<br>DAL 01/03/2026 AL 14/03/2026.<br>IMPRESA: IMPRESA INDIVIDUALE “FRISULLO LUIGI”<br>ISTANTE: AQP S.P.A.<br><br>1. L’istituzione temporanea del divieto di transito, di sosta con rimozione forzata ambo i lati su via Principe<br>Amedeo civ. 28 in Ceglie del Campo (BA) per lavori di costruzione impianto idrico;<br>2. La chiusura al transito della strada de quo dovrà essere effettuata a partire dall’intersezione tra Piazza<br>Armando Diaz e Largo Orologio Vecchio e dovrà essere presegnalata all’intersezione tra via Vittorio<br>Veneto e Piazza Armando Diaz;<br><br>Durata e Tempistiche: 01/03/2026 - 14/03/2026]]></description>
      <styleUrl>#line-E65100-4100</styleUrl>
      <LineString>
        <tessellate>1</tessellate>
        <coordinates>
          16.866188,41.0634348,0
          16.8665622,41.0635026,0
          16.8668277,41.063538,0
        </coordinates>
      </LineString>
    </Placemark>
    <Placemark>
      <name>DIVIETO DI TRANSITO E DI SOSTA</name>
      <description><![CDATA[Ordinanza: 2026/00581<br><br>https://drive.google.com/file/d/1xXKggGnJfoCyNxjgrf7--wFKbaBxNSUB/view<br><br>ISTITUZIONE TEMPORANEA DEL DIVIETO DI TRANSITO, DI SOSTA CON<br>RIMOZIONE FORZATA AMBO I LATI IN VIA PRINCIPE AMEDEO CIV. 28 IN<br>CEGLIE DEL CAMPO (BA), PER LAVORI DI COSTRUZIONE IMPIANTO IDRICO<br>DAL 01/03/2026 AL 14/03/2026.<br>IMPRESA: IMPRESA INDIVIDUALE “FRISULLO LUIGI”<br>ISTANTE: AQP S.P.A.<br><br>1. L’istituzione temporanea del divieto di transito, di sosta con rimozione forzata ambo i lati su via Principe<br>Amedeo civ. 28 in Ceglie del Campo (BA) per lavori di costruzione impianto idrico;<br>2. La chiusura al transito della strada de quo dovrà essere effettuata a partire dall’intersezione tra Piazza<br>Armando Diaz e Largo Orologio Vecchio e dovrà essere presegnalata all’intersezione tra via Vittorio<br>Veneto e Piazza Armando Diaz;<br><br>Durata e Tempistiche: 01/03/2026 - 14/03/2026]]></description>
      <styleUrl>#icon-1541-E65100</styleUrl>
      <Point>
        <coordinates>
          16.866786,41.0635462,0
        </coordinates>
      </Point>
    </Placemark>
    <Placemark>
      <name>Via Corsica</name>
      <description><![CDATA[Ordinanza: 2026/00580<br><br>https://drive.google.com/file/d/1tRPjD9j5vcELd8hcG3yeWvnS5isehq_k/view<br><br>ISTITUZIONE TEMPORANEA DEL DIVIETO DI TRANSITO, DI SOSTA CON<br>RIMOZIONE FORZATA AMBO I LATI IN VIA CORSICA, TRATTO DA VIA<br>MASSAUA A VIA SKANDERBEG, PER LAVORI DI COSTRUZIONE IMPIANTO<br>FOGNARIO DAL 02/03/2026 AL 14/03/2026.<br>IMPRESA: IMPRESA INDIVIDUALE “FRISULLO LUIGI”<br>ISTANTE: AQP S.P.A.<br><br>La strada risulta già gravata da divieto di fermata, regolarmente istituito e opportunamente segnalato,<br>limitando la possibilità di sosta e fermata dei veicoli<br><br>Durata e Tempistiche: 02/03/2026 - 14/03/2026]]></description>
      <styleUrl>#line-E65100-3713</styleUrl>
      <LineString>
        <tessellate>1</tessellate>
        <coordinates>
          16.8426332,41.1385633,0
          16.8425259,41.1377513,0
        </coordinates>
      </LineString>
    </Placemark>
    <Placemark>
      <name>DIVIETO DI TRANSITO E DI SOSTA</name>
      <description><![CDATA[Ordinanza: 2026/00580<br><br>https://drive.google.com/file/d/1tRPjD9j5vcELd8hcG3yeWvnS5isehq_k/view<br><br>ISTITUZIONE TEMPORANEA DEL DIVIETO DI TRANSITO, DI SOSTA CON<br>RIMOZIONE FORZATA AMBO I LATI IN VIA CORSICA, TRATTO DA VIA<br>MASSAUA A VIA SKANDERBEG, PER LAVORI DI COSTRUZIONE IMPIANTO<br>FOGNARIO DAL 02/03/2026 AL 14/03/2026.<br>IMPRESA: IMPRESA INDIVIDUALE “FRISULLO LUIGI”<br>ISTANTE: AQP S.P.A.<br><br>La strada risulta già gravata da divieto di fermata, regolarmente istituito e opportunamente segnalato,<br>limitando la possibilità di sosta e fermata dei veicoli<br><br>Durata e Tempistiche: 02/03/2026 - 14/03/2026]]></description>
      <styleUrl>#icon-1541-E65100</styleUrl>
      <Point>
        <coordinates>
          16.8426547,41.1385563,0
        </coordinates>
      </Point>
    </Placemark>
    <Placemark>
      <name>vico oberdan</name>
      <description><![CDATA[2026/00563 <br><br>https://drive.google.com/file/d/1D3OLFFsdX5oC5mrNHHbSXK0lC52rAId2/view<br><br> ISTITUZIONE TEMPORANEA DEL DIVIETO DI SOSTA SU VICO G. OBERDAN CIV. 31 DAL GIORNO 06/02/2026 AL 09/03/2026 CON RESTRINGIMENTO CARREGGIATA SU VIA VACCARELLA CIVV. 24/C – 28/B DAL GIORNO 09/02/2026 AL 31/03/2026 PER POSIZIONAMENTO DI N. 2 PONTEGGI BICOLONNA PER SVOLGERE ATTIVITÀ DI LAVORI DI MANUTENZIONE STRAORDINARIA PROSPETTI. ISTANTE : PAESANO MARIATERESA (LEGALE RAPPRESENTANTE DELL’IMPRESA “COSTRUZIONI DANI S.R.L.) DITTA : COSTRUZIONI DANI S.R.L.<br><br>dal 09/02/2026 al 31/03/2026 in via Vaccarella civv. 24/C – 28/B<br>dal 09/02/2026 al 09/03/2026 in Vico G. Oberdan civ. 31<br><br>1. La temporanea istituzione del divieto di sosta fronte l’occupazione di Vico G. Oberdan viste le ridotte dimensioni della carreggiata, tratto compreso tra il civ. 29 e via Vaccarella, con restringimento carreggiata su quest’ultima;<br> 2. L’istante avrà cura di presenziare la strada per preservare la circolazione stradale in prossimità del restringimento carreggiata, utilizzando idonea segnaletica stradale temporanea e di cantiere, consentendo il transito in sicurezza dei pedoni sul lato opposto; 3. Tutti i provvedimenti in contrasto con la presente sono momentaneamente e provvisoriamente sospesi e divengono nuovamente efficaci all’esaurimento dei termini previsti dal presente disposto;]]></description>
      <styleUrl>#line-E65100-3713</styleUrl>
      <LineString>
        <tessellate>1</tessellate>
        <coordinates>
          16.8643735,41.0736595,0
          16.8641013,41.0737575,0
        </coordinates>
      </LineString>
    </Placemark>
    <Placemark>
      <name>divieto di sosta /restringimento carreggiata</name>
      <description><![CDATA[2026/00563 <br><br>https://drive.google.com/file/d/1D3OLFFsdX5oC5mrNHHbSXK0lC52rAId2/view<br><br> ISTITUZIONE TEMPORANEA DEL DIVIETO DI SOSTA SU VICO G. OBERDAN CIV. 31 DAL GIORNO 06/02/2026 AL 09/03/2026 CON RESTRINGIMENTO CARREGGIATA SU VIA VACCARELLA CIVV. 24/C – 28/B DAL GIORNO 09/02/2026 AL 31/03/2026 PER POSIZIONAMENTO DI N. 2 PONTEGGI BICOLONNA PER SVOLGERE ATTIVITÀ DI LAVORI DI MANUTENZIONE STRAORDINARIA PROSPETTI. ISTANTE : PAESANO MARIATERESA (LEGALE RAPPRESENTANTE DELL’IMPRESA “COSTRUZIONI DANI S.R.L.) DITTA : COSTRUZIONI DANI S.R.L.<br><br>dal 09/02/2026 al 31/03/2026 in via Vaccarella civv. 24/C – 28/B<br>dal 09/02/2026 al 09/03/2026 in Vico G. Oberdan civ. 31<br><br>1. La temporanea istituzione del divieto di sosta fronte l’occupazione di Vico G. Oberdan viste le ridotte dimensioni della carreggiata, tratto compreso tra il civ. 29 e via Vaccarella, con restringimento carreggiata su quest’ultima;<br> 2. L’istante avrà cura di presenziare la strada per preservare la circolazione stradale in prossimità del restringimento carreggiata, utilizzando idonea segnaletica stradale temporanea e di cantiere, consentendo il transito in sicurezza dei pedoni sul lato opposto; 3. Tutti i provvedimenti in contrasto con la presente sono momentaneamente e provvisoriamente sospesi e divengono nuovamente efficaci all’esaurimento dei termini previsti dal presente disposto;]]></description>
      <styleUrl>#icon-1541-E65100</styleUrl>
      <Point>
        <coordinates>
          16.864218,41.0737302,0
        </coordinates>
      </Point>
    </Placemark>
    <Placemark>
      <name>Via Ulpiani (INTEGRAZIONE 00243)</name>
      <description><![CDATA[Ordinanza: 2026/00566<br><br>https://drive.google.com/file/d/1zT5ObK0Fqkz0r-8jbXoV2Y-zAbJCECxS/view<br><br>INTEGRAZIONE ORDINANZA N 2026/00243 DEL 14.1.2026 DI ISTITUZIONE<br>TEMPORANEAMENTE DEL DIVIETO DI SOSTA E RESTRINGIMENTO<br>CARREGGIATA SU VIA POSTIGLIONE DA VIA DEI MILLE A VIA AMENDOLA,<br>VIA AMENDOLA DA VIA POSTIGLIONE A CIV. 8 DI VIA AMENDOLA, VIA<br>OMODEO DA VIA AMENDOLA A VIA FORTUNATO, VIA CELSO ULPIANI DA<br>VIA AMENDOLA A VIA RE DAVID,VIA GIUSTINO FORTUNATO DA VIA<br>OMODEO AL CIV. 4 DI VIA FORTUNATO DALLA DATA DI EMANAZIONE DELLA<br>PRESENTE ORDINANZA AL 16 MARZO 2026 DALLE ORE 07:00 ALLE ORE<br>12:00 PER LAVORI DI RIPRISTINO SEDE STRADALE.<br>IMPRESA: DMF COSTRUZIONI S.R.L.<br>ISTANTE: LOSACCO LUIGI (LEGALE RAPPRESENTANTE DELLA DMF<br>COSTRUZIONI S.R.L.)<br><br>Durata e tempistiche: 03/02/2026 - 16/03/2026]]></description>
      <styleUrl>#line-E65100-2744</styleUrl>
      <LineString>
        <tessellate>1</tessellate>
        <coordinates>
          16.8817536,41.1126578,0
          16.8805466,41.1120395,0
          16.8798761,41.1117808,0
          16.8795489,41.1116595,0
          16.8794791,41.1115908,0
          16.8795274,41.1108674,0
          16.879522,41.110641,0
          16.8794147,41.1104915,0
          16.8788729,41.1104591,0
          16.877446,41.1104228,0
          16.8770544,41.1103904,0
          16.8766682,41.1103702,0
        </coordinates>
      </LineString>
    </Placemark>
    <Placemark>
      <name>Via G. Fortunato</name>
      <description><![CDATA[Ordinanza: 2026/00566<br><br>https://drive.google.com/file/d/1zT5ObK0Fqkz0r-8jbXoV2Y-zAbJCECxS/view<br><br>INTEGRAZIONE ORDINANZA N 2026/00243 DEL 14.1.2026 DI ISTITUZIONE<br>TEMPORANEAMENTE DEL DIVIETO DI SOSTA E RESTRINGIMENTO<br>CARREGGIATA SU VIA POSTIGLIONE DA VIA DEI MILLE A VIA AMENDOLA,<br>VIA AMENDOLA DA VIA POSTIGLIONE A CIV. 8 DI VIA AMENDOLA, VIA<br>OMODEO DA VIA AMENDOLA A VIA FORTUNATO, VIA CELSO ULPIANI DA<br>VIA AMENDOLA A VIA RE DAVID,VIA GIUSTINO FORTUNATO DA VIA<br>OMODEO AL CIV. 4 DI VIA FORTUNATO DALLA DATA DI EMANAZIONE DELLA<br>PRESENTE ORDINANZA AL 16 MARZO 2026 DALLE ORE 07:00 ALLE ORE<br>12:00 PER LAVORI DI RIPRISTINO SEDE STRADALE.<br>IMPRESA: DMF COSTRUZIONI S.R.L.<br>ISTANTE: LOSACCO LUIGI (LEGALE RAPPRESENTANTE DELLA DMF<br>COSTRUZIONI S.R.L.)<br><br>Durata e tempistiche: 03/02/2026 - 16/03/2026]]></description>
      <styleUrl>#line-E65100-4100</styleUrl>
      <LineString>
        <tessellate>1</tessellate>
        <coordinates>
          16.879658,41.105574,0
          16.8798049,41.1052267,0
        </coordinates>
      </LineString>
    </Placemark>
    <Placemark>
      <name>Viale Vittorio Emanuele Orlando</name>
      <description><![CDATA[2026/00584<br><br>https://drive.google.com/file/d/18tBytqiMCASNF3IAInrK6-rpYn9b9X2o/view<br><br>LAVORI DI REALIZZAZIONE DI UN SISTEMA BRT PER LA CITTÀ DI BARI - FINANZIATO DALLA UNIONE EUROPEA NEXT GENERATION EU - TRASPORTO RAPIDO DI MASSA - MISURA M2C2 - INV 4.2 DEL PNRR - CUP: J91B21002850001 ISTITUZIONE TEMPORANEA DEL RESTRINGIMENTO DI CARREGGIATA E IL DIVIETO DI FERMATA A TUTTI I VEICOLI SU VIALE EMANUELE ORLANDO, SU ENTRAMBE LE CARREGGIATE DALLA DATA DI EMANAZIONE DELLA PRESENTE ORDINANZA AL GIORNO 05.03.2026 IMPRESA ESECUTRICE: R.T.I. COBAR S.P.A. - MER MEC STE S.R.L.<br><br>a) L’istituzione del restringimento di carreggiata a tutti i veicoli su viale Emanuele Orlando, su entrambe le carreggiate.<br> b) L’istituzione del divieto di fermata a tutti i veicoli su viale Emanuele Orlando, su entrambe le carreggiate. <br>Dagli obblighi e divieti di cui al punto 2) sono esclusi: i) i veicoli al servizio, ovvero di proprietà dell’impresa esecutrice dei lavori e sue subappaltatrici; ii) i veicoli delle forze dell’ordine, dei vigili del fuoco e delle ambulanze durante l’espletamento di servizi d’istituto e di soccorso pubblico e d’emergenza; iii) i veicoli al servizio di persone con limitate o impedite capacità motorie; iv) i veicoli diretti agli accessi carrabili privati. <br><br><br>Durata e tempistiche: 05/02/2026 - 05/03/2026<br><br>Nell’ambito dei lavori per la realizzazione del sistema BRT - Bus Rapid Transit, finanziato con fondi dell’Unione Europea “Next Generation” - Trasporto rapido di massa - Misura M2C2 - Inv 4.2 del PNRR, è stata firmata un’ordinanza dirigenziale per la regolamentazione temporanea della circolazione stradale su viale Emanuele Orlando finalizzata a consentire l’avanzamento del cantiere.<br><br>Pertanto, fino al 5 marzo 2026 sono istituiti il restringimento di carreggiata e il divieto di fermata a tutti i veicoli su viale Emanuele Orlando, su entrambe le carreggiate.<br><br>Dagli obblighi e divieti sono esclusi i veicoli al servizio dell’impresa esecutrice dei lavori e sue subappaltatrici, quelli delle Forze dell’ordine, dei vigili del fuoco e delle ambulanze durante l’espletamento del loro servizio e i veicoli di soccorso pubblico e d’emergenza.]]></description>
      <styleUrl>#line-E65100-3906</styleUrl>
      <LineString>
        <tessellate>1</tessellate>
        <coordinates>
          16.844283,41.134061,0
          16.8413371,41.1334353,0
        </coordinates>
      </LineString>
    </Placemark>
    <Placemark>
      <name>restringimento carreggiata/divieto di sosta</name>
      <description><![CDATA[2026/00584<br><br>https://drive.google.com/file/d/18tBytqiMCASNF3IAInrK6-rpYn9b9X2o/view<br><br>LAVORI DI REALIZZAZIONE DI UN SISTEMA BRT PER LA CITTÀ DI BARI - FINANZIATO DALLA UNIONE EUROPEA NEXT GENERATION EU - TRASPORTO RAPIDO DI MASSA - MISURA M2C2 - INV 4.2 DEL PNRR - CUP: J91B21002850001 ISTITUZIONE TEMPORANEA DEL RESTRINGIMENTO DI CARREGGIATA E IL DIVIETO DI FERMATA A TUTTI I VEICOLI SU VIALE EMANUELE ORLANDO, SU ENTRAMBE LE CARREGGIATE DALLA DATA DI EMANAZIONE DELLA PRESENTE ORDINANZA AL GIORNO 05.03.2026 IMPRESA ESECUTRICE: R.T.I. COBAR S.P.A. - MER MEC STE S.R.L.<br><br>a) L’istituzione del restringimento di carreggiata a tutti i veicoli su viale Emanuele Orlando, su entrambe le carreggiate.<br> b) L’istituzione del divieto di fermata a tutti i veicoli su viale Emanuele Orlando, su entrambe le carreggiate. <br>Dagli obblighi e divieti di cui al punto 2) sono esclusi: i) i veicoli al servizio, ovvero di proprietà dell’impresa esecutrice dei lavori e sue subappaltatrici; ii) i veicoli delle forze dell’ordine, dei vigili del fuoco e delle ambulanze durante l’espletamento di servizi d’istituto e di soccorso pubblico e d’emergenza; iii) i veicoli al servizio di persone con limitate o impedite capacità motorie; iv) i veicoli diretti agli accessi carrabili privati. <br><br><br>Durata e tempistiche: 05/02/2026 - 05/03/2026<br><br>Nell’ambito dei lavori per la realizzazione del sistema BRT - Bus Rapid Transit, finanziato con fondi dell’Unione Europea “Next Generation” - Trasporto rapido di massa - Misura M2C2 - Inv 4.2 del PNRR, è stata firmata un’ordinanza dirigenziale per la regolamentazione temporanea della circolazione stradale su viale Emanuele Orlando finalizzata a consentire l’avanzamento del cantiere.<br><br>Pertanto, fino al 5 marzo 2026 sono istituiti il restringimento di carreggiata e il divieto di fermata a tutti i veicoli su viale Emanuele Orlando, su entrambe le carreggiate.<br><br>Dagli obblighi e divieti sono esclusi i veicoli al servizio dell’impresa esecutrice dei lavori e sue subappaltatrici, quelli delle Forze dell’ordine, dei vigili del fuoco e delle ambulanze durante l’espletamento del loro servizio e i veicoli di soccorso pubblico e d’emergenza.]]></description>
      <styleUrl>#icon-1541-E65100</styleUrl>
      <Point>
        <coordinates>
          16.8432898,41.1339686,0
        </coordinates>
      </Point>
    </Placemark>
    <Placemark>
      <name>ROTONDA VIALE EUROPA: restringimento di carreggiata</name>
      <description><![CDATA[Ordinanza: 2026/00608<br><br>REGOLAMENTAZIONE TEMPORANEA DELLA CIRCOLAZIONE SU VIALE<br>EUROPA E STRADA VICINALE DEL TESORO (MUNICIPIO 3), DAL GIORNO<br>09/02/2026 AL GIORNO 31/03/2026 PER ESECUZIONE DI LAVORI DI<br>“REALIZZAZIONE DI UNA ROTATORIA STRADALE IN CORRISPONDENZA<br>DELLA BIFORCAZIONE VIALE EUROPA - STRADA VICINALE DEL TESORO”.<br>IMPRESA ESECUTRICE: COSTRUZIONI SANTORO S.R.L., CON SEDE IN<br>ALTAMURA (BA).<br>Nello specifico:<br>L’istituzione del restringimento di carreggiata a tutti i veicoli sui seguenti tratti stradali:<br>i) Viale Europa in corrispondenza dell’intersezione con strada vicinale del Tesoro e via P. La Rotella;<br>b) L’istituzione del limite massimo di velocità pari a trenta chilometri orari a tutti i veicoli in avvicinamento alle aree<br>interessate dai lavori.<br><br>Durata e tempistiche: 09/02/2026 - 31/03/2026<br><br>ULTERIORI INFORMAZIONI:<br><br>https://www.comune.bari.it/-/al-via-il-cantiere-per-la-realizzazione-di-una-rotatoria-tra-viale-europa-e-strada-vicinale-del-tesoro]]></description>
      <styleUrl>#icon-1541-E65100</styleUrl>
      <Point>
        <coordinates>
          16.8249744,41.124303,0
        </coordinates>
      </Point>
    </Placemark>
    <Placemark>
      <name>Via Marsala</name>
      <description><![CDATA[Ordinanza: 2026/00609<br><br>https://drive.google.com/file/d/18Tgxz-8CbVEI-TUAwRxP9hjawA0NKpFT/view<br><br>ORDINANZA PER ISTITUIRE TEMPORANEAMENTE UNA CHIUSURA AL<br>TRANSITO VEICOLARE SU VIA MARSALA CIVV 7-9 PER POSIZIONAMENTO<br>CASSONE RIFIUTI PER OPERAZIONE DI MANUTENZIONE STRAORDINARIA<br>ALL’EDIFICIO IVI UBICATO<br>ISTANTE: SIG. RA FACCILONGO ROSITA<br><br>Durata e tempistiche: 01/02/2026 - 31/12/2026 DALLE ORE 07:00 ALLE ORE 13:00.]]></description>
      <styleUrl>#line-E65100-3906</styleUrl>
      <LineString>
        <tessellate>1</tessellate>
        <coordinates>
          16.8666282,41.0719876,0
          16.868098,41.0715993,0
        </coordinates>
      </LineString>
    </Placemark>
    <Placemark>
      <name>DIVIETO DI TRANSITO</name>
      <description><![CDATA[Ordinanza: 2026/00609<br><br>https://drive.google.com/file/d/18Tgxz-8CbVEI-TUAwRxP9hjawA0NKpFT/view<br><br>ORDINANZA PER ISTITUIRE TEMPORANEAMENTE UNA CHIUSURA AL<br>TRANSITO VEICOLARE SU VIA MARSALA CIVV 7-9 PER POSIZIONAMENTO<br>CASSONE RIFIUTI PER OPERAZIONE DI MANUTENZIONE STRAORDINARIA<br>ALL’EDIFICIO IVI UBICATO<br>ISTANTE: SIG. RA FACCILONGO ROSITA<br><br>Durata e tempistiche: 01/02/2026 - 31/12/2026 DALLE ORE 07:00 ALLE ORE 13:00.]]></description>
      <styleUrl>#icon-1541-E65100</styleUrl>
      <Point>
        <coordinates>
          16.8667247,41.0720482,0
        </coordinates>
      </Point>
    </Placemark>
    <Placemark>
      <name>BRT: Via Natale Loiacono</name>
      <description><![CDATA[Ordinanza: 2026/00621<br><br>https://drive.google.com/file/d/1D5Gio6af4VFtkR_i1DIEdPxnORR7AIgz/view<br><br>LAVORI DI REALIZZAZIONE DI UN SISTEMA BRT PER LA CITTÀ DI BARI -<br>FINANZIATO DALLA UNIONE EUROPEA NEXT GENERATION EU -<br>TRASPORTO RAPIDO DI MASSA - MISURA M2C2 - INV 4.2 DEL PNRR - CUP:<br>J91B21002850001<br>REGOLAMENTAZIONE TEMPORANEA DELLA CIRCOLAZIONE STRADALE SU<br>VIA NATALE LOIACONO<br>IMPRESA ESECUTRICE: R.T.I. COBAR S.P.A. - MER MEC STE S.R.L.<br>Nello specifico: <br><br>a) L’istituzione del restringimento di carreggiata a tutti i veicoli su:<br>i) via Natale Loiacono.<br>b) L’istituzione del divieto di fermata a tutti i veicoli su:<br>i) via Natale Loiacono, ambo i lati;<br>c) L’istituzione del senso unico di marcia, a tutti i veicoli su:<br>i) via Natale Loiacono, nella direzione di marcia che va da Via Paolo Aquilino verso via Caldarola;<br>d) L’istituzione dell’obbligo di proseguire diritto e svoltare a sinistra a tutti i veicoli su:<br>i) Via Caldarola, in corrispondenza dell’intersezione con via Natale Loiacono, per la corrente di traffico<br>proveniente da via Toscanini;<br>e) L’istituzione dell’obbligo di proseguire diritto e svoltare a destra a tutti i veicoli su:<br>i) Via Caldarola, in corrispondenza dell’intersezione con via Natale Loiacono, per la corrente di traffico<br>proveniente da via Magna Grecia;<br>f) L’istituzione dell’obbligo di svoltare a destra a tutti i veicoli su:<br><br>i) Via Francesco Pascazio, in corrispondenza dell’intersezione con via Natale Loiacono;<br>ii) Via Lorenzo D’Avanzo, in corrispondenza dell’intersezione con via Natale Loiacono, per la corrente di<br>traffico proveniente da via Carabellese;<br>g) L’istituzione dell’obbligo di svoltare a sinistra a tutti i veicoli in uscita dall’ipermercato “Mongolfiera” su via Natale<br>Loiacono<br>h) L’istituzione del senso vietato a tutti i veicoli su:<br>i) Via Natale Loiacono, in corrispondenza dell’intersezione con Caldarola, per la corrente di traffico<br>proveniente da via Giuseppe Prezzolini;<br>i) L’istituzione del limite massimo di velocità pari a trenta chilometri orari a tutti i veicoli in avvicinamento alle aree<br>interessate dai lavori.<br><br>Duarata e Tempistiche:  10/02/2026 - 09/03/2026]]></description>
      <styleUrl>#line-E65100-3519</styleUrl>
      <LineString>
        <tessellate>1</tessellate>
        <coordinates>
          16.9124061,41.1075123,0
          16.9119608,41.1068979,0
          16.911721,41.106606,0
          16.9115746,41.1066918,0
          16.9114298,41.1066635,0
          16.911433,41.10659,0
          16.911384,41.106558,0
          16.91101,41.106049,0
          16.9089836,41.1029609,0
        </coordinates>
      </LineString>
    </Placemark>
    <Placemark>
      <name>BRT: RESTRINGIMENTO DI CARREGGIATA/DIVIETO DI FERMATA</name>
      <description><![CDATA[Ordinanza: 2026/00621<br><br>https://drive.google.com/file/d/1D5Gio6af4VFtkR_i1DIEdPxnORR7AIgz/view<br><br>LAVORI DI REALIZZAZIONE DI UN SISTEMA BRT PER LA CITTÀ DI BARI -<br>FINANZIATO DALLA UNIONE EUROPEA NEXT GENERATION EU -<br>TRASPORTO RAPIDO DI MASSA - MISURA M2C2 - INV 4.2 DEL PNRR - CUP:<br>J91B21002850001<br>REGOLAMENTAZIONE TEMPORANEA DELLA CIRCOLAZIONE STRADALE SU<br>VIA NATALE LOIACONO<br>IMPRESA ESECUTRICE: R.T.I. COBAR S.P.A. - MER MEC STE S.R.L.<br>Nello specifico: <br><br>a) L’istituzione del restringimento di carreggiata a tutti i veicoli su:<br>i) via Natale Loiacono.<br>b) L’istituzione del divieto di fermata a tutti i veicoli su:<br>i) via Natale Loiacono, ambo i lati;<br>c) L’istituzione del senso unico di marcia, a tutti i veicoli su:<br>i) via Natale Loiacono, nella direzione di marcia che va da Via Paolo Aquilino verso via Caldarola;<br>d) L’istituzione dell’obbligo di proseguire diritto e svoltare a sinistra a tutti i veicoli su:<br>i) Via Caldarola, in corrispondenza dell’intersezione con via Natale Loiacono, per la corrente di traffico<br>proveniente da via Toscanini;<br>e) L’istituzione dell’obbligo di proseguire diritto e svoltare a destra a tutti i veicoli su:<br>i) Via Caldarola, in corrispondenza dell’intersezione con via Natale Loiacono, per la corrente di traffico<br>proveniente da via Magna Grecia;<br>f) L’istituzione dell’obbligo di svoltare a destra a tutti i veicoli su:<br><br>i) Via Francesco Pascazio, in corrispondenza dell’intersezione con via Natale Loiacono;<br>ii) Via Lorenzo D’Avanzo, in corrispondenza dell’intersezione con via Natale Loiacono, per la corrente di<br>traffico proveniente da via Carabellese;<br>g) L’istituzione dell’obbligo di svoltare a sinistra a tutti i veicoli in uscita dall’ipermercato “Mongolfiera” su via Natale<br>Loiacono<br>h) L’istituzione del senso vietato a tutti i veicoli su:<br>i) Via Natale Loiacono, in corrispondenza dell’intersezione con Caldarola, per la corrente di traffico<br>proveniente da via Giuseppe Prezzolini;<br>i) L’istituzione del limite massimo di velocità pari a trenta chilometri orari a tutti i veicoli in avvicinamento alle aree<br>interessate dai lavori.<br><br>Duarata e Tempistiche: 10/02/2026 - 09/03/2026]]></description>
      <styleUrl>#icon-1541-E65100</styleUrl>
      <Point>
        <coordinates>
          16.912421,41.1074142,0
        </coordinates>
      </Point>
    </Placemark>
    <Placemark>
      <name>BRT: Piazza Massari, divieti vari</name>
      <description><![CDATA[Ordinanza: 2026/00620<br><br>https://drive.google.com/file/d/1ncPkgNWb1q6UjF69hhtNXp3Zgsd8gwGF/view<br><br>LAVORI DI REALIZZAZIONE DI UN SISTEMA BRT PER LA CITTÀ DI BARI -<br>FINANZIATO DALLA UNIONE EUROPEA NEXT GENERATION EU -<br>TRASPORTO RAPIDO DI MASSA - MISURA M2C2 - INV 4.2 DEL PNRR - CUP:<br>J91B21002850001<br>REGOLAMENTAZIONE TEMPORANEA DELLA CIRCOLAZIONE STRADALE SU<br>VIA PIAZZA MASSARI <br>IMPRESA ESECUTRICE: R.T.I. COBAR S.P.A. - MER MEC STE S.R.L.<br>Nello specifico: <br>a) L’istituzione del senso unico di marcia, a tutti i veicoli su:<br>i) Piazza Massari, nel tratto stradale compreso tra Corso Vittorio Veneto e via S. Francesco D’Assisi nella<br>direzione di marcia che va da Corso Vittorio Veneto verso via S. Francesco D’Assisi;<br>b) L’istituzione del restringimento di carreggiata a tutti i veicoli su:<br>i) Piazza Massari, nel tratto stradale compreso tra Corso Vittorio Veneto e via S. Francesco D’Assisi;<br>ii) Piazza Massari, nel tratto stradale compreso tra via S. Francesco D’Assisi e Corso Vittorio Emanuele, per la<br>carreggiata che percorre la corrente di traffico che va da via S. Francesco D’Assisi verso Corso Vittorio<br>Emanuele;<br>c) L’istituzione del divieto di fermata a tutti i veicoli su:<br>i) Piazza Massari, nel tratto stradale compreso tra Corso Vittorio Veneto e via S. Francesco D’Assisi;<br>ii) Piazza Massari, nel tratto stradale compreso tra via S. Francesco D’Assisi e Corso Vittorio Emanuele, per la<br>carreggiata che percorre la corrente di traffico che va da via S. Francesco D’Assisi verso Corso Vittorio<br>Emanuele;<br>d) L’istituzione dell’obbligo di proseguire diritto e svoltare a sinistra a tutti i veicoli su:<br>i) Via S. Francesco D’Assisi, in corrispondenza dell’intersezione con Piazza Massari, per la corrente di traffico<br>proveniente da Piazza Federico II di Svevia;<br>e) L’istituzione dell’obbligo di proseguire diritto e svoltare a destra a tutti i veicoli su:<br>i) Via S. Francesco D’Assisi, in corrispondenza dell’intersezione con Piazza Massari, per la corrente di traffico<br>proveniente da via Napoli;<br>f) L’istituzione dell’obbligo di svoltare a destra a tutti i veicoli provenienti da via Giovanni Palatucci (Questura di<br>Bari)<br>g) L’istituzione del senso vietato a tutti i veicoli su:<br>i) Piazza Massari, in corrispondenza dell’intersezione con via San Francesco D’Assisi, per la corrente di traffico<br>proveniente da Corso Vittorio Emanuele;<br>Durata e Tempistiche: 11.02.2026 - 09.04.2026]]></description>
      <styleUrl>#icon-1541-E65100</styleUrl>
      <Point>
        <coordinates>
          16.8661883,41.1267901,0
        </coordinates>
      </Point>
    </Placemark>
    <Placemark>
      <name>Viale Archimede/Via Appulo Guglielmo/Via Giustina Rocca </name>
      <description><![CDATA[2026/00619 <br><br>https://drive.google.com/file/d/10nN5Hh0pYjd-Ucv5-1rbfVoNXRi1ZVET/view<br><br>ACCORDO QUADRO:L24012 – PROCEDURA APERTA EX ART. 71 D.LGS. 36/2023, TRIENNALE, PER LAVORI DI ADEGUAMENTO, RIQUALIFICAZIONE E SISTEMAZIONE DELLE STRADE E DEI MARCIAPIEDI, DIVISO IN CINQUE LOTTI (MUNICIPI 1, 2, 3, 4, 5), ANNUALITÀ 2024/2025/2026.LOTTO 1 - MUNICIPIO 1 - CIG A.Q.:B 3EAE56C99 CONTRATTO ATTUATIVO 1 – CUP: J97H24002010004 – CIG: B96FB579E0 – DETERMINA DI AFFIDAMENTO DD 01065/2026 DEL 23/12/2025 CONTRATTO ATTUATIVO 2 – CUP: J97H24002020004 – CIG: B9702B4D6C – DETERMINA DI AFFIDAMENTO DD 01068/2026 DEL 29/12/2025 CONTRATTO ATTUATIVO 3 – CUP: J97H24002030004 – CIG: B97060AE2A – DETERMINA DI AFFIDAMENTO DD 01067/2026 DEL 29/12/2025 REGOLAMENTAZIONE ALLA CIRCOLAZIONE DAL 10/02/2026 PER 365 GIORNI SU:- VIALE ARCHIMEDE (TRAVERSE E AREE A PARCHEGGIO) - VIA APPULO GUGLIELMO (TRAVERSE E AREE A PARCHEGGIO)- VIA GIUSTINA ROCCA- STRADA PANTALEO- AREA ADIACENTE AL PARCO MAUGERI (CORSO G. MAZZINI ANGOLO VIA A. GARIBALDI)- VIA SAN GIORGIO .IMPRESA ESECUTRICE: SCAF – SOCIETÀ COOPERATIVA APPALTATORI FOGGIA VIA STEFANO CAVALIERE 23 – 71121 FOGGIA (FG) PEC: SCAF@PEC.CONFCOOPERATIVE.IT<br><br>1) Divieto di sosta con rimozione forzata ambo i lati, Deroga al divieto di sosta, Restringimento di carreggiata Autorizzazione in deroga all’Ordinanza Sindacale n. 2322 del 20/03/1991, al transito all’interno del perimetro individuato dalla stessa: Via B. Regina – Via B. Bari – Via Capruzzi – Via Oberdan – Via Di Vagno - Lungomare A. Di Crollalanza – P.zza IV Novembre – C.so V. Emanuele al veicolo con portata superiore ai 35 ql. al servizio dell’impresa esecutrice dei lavori su: <br>- Viale Archimede (esclusivamente tutte le traverse e le aree di parcheggio prospicienti) <br> Via Appulo Guglielmo (esclusivamente tutte le traverse e le aree di parcheggio prospicienti) <br>Via Giustina Rocca (intero tratto compreso tra Viale Archimede e Via Giorgio La Pira, incluso il tratto trasversale avente la medesima denominazione e i tratti perpendicolari a Via Giorgio La Pira) <br>Strada Pantaleo (tratto compreso tra Via Alfredo Giovine e il civico 15) <br>Area adiacente al Parco Maugeri (tutta l’area delimitata da Via Francesco Zampari, Corso G. Mazzini, Via A. Garibaldi e il Parco Maugeri) <br>Via San Giorgio (intera strada, delimitata tra la Strada detta della Marina e Via Michelangelo Interesse, incluso l’incrocio con Via Michelangelo Interesse) Il divieto di cui ai punto 1) dovrà essere adeguatamente segnalato mediante posizionamento di segnaletica mobile di preavviso da parte dell’impresa esecutrice, almeno 48 ore prima dell’intervento. <br><br><br>Durata e tempistiche: 10/02/2026 - 10/02/2027]]></description>
      <styleUrl>#line-E65100-4488</styleUrl>
      <LineString>
        <tessellate>1</tessellate>
        <coordinates>
          16.8996548,41.1059643,0
          16.8992686,41.1053176,0
          16.9007384,41.1047032,0
          16.8986785,41.1015906,0
          16.9007277,41.104687,0
          16.9056093,41.1028518,0
          16.903485,41.099618,0
        </coordinates>
      </LineString>
    </Placemark>
    <Placemark>
      <name>restringimento carreggiata/divieto di sosta</name>
      <description><![CDATA[2026/00619 <br><br>https://drive.google.com/file/d/10nN5Hh0pYjd-Ucv5-1rbfVoNXRi1ZVET/view<br><br>ACCORDO QUADRO:L24012 – PROCEDURA APERTA EX ART. 71 D.LGS. 36/2023, TRIENNALE, PER LAVORI DI ADEGUAMENTO, RIQUALIFICAZIONE E SISTEMAZIONE DELLE STRADE E DEI MARCIAPIEDI, DIVISO IN CINQUE LOTTI (MUNICIPI 1, 2, 3, 4, 5), ANNUALITÀ 2024/2025/2026.LOTTO 1 - MUNICIPIO 1 - CIG A.Q.:B 3EAE56C99 CONTRATTO ATTUATIVO 1 – CUP: J97H24002010004 – CIG: B96FB579E0 – DETERMINA DI AFFIDAMENTO DD 01065/2026 DEL 23/12/2025 CONTRATTO ATTUATIVO 2 – CUP: J97H24002020004 – CIG: B9702B4D6C – DETERMINA DI AFFIDAMENTO DD 01068/2026 DEL 29/12/2025 CONTRATTO ATTUATIVO 3 – CUP: J97H24002030004 – CIG: B97060AE2A – DETERMINA DI AFFIDAMENTO DD 01067/2026 DEL 29/12/2025 REGOLAMENTAZIONE ALLA CIRCOLAZIONE DAL 10/02/2026 PER 365 GIORNI SU:- VIALE ARCHIMEDE (TRAVERSE E AREE A PARCHEGGIO) - VIA APPULO GUGLIELMO (TRAVERSE E AREE A PARCHEGGIO)- VIA GIUSTINA ROCCA- STRADA PANTALEO- AREA ADIACENTE AL PARCO MAUGERI (CORSO G. MAZZINI ANGOLO VIA A. GARIBALDI)- VIA SAN GIORGIO .IMPRESA ESECUTRICE: SCAF – SOCIETÀ COOPERATIVA APPALTATORI FOGGIA VIA STEFANO CAVALIERE 23 – 71121 FOGGIA (FG) PEC: SCAF@PEC.CONFCOOPERATIVE.IT<br><br>1) Divieto di sosta con rimozione forzata ambo i lati, Deroga al divieto di sosta, Restringimento di carreggiata Autorizzazione in deroga all’Ordinanza Sindacale n. 2322 del 20/03/1991, al transito all’interno del perimetro individuato dalla stessa: Via B. Regina – Via B. Bari – Via Capruzzi – Via Oberdan – Via Di Vagno - Lungomare A. Di Crollalanza – P.zza IV Novembre – C.so V. Emanuele al veicolo con portata superiore ai 35 ql. al servizio dell’impresa esecutrice dei lavori su: <br>- Viale Archimede (esclusivamente tutte le traverse e le aree di parcheggio prospicienti) <br> Via Appulo Guglielmo (esclusivamente tutte le traverse e le aree di parcheggio prospicienti) <br>Via Giustina Rocca (intero tratto compreso tra Viale Archimede e Via Giorgio La Pira, incluso il tratto trasversale avente la medesima denominazione e i tratti perpendicolari a Via Giorgio La Pira) <br>Strada Pantaleo (tratto compreso tra Via Alfredo Giovine e il civico 15) <br>Area adiacente al Parco Maugeri (tutta l’area delimitata da Via Francesco Zampari, Corso G. Mazzini, Via A. Garibaldi e il Parco Maugeri) <br>Via San Giorgio (intera strada, delimitata tra la Strada detta della Marina e Via Michelangelo Interesse, incluso l’incrocio con Via Michelangelo Interesse) Il divieto di cui ai punto 1) dovrà essere adeguatamente segnalato mediante posizionamento di segnaletica mobile di preavviso da parte dell’impresa esecutrice, almeno 48 ore prima dell’intervento. <br><br><br>Durata e tempistiche: 10/02/2026 - 10/02/2027]]></description>
      <styleUrl>#icon-1541-E65100</styleUrl>
      <Point>
        <coordinates>
          16.9011799,41.1038219,0
        </coordinates>
      </Point>
    </Placemark>
    <Placemark>
      <name>strada pantaleo</name>
      <description><![CDATA[2026/00619 <br><br>https://drive.google.com/file/d/10nN5Hh0pYjd-Ucv5-1rbfVoNXRi1ZVET/view<br><br>ACCORDO QUADRO:L24012 – PROCEDURA APERTA EX ART. 71 D.LGS. 36/2023, TRIENNALE, PER LAVORI DI ADEGUAMENTO, RIQUALIFICAZIONE E SISTEMAZIONE DELLE STRADE E DEI MARCIAPIEDI, DIVISO IN CINQUE LOTTI (MUNICIPI 1, 2, 3, 4, 5), ANNUALITÀ 2024/2025/2026.LOTTO 1 - MUNICIPIO 1 - CIG A.Q.:B 3EAE56C99 CONTRATTO ATTUATIVO 1 – CUP: J97H24002010004 – CIG: B96FB579E0 – DETERMINA DI AFFIDAMENTO DD 01065/2026 DEL 23/12/2025 CONTRATTO ATTUATIVO 2 – CUP: J97H24002020004 – CIG: B9702B4D6C – DETERMINA DI AFFIDAMENTO DD 01068/2026 DEL 29/12/2025 CONTRATTO ATTUATIVO 3 – CUP: J97H24002030004 – CIG: B97060AE2A – DETERMINA DI AFFIDAMENTO DD 01067/2026 DEL 29/12/2025 REGOLAMENTAZIONE ALLA CIRCOLAZIONE DAL 10/02/2026 PER 365 GIORNI SU:- VIALE ARCHIMEDE (TRAVERSE E AREE A PARCHEGGIO) - VIA APPULO GUGLIELMO (TRAVERSE E AREE A PARCHEGGIO)- VIA GIUSTINA ROCCA- STRADA PANTALEO- AREA ADIACENTE AL PARCO MAUGERI (CORSO G. MAZZINI ANGOLO VIA A. GARIBALDI)- VIA SAN GIORGIO .IMPRESA ESECUTRICE: SCAF – SOCIETÀ COOPERATIVA APPALTATORI FOGGIA VIA STEFANO CAVALIERE 23 – 71121 FOGGIA (FG) PEC: SCAF@PEC.CONFCOOPERATIVE.IT<br><br>1) Divieto di sosta con rimozione forzata ambo i lati, Deroga al divieto di sosta, Restringimento di carreggiata Autorizzazione in deroga all’Ordinanza Sindacale n. 2322 del 20/03/1991, al transito all’interno del perimetro individuato dalla stessa: Via B. Regina – Via B. Bari – Via Capruzzi – Via Oberdan – Via Di Vagno - Lungomare A. Di Crollalanza – P.zza IV Novembre – C.so V. Emanuele al veicolo con portata superiore ai 35 ql. al servizio dell’impresa esecutrice dei lavori su: <br>- Viale Archimede (esclusivamente tutte le traverse e le aree di parcheggio prospicienti) <br> Via Appulo Guglielmo (esclusivamente tutte le traverse e le aree di parcheggio prospicienti) <br>Via Giustina Rocca (intero tratto compreso tra Viale Archimede e Via Giorgio La Pira, incluso il tratto trasversale avente la medesima denominazione e i tratti perpendicolari a Via Giorgio La Pira) <br>Strada Pantaleo (tratto compreso tra Via Alfredo Giovine e il civico 15) <br>Area adiacente al Parco Maugeri (tutta l’area delimitata da Via Francesco Zampari, Corso G. Mazzini, Via A. Garibaldi e il Parco Maugeri) <br>Via San Giorgio (intera strada, delimitata tra la Strada detta della Marina e Via Michelangelo Interesse, incluso l’incrocio con Via Michelangelo Interesse) Il divieto di cui ai punto 1) dovrà essere adeguatamente segnalato mediante posizionamento di segnaletica mobile di preavviso da parte dell’impresa esecutrice, almeno 48 ore prima dell’intervento. <br><br><br>Durata e tempistiche: 10/02/2026 - 10/02/2027]]></description>
      <styleUrl>#line-E65100-3519</styleUrl>
      <LineString>
        <tessellate>1</tessellate>
        <coordinates>
          16.9504339,41.1006524,0
          16.949758,41.0993184,0
        </coordinates>
      </LineString>
    </Placemark>
    <Placemark>
      <name>restringimento carreggiata/divieto di sosta</name>
      <description><![CDATA[2026/00619 <br><br>https://drive.google.com/file/d/10nN5Hh0pYjd-Ucv5-1rbfVoNXRi1ZVET/view<br><br>ACCORDO QUADRO:L24012 – PROCEDURA APERTA EX ART. 71 D.LGS. 36/2023, TRIENNALE, PER LAVORI DI ADEGUAMENTO, RIQUALIFICAZIONE E SISTEMAZIONE DELLE STRADE E DEI MARCIAPIEDI, DIVISO IN CINQUE LOTTI (MUNICIPI 1, 2, 3, 4, 5), ANNUALITÀ 2024/2025/2026.LOTTO 1 - MUNICIPIO 1 - CIG A.Q.:B 3EAE56C99 CONTRATTO ATTUATIVO 1 – CUP: J97H24002010004 – CIG: B96FB579E0 – DETERMINA DI AFFIDAMENTO DD 01065/2026 DEL 23/12/2025 CONTRATTO ATTUATIVO 2 – CUP: J97H24002020004 – CIG: B9702B4D6C – DETERMINA DI AFFIDAMENTO DD 01068/2026 DEL 29/12/2025 CONTRATTO ATTUATIVO 3 – CUP: J97H24002030004 – CIG: B97060AE2A – DETERMINA DI AFFIDAMENTO DD 01067/2026 DEL 29/12/2025 REGOLAMENTAZIONE ALLA CIRCOLAZIONE DAL 10/02/2026 PER 365 GIORNI SU:- VIALE ARCHIMEDE (TRAVERSE E AREE A PARCHEGGIO) - VIA APPULO GUGLIELMO (TRAVERSE E AREE A PARCHEGGIO)- VIA GIUSTINA ROCCA- STRADA PANTALEO- AREA ADIACENTE AL PARCO MAUGERI (CORSO G. MAZZINI ANGOLO VIA A. GARIBALDI)- VIA SAN GIORGIO .IMPRESA ESECUTRICE: SCAF – SOCIETÀ COOPERATIVA APPALTATORI FOGGIA VIA STEFANO CAVALIERE 23 – 71121 FOGGIA (FG) PEC: SCAF@PEC.CONFCOOPERATIVE.IT<br><br>1) Divieto di sosta con rimozione forzata ambo i lati, Deroga al divieto di sosta, Restringimento di carreggiata Autorizzazione in deroga all’Ordinanza Sindacale n. 2322 del 20/03/1991, al transito all’interno del perimetro individuato dalla stessa: Via B. Regina – Via B. Bari – Via Capruzzi – Via Oberdan – Via Di Vagno - Lungomare A. Di Crollalanza – P.zza IV Novembre – C.so V. Emanuele al veicolo con portata superiore ai 35 ql. al servizio dell’impresa esecutrice dei lavori su: <br>- Viale Archimede (esclusivamente tutte le traverse e le aree di parcheggio prospicienti) <br> Via Appulo Guglielmo (esclusivamente tutte le traverse e le aree di parcheggio prospicienti) <br>Via Giustina Rocca (intero tratto compreso tra Viale Archimede e Via Giorgio La Pira, incluso il tratto trasversale avente la medesima denominazione e i tratti perpendicolari a Via Giorgio La Pira) <br>Strada Pantaleo (tratto compreso tra Via Alfredo Giovine e il civico 15) <br>Area adiacente al Parco Maugeri (tutta l’area delimitata da Via Francesco Zampari, Corso G. Mazzini, Via A. Garibaldi e il Parco Maugeri) <br>Via San Giorgio (intera strada, delimitata tra la Strada detta della Marina e Via Michelangelo Interesse, incluso l’incrocio con Via Michelangelo Interesse) Il divieto di cui ai punto 1) dovrà essere adeguatamente segnalato mediante posizionamento di segnaletica mobile di preavviso da parte dell’impresa esecutrice, almeno 48 ore prima dell’intervento. <br><br><br>Durata e tempistiche: 10/02/2026 - 10/02/2027]]></description>
      <styleUrl>#icon-1541-E65100</styleUrl>
      <Point>
        <coordinates>
          16.9501929,41.0999317,0
        </coordinates>
      </Point>
    </Placemark>
    <Placemark>
      <name>Parco Maugeri</name>
      <description><![CDATA[2026/00619 <br><br>https://drive.google.com/file/d/10nN5Hh0pYjd-Ucv5-1rbfVoNXRi1ZVET/view<br><br>ACCORDO QUADRO:L24012 – PROCEDURA APERTA EX ART. 71 D.LGS. 36/2023, TRIENNALE, PER LAVORI DI ADEGUAMENTO, RIQUALIFICAZIONE E SISTEMAZIONE DELLE STRADE E DEI MARCIAPIEDI, DIVISO IN CINQUE LOTTI (MUNICIPI 1, 2, 3, 4, 5), ANNUALITÀ 2024/2025/2026.LOTTO 1 - MUNICIPIO 1 - CIG A.Q.:B 3EAE56C99 CONTRATTO ATTUATIVO 1 – CUP: J97H24002010004 – CIG: B96FB579E0 – DETERMINA DI AFFIDAMENTO DD 01065/2026 DEL 23/12/2025 CONTRATTO ATTUATIVO 2 – CUP: J97H24002020004 – CIG: B9702B4D6C – DETERMINA DI AFFIDAMENTO DD 01068/2026 DEL 29/12/2025 CONTRATTO ATTUATIVO 3 – CUP: J97H24002030004 – CIG: B97060AE2A – DETERMINA DI AFFIDAMENTO DD 01067/2026 DEL 29/12/2025 REGOLAMENTAZIONE ALLA CIRCOLAZIONE DAL 10/02/2026 PER 365 GIORNI SU:- VIALE ARCHIMEDE (TRAVERSE E AREE A PARCHEGGIO) - VIA APPULO GUGLIELMO (TRAVERSE E AREE A PARCHEGGIO)- VIA GIUSTINA ROCCA- STRADA PANTALEO- AREA ADIACENTE AL PARCO MAUGERI (CORSO G. MAZZINI ANGOLO VIA A. GARIBALDI)- VIA SAN GIORGIO .IMPRESA ESECUTRICE: SCAF – SOCIETÀ COOPERATIVA APPALTATORI FOGGIA VIA STEFANO CAVALIERE 23 – 71121 FOGGIA (FG) PEC: SCAF@PEC.CONFCOOPERATIVE.IT<br><br>1) Divieto di sosta con rimozione forzata ambo i lati, Deroga al divieto di sosta, Restringimento di carreggiata Autorizzazione in deroga all’Ordinanza Sindacale n. 2322 del 20/03/1991, al transito all’interno del perimetro individuato dalla stessa: Via B. Regina – Via B. Bari – Via Capruzzi – Via Oberdan – Via Di Vagno - Lungomare A. Di Crollalanza – P.zza IV Novembre – C.so V. Emanuele al veicolo con portata superiore ai 35 ql. al servizio dell’impresa esecutrice dei lavori su: <br>- Viale Archimede (esclusivamente tutte le traverse e le aree di parcheggio prospicienti) <br> Via Appulo Guglielmo (esclusivamente tutte le traverse e le aree di parcheggio prospicienti) <br>Via Giustina Rocca (intero tratto compreso tra Viale Archimede e Via Giorgio La Pira, incluso il tratto trasversale avente la medesima denominazione e i tratti perpendicolari a Via Giorgio La Pira) <br>Strada Pantaleo (tratto compreso tra Via Alfredo Giovine e il civico 15) <br>Area adiacente al Parco Maugeri (tutta l’area delimitata da Via Francesco Zampari, Corso G. Mazzini, Via A. Garibaldi e il Parco Maugeri) <br>Via San Giorgio (intera strada, delimitata tra la Strada detta della Marina e Via Michelangelo Interesse, incluso l’incrocio con Via Michelangelo Interesse) Il divieto di cui ai punto 1) dovrà essere adeguatamente segnalato mediante posizionamento di segnaletica mobile di preavviso da parte dell’impresa esecutrice, almeno 48 ore prima dell’intervento. <br><br><br>Durata e tempistiche: 10/02/2026 - 10/02/2027]]></description>
      <styleUrl>#line-E65100-3906</styleUrl>
      <LineString>
        <tessellate>1</tessellate>
        <coordinates>
          16.8530913,41.1269855,0
          16.8532093,41.1254136,0
          16.855746,41.125551,0
        </coordinates>
      </LineString>
    </Placemark>
    <Placemark>
      <name>restringimento carreggiata/divieto di sosta</name>
      <description><![CDATA[2026/00619 <br><br>https://drive.google.com/file/d/10nN5Hh0pYjd-Ucv5-1rbfVoNXRi1ZVET/view<br><br>ACCORDO QUADRO:L24012 – PROCEDURA APERTA EX ART. 71 D.LGS. 36/2023, TRIENNALE, PER LAVORI DI ADEGUAMENTO, RIQUALIFICAZIONE E SISTEMAZIONE DELLE STRADE E DEI MARCIAPIEDI, DIVISO IN CINQUE LOTTI (MUNICIPI 1, 2, 3, 4, 5), ANNUALITÀ 2024/2025/2026.LOTTO 1 - MUNICIPIO 1 - CIG A.Q.:B 3EAE56C99 CONTRATTO ATTUATIVO 1 – CUP: J97H24002010004 – CIG: B96FB579E0 – DETERMINA DI AFFIDAMENTO DD 01065/2026 DEL 23/12/2025 CONTRATTO ATTUATIVO 2 – CUP: J97H24002020004 – CIG: B9702B4D6C – DETERMINA DI AFFIDAMENTO DD 01068/2026 DEL 29/12/2025 CONTRATTO ATTUATIVO 3 – CUP: J97H24002030004 – CIG: B97060AE2A – DETERMINA DI AFFIDAMENTO DD 01067/2026 DEL 29/12/2025 REGOLAMENTAZIONE ALLA CIRCOLAZIONE DAL 10/02/2026 PER 365 GIORNI SU:- VIALE ARCHIMEDE (TRAVERSE E AREE A PARCHEGGIO) - VIA APPULO GUGLIELMO (TRAVERSE E AREE A PARCHEGGIO)- VIA GIUSTINA ROCCA- STRADA PANTALEO- AREA ADIACENTE AL PARCO MAUGERI (CORSO G. MAZZINI ANGOLO VIA A. GARIBALDI)- VIA SAN GIORGIO .IMPRESA ESECUTRICE: SCAF – SOCIETÀ COOPERATIVA APPALTATORI FOGGIA VIA STEFANO CAVALIERE 23 – 71121 FOGGIA (FG) PEC: SCAF@PEC.CONFCOOPERATIVE.IT<br><br>1) Divieto di sosta con rimozione forzata ambo i lati, Deroga al divieto di sosta, Restringimento di carreggiata Autorizzazione in deroga all’Ordinanza Sindacale n. 2322 del 20/03/1991, al transito all’interno del perimetro individuato dalla stessa: Via B. Regina – Via B. Bari – Via Capruzzi – Via Oberdan – Via Di Vagno - Lungomare A. Di Crollalanza – P.zza IV Novembre – C.so V. Emanuele al veicolo con portata superiore ai 35 ql. al servizio dell’impresa esecutrice dei lavori su: <br>- Viale Archimede (esclusivamente tutte le traverse e le aree di parcheggio prospicienti) <br> Via Appulo Guglielmo (esclusivamente tutte le traverse e le aree di parcheggio prospicienti) <br>Via Giustina Rocca (intero tratto compreso tra Viale Archimede e Via Giorgio La Pira, incluso il tratto trasversale avente la medesima denominazione e i tratti perpendicolari a Via Giorgio La Pira) <br>Strada Pantaleo (tratto compreso tra Via Alfredo Giovine e il civico 15) <br>Area adiacente al Parco Maugeri (tutta l’area delimitata da Via Francesco Zampari, Corso G. Mazzini, Via A. Garibaldi e il Parco Maugeri) <br>Via San Giorgio (intera strada, delimitata tra la Strada detta della Marina e Via Michelangelo Interesse, incluso l’incrocio con Via Michelangelo Interesse) Il divieto di cui ai punto 1) dovrà essere adeguatamente segnalato mediante posizionamento di segnaletica mobile di preavviso da parte dell’impresa esecutrice, almeno 48 ore prima dell’intervento. <br><br><br>Durata e tempistiche: 10/02/2026 - 10/02/2027]]></description>
      <styleUrl>#icon-1541-E65100</styleUrl>
      <Point>
        <coordinates>
          16.8534132,41.1258203,0
        </coordinates>
      </Point>
    </Placemark>
    <Placemark>
      <name>Via San Giorgio</name>
      <description><![CDATA[2026/00619 <br><br>https://drive.google.com/file/d/10nN5Hh0pYjd-Ucv5-1rbfVoNXRi1ZVET/view<br><br>ACCORDO QUADRO:L24012 – PROCEDURA APERTA EX ART. 71 D.LGS. 36/2023, TRIENNALE, PER LAVORI DI ADEGUAMENTO, RIQUALIFICAZIONE E SISTEMAZIONE DELLE STRADE E DEI MARCIAPIEDI, DIVISO IN CINQUE LOTTI (MUNICIPI 1, 2, 3, 4, 5), ANNUALITÀ 2024/2025/2026.LOTTO 1 - MUNICIPIO 1 - CIG A.Q.:B 3EAE56C99 CONTRATTO ATTUATIVO 1 – CUP: J97H24002010004 – CIG: B96FB579E0 – DETERMINA DI AFFIDAMENTO DD 01065/2026 DEL 23/12/2025 CONTRATTO ATTUATIVO 2 – CUP: J97H24002020004 – CIG: B9702B4D6C – DETERMINA DI AFFIDAMENTO DD 01068/2026 DEL 29/12/2025 CONTRATTO ATTUATIVO 3 – CUP: J97H24002030004 – CIG: B97060AE2A – DETERMINA DI AFFIDAMENTO DD 01067/2026 DEL 29/12/2025 REGOLAMENTAZIONE ALLA CIRCOLAZIONE DAL 10/02/2026 PER 365 GIORNI SU:- VIALE ARCHIMEDE (TRAVERSE E AREE A PARCHEGGIO) - VIA APPULO GUGLIELMO (TRAVERSE E AREE A PARCHEGGIO)- VIA GIUSTINA ROCCA- STRADA PANTALEO- AREA ADIACENTE AL PARCO MAUGERI (CORSO G. MAZZINI ANGOLO VIA A. GARIBALDI)- VIA SAN GIORGIO .IMPRESA ESECUTRICE: SCAF – SOCIETÀ COOPERATIVA APPALTATORI FOGGIA VIA STEFANO CAVALIERE 23 – 71121 FOGGIA (FG) PEC: SCAF@PEC.CONFCOOPERATIVE.IT<br><br>1) Divieto di sosta con rimozione forzata ambo i lati, Deroga al divieto di sosta, Restringimento di carreggiata Autorizzazione in deroga all’Ordinanza Sindacale n. 2322 del 20/03/1991, al transito all’interno del perimetro individuato dalla stessa: Via B. Regina – Via B. Bari – Via Capruzzi – Via Oberdan – Via Di Vagno - Lungomare A. Di Crollalanza – P.zza IV Novembre – C.so V. Emanuele al veicolo con portata superiore ai 35 ql. al servizio dell’impresa esecutrice dei lavori su: <br>- Viale Archimede (esclusivamente tutte le traverse e le aree di parcheggio prospicienti) <br> Via Appulo Guglielmo (esclusivamente tutte le traverse e le aree di parcheggio prospicienti) <br>Via Giustina Rocca (intero tratto compreso tra Viale Archimede e Via Giorgio La Pira, incluso il tratto trasversale avente la medesima denominazione e i tratti perpendicolari a Via Giorgio La Pira) <br>Strada Pantaleo (tratto compreso tra Via Alfredo Giovine e il civico 15) <br>Area adiacente al Parco Maugeri (tutta l’area delimitata da Via Francesco Zampari, Corso G. Mazzini, Via A. Garibaldi e il Parco Maugeri) <br>Via San Giorgio (intera strada, delimitata tra la Strada detta della Marina e Via Michelangelo Interesse, incluso l’incrocio con Via Michelangelo Interesse) Il divieto di cui ai punto 1) dovrà essere adeguatamente segnalato mediante posizionamento di segnaletica mobile di preavviso da parte dell’impresa esecutrice, almeno 48 ore prima dell’intervento. <br><br><br>Durata e tempistiche: 10/02/2026 - 10/02/2027]]></description>
      <styleUrl>#line-E65100-4100</styleUrl>
      <LineString>
        <tessellate>1</tessellate>
        <coordinates>
          16.962067,41.096418,0
          16.9616167,41.09256,0
        </coordinates>
      </LineString>
    </Placemark>
    <Placemark>
      <name>restringimento carreggiata/divieto di sosta</name>
      <description><![CDATA[2026/00619 <br><br>https://drive.google.com/file/d/10nN5Hh0pYjd-Ucv5-1rbfVoNXRi1ZVET/view<br><br>ACCORDO QUADRO:L24012 – PROCEDURA APERTA EX ART. 71 D.LGS. 36/2023, TRIENNALE, PER LAVORI DI ADEGUAMENTO, RIQUALIFICAZIONE E SISTEMAZIONE DELLE STRADE E DEI MARCIAPIEDI, DIVISO IN CINQUE LOTTI (MUNICIPI 1, 2, 3, 4, 5), ANNUALITÀ 2024/2025/2026.LOTTO 1 - MUNICIPIO 1 - CIG A.Q.:B 3EAE56C99 CONTRATTO ATTUATIVO 1 – CUP: J97H24002010004 – CIG: B96FB579E0 – DETERMINA DI AFFIDAMENTO DD 01065/2026 DEL 23/12/2025 CONTRATTO ATTUATIVO 2 – CUP: J97H24002020004 – CIG: B9702B4D6C – DETERMINA DI AFFIDAMENTO DD 01068/2026 DEL 29/12/2025 CONTRATTO ATTUATIVO 3 – CUP: J97H24002030004 – CIG: B97060AE2A – DETERMINA DI AFFIDAMENTO DD 01067/2026 DEL 29/12/2025 REGOLAMENTAZIONE ALLA CIRCOLAZIONE DAL 10/02/2026 PER 365 GIORNI SU:- VIALE ARCHIMEDE (TRAVERSE E AREE A PARCHEGGIO) - VIA APPULO GUGLIELMO (TRAVERSE E AREE A PARCHEGGIO)- VIA GIUSTINA ROCCA- STRADA PANTALEO- AREA ADIACENTE AL PARCO MAUGERI (CORSO G. MAZZINI ANGOLO VIA A. GARIBALDI)- VIA SAN GIORGIO .IMPRESA ESECUTRICE: SCAF – SOCIETÀ COOPERATIVA APPALTATORI FOGGIA VIA STEFANO CAVALIERE 23 – 71121 FOGGIA (FG) PEC: SCAF@PEC.CONFCOOPERATIVE.IT<br><br>1) Divieto di sosta con rimozione forzata ambo i lati, Deroga al divieto di sosta, Restringimento di carreggiata Autorizzazione in deroga all’Ordinanza Sindacale n. 2322 del 20/03/1991, al transito all’interno del perimetro individuato dalla stessa: Via B. Regina – Via B. Bari – Via Capruzzi – Via Oberdan – Via Di Vagno - Lungomare A. Di Crollalanza – P.zza IV Novembre – C.so V. Emanuele al veicolo con portata superiore ai 35 ql. al servizio dell’impresa esecutrice dei lavori su: <br>- Viale Archimede (esclusivamente tutte le traverse e le aree di parcheggio prospicienti) <br> Via Appulo Guglielmo (esclusivamente tutte le traverse e le aree di parcheggio prospicienti) <br>Via Giustina Rocca (intero tratto compreso tra Viale Archimede e Via Giorgio La Pira, incluso il tratto trasversale avente la medesima denominazione e i tratti perpendicolari a Via Giorgio La Pira) <br>Strada Pantaleo (tratto compreso tra Via Alfredo Giovine e il civico 15) <br>Area adiacente al Parco Maugeri (tutta l’area delimitata da Via Francesco Zampari, Corso G. Mazzini, Via A. Garibaldi e il Parco Maugeri) <br>Via San Giorgio (intera strada, delimitata tra la Strada detta della Marina e Via Michelangelo Interesse, incluso l’incrocio con Via Michelangelo Interesse) Il divieto di cui ai punto 1) dovrà essere adeguatamente segnalato mediante posizionamento di segnaletica mobile di preavviso da parte dell’impresa esecutrice, almeno 48 ore prima dell’intervento. <br><br><br>Durata e tempistiche: 10/02/2026 - 10/02/2027]]></description>
      <styleUrl>#icon-1541-E65100</styleUrl>
      <Point>
        <coordinates>
          16.9623677,41.095055,0
        </coordinates>
      </Point>
    </Placemark>
    <Placemark>
      <name>Piazza Umberto I</name>
      <description><![CDATA[Ordinanza: 2026/00628<br><br>https://drive.google.com/file/d/1iPjnhZXGr0I2gPwDL4Va_cxKqTXXOo7J/view<br><br>ISTITUZIONE TEMPORANEA RESTRINGIMENTO CARREGGIATA, DIVIETO DI<br>SOSTA AMBO I LATI PIAZZA UMBERTO I NEL TRATTO TRA VIA PROSPERO<br>PETRONI E VIA GIUSEPPE DAVANZATI FORGES , PER LAVORI DI ALLACCIAMENTO PALAZZO LE GIARE .<br>IMPRESA: PATANO IMPIANTI & COSTRUZIONI S.R.L.<br><br>Durata e Tempistiche:  11/02/2026 - 31/03/2026 DALLE ORE 07:30 ALLE ORE 17:00]]></description>
      <styleUrl>#line-E65100-3131</styleUrl>
      <LineString>
        <tessellate>1</tessellate>
        <coordinates>
          16.870739,41.1206879,0
          16.8708302,41.1199645,0
        </coordinates>
      </LineString>
    </Placemark>
    <Placemark>
      <name>RESTRINGIMENTO CARREGGIATA</name>
      <description><![CDATA[Ordinanza: 2026/00628<br><br>https://drive.google.com/file/d/1iPjnhZXGr0I2gPwDL4Va_cxKqTXXOo7J/view<br><br>ISTITUZIONE TEMPORANEA RESTRINGIMENTO CARREGGIATA, DIVIETO DI<br>SOSTA AMBO I LATI PIAZZA UMBERTO I NEL TRATTO TRA VIA PROSPERO<br>PETRONI E VIA GIUSEPPE DAVANZATI FORGES , PER LAVORI DI ALLACCIAMENTO PALAZZO LE GIARE .<br>IMPRESA: PATANO IMPIANTI & COSTRUZIONI S.R.L.<br><br>Durata e Tempistiche: 11/02/2026 - 31/03/2026 DALLE ORE 07:30 ALLE ORE 17:00]]></description>
      <styleUrl>#icon-1541-E65100</styleUrl>
      <Point>
        <coordinates>
          16.8709053,41.1200251,0
        </coordinates>
      </Point>
    </Placemark>
    <Placemark>
      <name>Via G. Laterza</name>
      <description><![CDATA[Ordinanza: 2026/00627<br><br>https://drive.google.com/drive/folders/1o_4xwMypnO8_KMAcgkw4KDE0i085fQcS?hl=it<br><br>DIVIETO DI TRANSITO VEICOLARE E DIVIETO DI SOSTA AMBO I LATI PER<br>POSIZIONAMENTO PIATTAFORMA AEREA , IN VIA G. LATERZA CIV 67<br>TRATTO COMPRESO TRA VIA GIULIO PETRONI E VIA BUCCARI , <br>RICHIEDENTE : SIG. SCHIRONE DOMENICO<br><br>Durata e Tempistiche:  14/02/2026 ]]></description>
      <styleUrl>#line-E65100-3713</styleUrl>
      <LineString>
        <tessellate>1</tessellate>
        <coordinates>
          16.8684729,41.1123124,0
          16.8703289,41.1119972,0
        </coordinates>
      </LineString>
    </Placemark>
    <Placemark>
      <name>DIVIETO DI TRANSITO E DI SOSTA </name>
      <description><![CDATA[Ordinanza: 2026/00627<br><br>https://drive.google.com/drive/folders/1o_4xwMypnO8_KMAcgkw4KDE0i085fQcS?hl=it<br><br>DIVIETO DI TRANSITO VEICOLARE E DIVIETO DI SOSTA AMBO I LATI PER<br>POSIZIONAMENTO PIATTAFORMA AEREA , IN VIA G. LATERZA CIV 67<br>TRATTO COMPRESO TRA VIA GIULIO PETRONI E VIA BUCCARI , <br>RICHIEDENTE : SIG. SCHIRONE DOMENICO<br><br>Durata e Tempistiche: 14/02/2026 ]]></description>
      <styleUrl>#icon-1541-E65100</styleUrl>
      <Point>
        <coordinates>
          16.870227,41.112078,0
        </coordinates>
      </Point>
    </Placemark>
    <Placemark>
      <name><![CDATA[Via Unità d'Italia]]></name>
      <description><![CDATA[Ordinanza: 2026/00626<br><br>https://drive.google.com/file/d/12X20BCQ2CojTVYLPEVM3FEqXT0_-GOyr/view<br><br>ISTITUZIONE TEMPORANEA DEL RESTRINGIMENTO DI CARREGGIATA E<br>DEROGA AL DIVIETO DI FERMATA IN LOCO ISTITUITO PER I MEZZI AL<br>SERVIZIO DEL RICHIEDENTE SU VIALE UNITÀ D'ITALIA ANGOLO VIA GALIANI<br>PER IL POSIZIONAMENTO PIATTAFORMA AEREA<br>RICHIEDENTE: SIG. TRAVERSA GIUSEPPE<br><br>Durata e Tempistiche: 16/02/2026 - 28/02/2026 DALLE ORE 9.00 ALLE ORE 12.00 E DALLE ORE<br>15.00 ALLE ORE 17.00]]></description>
      <styleUrl>#icon-1541-E65100</styleUrl>
      <Point>
        <coordinates>
          16.8732817,41.1129652,0
        </coordinates>
      </Point>
    </Placemark>
    <Placemark>
      <name>Via Bovio</name>
      <description><![CDATA[2026/00623 <br><br>https://drive.google.com/file/d/1fCSnXMVLgSxhEFHzLyeKKcprUoluX3hC/view<br><br>LIMITAZIONI TEMPORANEE ALLA SOSTA VEICOLARE CON RIMOZIONE<br>FORZATA SU ENTRAMBI I LATI E RESTRINGIMENTO DI CARREGGIATA<br>FINALIZZATE AI LAVORI DI POSA CAVI INTERRATI BT – PNRR DAL GIORNO<br>19.2.2026 AL GIORNO 30.4.2026 DALLE ORE 7.00 ALLE ORE 19.00 IN VIA<br>BOVIO – TRATTO COMPRESO TRA VIA MALTA E VIA F.LLI BANDIERA, VIA<br>PR.AMEDEO – TRATTO COMPRESO TRA VIA NITTI F.SCO E VIA BRIGATA<br>BARI , VIA BRIGATA BARI – TRATTO COMPRESO TRA VIA PR.AMEDEO E VIA<br>M.PAGANO, VIA M.PAGANO – TRATTO COMPRESO TRA LARGO CRISPI E<br>VIA BRIGATA BARI, LARGO CRISPI – TRATTO COMPRESO TRA VIA<br>M.PAGANO E LA CAB.SATELLITE ENEL.<br>RICHIEDENTE: SITE SPA PER CONTO DI E-DISTRIBUZIONE<br><br><br>Sono istituiti il divieto alla sosta su entrambi i lati con rimozione forzata per tutti i veicoli ad eccezione dei mezzi a servizio dell’ impresa richiedente e il restringimento di carreggiata e senso unico alternato lasciando disponibile al transito dei veicoli una corsia di larghezza non inferiore a m. 3,25 su: <br>Via Bovio – Tratto compreso tra Via Malta e Via F.lli Bandiera <br>Via Pr.Amedeo – Tratto compreso tra Via Nitti F.sco e Via Brigata Bari <br>Via Brigata Bari – Tratto compreso tra Via Pr.Amedeo e Via M.Pagano <br>Via M.Pagano – Tratto compreso tra Largo Crispi e Via Brigata Bari <br>Largo Crispi – Tratto compreso tra Via M.Pagano e la Cab.Satellite Enel <br>Ove sia necessaria l’ occupazione di marciapiedi idoneo segnalamento di deviazione del transito pedonale dovrà essere collocato in loco e predisposto quanto previsto al punto 7 del presente dispositivo; <br><br><br>Durata e tempistiche: 19/02/2026 - 30/04/2027 07:00-19:00]]></description>
      <styleUrl>#line-E65100-4100</styleUrl>
      <LineString>
        <tessellate>1</tessellate>
        <coordinates>
          16.8542067,41.1224451,0
          16.8534611,41.1223946,0
        </coordinates>
      </LineString>
    </Placemark>
    <Placemark>
      <name>Via Pr.Amedeo/Via Brigata Bari/Via M.Pagano/Largo Crispi</name>
      <description><![CDATA[2026/00623 <br><br>https://drive.google.com/file/d/1fCSnXMVLgSxhEFHzLyeKKcprUoluX3hC/view<br><br>LIMITAZIONI TEMPORANEE ALLA SOSTA VEICOLARE CON RIMOZIONE<br>FORZATA SU ENTRAMBI I LATI E RESTRINGIMENTO DI CARREGGIATA<br>FINALIZZATE AI LAVORI DI POSA CAVI INTERRATI BT – PNRR DAL GIORNO<br>19.2.2026 AL GIORNO 30.4.2026 DALLE ORE 7.00 ALLE ORE 19.00 IN VIA<br>BOVIO – TRATTO COMPRESO TRA VIA MALTA E VIA F.LLI BANDIERA, VIA<br>PR.AMEDEO – TRATTO COMPRESO TRA VIA NITTI F.SCO E VIA BRIGATA<br>BARI , VIA BRIGATA BARI – TRATTO COMPRESO TRA VIA PR.AMEDEO E VIA<br>M.PAGANO, VIA M.PAGANO – TRATTO COMPRESO TRA LARGO CRISPI E<br>VIA BRIGATA BARI, LARGO CRISPI – TRATTO COMPRESO TRA VIA<br>M.PAGANO E LA CAB.SATELLITE ENEL.<br>RICHIEDENTE: SITE SPA PER CONTO DI E-DISTRIBUZIONE<br><br><br>Sono istituiti il divieto alla sosta su entrambi i lati con rimozione forzata per tutti i veicoli ad eccezione dei mezzi a servizio dell’ impresa richiedente e il restringimento di carreggiata e senso unico alternato lasciando disponibile al transito dei veicoli una corsia di larghezza non inferiore a m. 3,25 su: <br>Via Bovio – Tratto compreso tra Via Malta e Via F.lli Bandiera <br>Via Pr.Amedeo – Tratto compreso tra Via Nitti F.sco e Via Brigata Bari <br>Via Brigata Bari – Tratto compreso tra Via Pr.Amedeo e Via M.Pagano <br>Via M.Pagano – Tratto compreso tra Largo Crispi e Via Brigata Bari <br>Largo Crispi – Tratto compreso tra Via M.Pagano e la Cab.Satellite Enel <br>Ove sia necessaria l’ occupazione di marciapiedi idoneo segnalamento di deviazione del transito pedonale dovrà essere collocato in loco e predisposto quanto previsto al punto 7 del presente dispositivo; <br><br><br>Durata e tempistiche: 19/02/2026 - 30/04/2027 07:00-19:00]]></description>
      <styleUrl>#line-E65100-4488</styleUrl>
      <LineString>
        <tessellate>1</tessellate>
        <coordinates>
          16.8539325,41.1217611,0
          16.8519665,41.1216035,0
          16.8520308,41.1210337,0
          16.8490858,41.1208822,0
        </coordinates>
      </LineString>
    </Placemark>
    <Placemark>
      <name>divieto di sosta/restringimento carreggiata</name>
      <description><![CDATA[2026/00623 <br><br>https://drive.google.com/file/d/1fCSnXMVLgSxhEFHzLyeKKcprUoluX3hC/view<br><br>LIMITAZIONI TEMPORANEE ALLA SOSTA VEICOLARE CON RIMOZIONE<br>FORZATA SU ENTRAMBI I LATI E RESTRINGIMENTO DI CARREGGIATA<br>FINALIZZATE AI LAVORI DI POSA CAVI INTERRATI BT – PNRR DAL GIORNO<br>19.2.2026 AL GIORNO 30.4.2026 DALLE ORE 7.00 ALLE ORE 19.00 IN VIA<br>BOVIO – TRATTO COMPRESO TRA VIA MALTA E VIA F.LLI BANDIERA, VIA<br>PR.AMEDEO – TRATTO COMPRESO TRA VIA NITTI F.SCO E VIA BRIGATA<br>BARI , VIA BRIGATA BARI – TRATTO COMPRESO TRA VIA PR.AMEDEO E VIA<br>M.PAGANO, VIA M.PAGANO – TRATTO COMPRESO TRA LARGO CRISPI E<br>VIA BRIGATA BARI, LARGO CRISPI – TRATTO COMPRESO TRA VIA<br>M.PAGANO E LA CAB.SATELLITE ENEL.<br>RICHIEDENTE: SITE SPA PER CONTO DI E-DISTRIBUZIONE<br><br><br>Sono istituiti il divieto alla sosta su entrambi i lati con rimozione forzata per tutti i veicoli ad eccezione dei mezzi a servizio dell’ impresa richiedente e il restringimento di carreggiata e senso unico alternato lasciando disponibile al transito dei veicoli una corsia di larghezza non inferiore a m. 3,25 su: <br>Via Bovio – Tratto compreso tra Via Malta e Via F.lli Bandiera <br>Via Pr.Amedeo – Tratto compreso tra Via Nitti F.sco e Via Brigata Bari <br>Via Brigata Bari – Tratto compreso tra Via Pr.Amedeo e Via M.Pagano <br>Via M.Pagano – Tratto compreso tra Largo Crispi e Via Brigata Bari <br>Largo Crispi – Tratto compreso tra Via M.Pagano e la Cab.Satellite Enel <br>Ove sia necessaria l’ occupazione di marciapiedi idoneo segnalamento di deviazione del transito pedonale dovrà essere collocato in loco e predisposto quanto previsto al punto 7 del presente dispositivo; <br><br><br>Durata e tempistiche: 19/02/2026 - 30/04/2027 07:00-19:00]]></description>
      <styleUrl>#icon-1541-E65100</styleUrl>
      <Point>
        <coordinates>
          16.8519128,41.1213267,0
        </coordinates>
      </Point>
    </Placemark>
    <Placemark>
      <name>Strada degli Orefici</name>
      <description><![CDATA[2026/00624 <br><br>https://drive.google.com/file/d/1zh5nQu4uo_gqkQqc_aq8cA1MSFaU4uK1/view<br><br>ISTITUZIONE TEMPORANEA DEL DIVIETO DI TRANSITO, DI SOSTA SU AMBO I LATI CON RIMOZIONE FORZATA IN STRADA DEGLI OREFICI 5 DA PIAZZA MERCANTILE A STRADA SANTA TERESA DEI MASCHI PER LAVORI DI COSTRUZIONE IMPIANTO IDRICO E IMPIANTO FOGNARIO DAL GIORNO 16/02/2026 AL 28/02/2026. IMPRESA: IMPRESA INDIVIDUALE “FRISULLO LUIGI” ISTANTE: AQP S.P.A.<br><br>1. L’istituzione temporanea del divieto di transito, di sosta su ambo i lati con rimozione forzata in Strada degli Orefici 5 da Piazza Mercantile a Strada Santa Teresa dei Maschi <br>2. Sarà cura dell’impresa affidataria dei lavori posizionare idonea segnaletica di cantiere; <br>3. Sarà altresì cura dell’impresa esecutrice dei lavori provvedere, al termine degli stessi, al ripristino dello stato dei luoghi;<br> 4. Tutti i provvedimenti in contrasto con la presente sono momentaneamente e provvisoriamente sospesi e divengono nuovamente efficaci all’esaurimento dei termini previsti dal presente disposto;<br><br><br>Durata e tempistiche: 16/02/2026 - 28/02/2026 ]]></description>
      <styleUrl>#line-E65100-4875</styleUrl>
      <LineString>
        <tessellate>1</tessellate>
        <coordinates>
          16.8710851,41.1277273,0
          16.8711334,41.1279626,0
          16.8712568,41.1279909,0
          16.8717235,41.1279414,0
        </coordinates>
      </LineString>
    </Placemark>
    <Placemark>
      <name>divieto di transito/divieto di sosta</name>
      <description><![CDATA[2026/00624 <br><br>https://drive.google.com/file/d/1zh5nQu4uo_gqkQqc_aq8cA1MSFaU4uK1/view<br><br>ISTITUZIONE TEMPORANEA DEL DIVIETO DI TRANSITO, DI SOSTA SU AMBO I LATI CON RIMOZIONE FORZATA IN STRADA DEGLI OREFICI 5 DA PIAZZA MERCANTILE A STRADA SANTA TERESA DEI MASCHI PER LAVORI DI COSTRUZIONE IMPIANTO IDRICO E IMPIANTO FOGNARIO DAL GIORNO 16/02/2026 AL 28/02/2026. IMPRESA: IMPRESA INDIVIDUALE “FRISULLO LUIGI” ISTANTE: AQP S.P.A.<br><br>1. L’istituzione temporanea del divieto di transito, di sosta su ambo i lati con rimozione forzata in Strada degli Orefici 5 da Piazza Mercantile a Strada Santa Teresa dei Maschi <br>2. Sarà cura dell’impresa affidataria dei lavori posizionare idonea segnaletica di cantiere; <br>3. Sarà altresì cura dell’impresa esecutrice dei lavori provvedere, al termine degli stessi, al ripristino dello stato dei luoghi;<br> 4. Tutti i provvedimenti in contrasto con la presente sono momentaneamente e provvisoriamente sospesi e divengono nuovamente efficaci all’esaurimento dei termini previsti dal presente disposto;<br><br><br>Durata e tempistiche: 16/02/2026 - 28/02/2026 ]]></description>
      <styleUrl>#icon-1541-E65100</styleUrl>
      <Point>
        <coordinates>
          16.8711983,41.1280149,0
        </coordinates>
      </Point>
    </Placemark>
    <Placemark>
      <name>Via Carducci</name>
      <description><![CDATA[2026/00625<br><br>https://drive.google.com/file/d/1ZL-9gqNCkXWnrmRPpHs_OfDYkKzF5XCC/view<br><br>ISTITUZIONE TEMPORANEA DEL DIVIETO DI TRANSITO, DI SOSTA SU AMBO I LATI CON RIMOZIONE FORZATA IN VIA G. CARDUCCI 17 DA VIA G. MURAT A VIA NAPOLI PER LAVORI DI COSTRUZIONE IMPIANTO IDRICO 16/02/2026 AL 28/02/2026. IMPRESA: IMPRESA INDIVIDUALE “FRISULLO LUIGI” ISTANTE: AQP S.P.A.<br><br>1. L’istituzione temporanea del divieto di transito, di sosta su ambo i lati con rimozione forzata in G. Carducci 17 da via G. Murat a via Napoli <br>2. Sarà cura dell’impresa affidataria dei lavori posizionare idonea segnaletica di cantiere; <br>3. Sarà altresì cura dell’impresa esecutrice dei lavori provvedere, al termine degli stessi, al ripristino dello stato dei luoghi; <br>4. Tutti i provvedimenti in contrasto con la presente sono momentaneamente e provvisoriamente sospesi e divengono nuovamente efficaci all’esaurimento dei termini previsti dal presente disposto; <br><br>Durata e tempistiche: 16/02/2026 - 28/02/2026 ]]></description>
      <styleUrl>#line-E65100-4681</styleUrl>
      <LineString>
        <tessellate>1</tessellate>
        <coordinates>
          16.8638033,41.1275596,0
          16.8638784,41.1267313,0
        </coordinates>
      </LineString>
    </Placemark>
    <Placemark>
      <name>divieto di transito/sosta</name>
      <description><![CDATA[2026/00625<br><br>https://drive.google.com/file/d/1ZL-9gqNCkXWnrmRPpHs_OfDYkKzF5XCC/view<br><br>ISTITUZIONE TEMPORANEA DEL DIVIETO DI TRANSITO, DI SOSTA SU AMBO I LATI CON RIMOZIONE FORZATA IN VIA G. CARDUCCI 17 DA VIA G. MURAT A VIA NAPOLI PER LAVORI DI COSTRUZIONE IMPIANTO IDRICO 16/02/2026 AL 28/02/2026. IMPRESA: IMPRESA INDIVIDUALE “FRISULLO LUIGI” ISTANTE: AQP S.P.A.<br><br>1. L’istituzione temporanea del divieto di transito, di sosta su ambo i lati con rimozione forzata in G. Carducci 17 da via G. Murat a via Napoli <br>2. Sarà cura dell’impresa affidataria dei lavori posizionare idonea segnaletica di cantiere; <br>3. Sarà altresì cura dell’impresa esecutrice dei lavori provvedere, al termine degli stessi, al ripristino dello stato dei luoghi; <br>4. Tutti i provvedimenti in contrasto con la presente sono momentaneamente e provvisoriamente sospesi e divengono nuovamente efficaci all’esaurimento dei termini previsti dal presente disposto; <br><br>Durata e tempistiche: 16/02/2026 - 28/02/2026 ]]></description>
      <styleUrl>#icon-1541-E65100</styleUrl>
      <Point>
        <coordinates>
          16.8636752,41.1271854,0
        </coordinates>
      </Point>
    </Placemark>
    <Placemark>
      <name>DIVIETO DI SOSTA E DI FERMATA</name>
      <description><![CDATA[https://drive.google.com/file/d/1nu1FdYuig7nttnk7RHWE8eEevcX5LgU8/view<br><br>ISTITUZIONE TEMPORANEA DEL DIVIETO DI SOSTA E DI FERMATA CON<br>RIMOZIONE FORZATA AMBO I LATI IN VIA DELLE MURGE DAL CIV 55 AL 59<br>PER RIPRISTINO MANTO STRADALE DAL GIORNO 11 AL 19 FEBBRAIO 2026<br>DALLE ORE 07.00 ALLE ORE 17.00.<br>ISTANTE : SOLETO S.P.A.<br><br>Per tutto quanto espresso nelle premesse e nelle motivazioni, che qui s’intendo ribadite integralmente:<br>dal giorno 11 al 19 febbraio 2026 dalle ore 07.00 alle ore 17.00<br><br>1. L’istituzione temporanea del divieto di sosta e di fermata con rimozione forzata ambo i lati in via<br>Delle Murge dal civ 55 al 59 ;<br>2. Tutti i provvedimenti in contrasto con la presente sono momentaneamente e provvisoriamente sospesi e<br>divengono nuovamente efficaci all’esaurimento dei termini previsti dal presente disposto;<br>TERMINE E DURATA: DAL 11 al 19 febbraio 2026 dalle ore 07.00 alle ore 17.00]]></description>
      <styleUrl>#icon-1541-E65100</styleUrl>
      <Point>
        <coordinates>
          16.8544185,41.1109677,0
        </coordinates>
      </Point>
    </Placemark>
    <Placemark>
      <name>via Bovio/via Libertà/via E. Fieramosca/via Trevisani/via Dante Alighieri/ via Calefati</name>
      <description><![CDATA[2026/00671<br><br>https://drive.google.com/file/d/1wAtT6vwPqeJko2lS0Phhyk58cDL4q4Rz/view<br><br>ISTITUZIONE TEMPORANEA DEL DIVIETO DI SOSTA E FERMATA CON RIMOZIONE FORZATA AMBO I LATI E RESTRINGIMENTO DI CARREGGIATA IN VIA BOVIO (DA VIA F.LLI BANDIERA A VIA TREVISANI), VIA LIBERTÀ (DA VIA BOVIO A VIA PRICIPE AMEDEO), VIA E. FIERAMOSCA (DA VIA BOVIO A VIA DANTE ALIGHIERI) VIA TREVISANI (DA VIA CALEFATI A VIA DANTE ALIGHIERI) VIA DANTE ALIGHIERI (DA VIA TREVISANI A VIA SAGARRIGA VISCONTI) E VIA CALEFATI (DA VIA TREVISANI A VIA MANZONI) DAL GIORNO 16 FEBBRAIO 2026 AL GIORNO 13 MARZO 2026 DALLE ORE 07.00 ALLE ORE 17.00 PER LAVORI DI RIPRISTINO MANTO STRADALE C/ENEL. RICHIEDENTE: ENEL DISTRIBUZIONE S.P.A. DITTA ESECUTRICE: NORD COSTRUZIONI GENERALI SRL<br><br>Istituzione temporanea del divieto di sosta e fermata con rimozione forzata ambo i lati e il restringimento della carreggiata su: <br>via Bovio (da via F.lli Bandiera a via Trevisani), <br>via Libertà (da via Bovio a via Pricipe Amedeo),<br> via E. Fieramosca (da via Bovio a via Dante Alighieri) <br>via Trevisani (da via Calefati a via Dante Alighieri) <br>via Dante Alighieri (da via Trevisani a via Sagarriga Visconti)<br> via Calefati (da via Trevisani a via Manzoni) <br><br>La graduazione della velocità in avvicinamento per metri 100 all’area del lavori con limite pari a 20 km/h.<br>Durante l’esecuzione dei lavori dovrà essere garantito l’accesso/uscita in zona ai residenti e mezzi di soccorso e/o polizia e dovrà essere prevista la presenza di movieri, dotati di idoneo equipaggiamento, che dovranno sovraintendere alle esigenze della circolazione stradale visto il restringimento della carreggiata e del senso unico alternato, con particolare attenzione al transito pedonale e alle persone con ridotte capacità motorie. A tal fine dovrà permanere transitabile e sgombra da ogni mezzo e materiale una corsia di larghezza non inferiore a metri 3.50. Dovranno essere inoltre assicurati gli accessi privati. Tutti i provvedimenti in contrasto con la presente sono momentaneamente e provvisoriamente sospesi e divengono nuovamente efficaci all’esaurimento dei termini previsti dal presente disposto.<br><br>Durata e tempistiche: 16/02/2026 - 13/03/2026 07:00-17:00]]></description>
      <styleUrl>#line-E65100-5844</styleUrl>
      <LineString>
        <tessellate>1</tessellate>
        <coordinates>
          16.8542728,41.1224384,0
          16.8559486,41.1225301,0
          16.8560136,41.121909,0
          16.8559486,41.1225301,0
          16.8572421,41.1226223,0
          16.8573027,41.1219418,0
          16.8573084,41.1212827,0
          16.8573027,41.1219418,0
          16.8572421,41.1226223,0
          16.8598867,41.1227879,0
          16.8598111,41.1234982,0
          16.86094,41.12353,0
          16.8598111,41.1234982,0
          16.8598867,41.1227819,0
          16.8599957,41.1214609,0
          16.8632797,41.1216504,0
        </coordinates>
      </LineString>
    </Placemark>
    <Placemark>
      <name>restringimento carreggiata/divieto di sosta e fermata</name>
      <description><![CDATA[2026/00671<br><br>https://drive.google.com/file/d/1wAtT6vwPqeJko2lS0Phhyk58cDL4q4Rz/view<br><br>ISTITUZIONE TEMPORANEA DEL DIVIETO DI SOSTA E FERMATA CON RIMOZIONE FORZATA AMBO I LATI E RESTRINGIMENTO DI CARREGGIATA IN VIA BOVIO (DA VIA F.LLI BANDIERA A VIA TREVISANI), VIA LIBERTÀ (DA VIA BOVIO A VIA PRICIPE AMEDEO), VIA E. FIERAMOSCA (DA VIA BOVIO A VIA DANTE ALIGHIERI) VIA TREVISANI (DA VIA CALEFATI A VIA DANTE ALIGHIERI) VIA DANTE ALIGHIERI (DA VIA TREVISANI A VIA SAGARRIGA VISCONTI) E VIA CALEFATI (DA VIA TREVISANI A VIA MANZONI) DAL GIORNO 16 FEBBRAIO 2026 AL GIORNO 13 MARZO 2026 DALLE ORE 07.00 ALLE ORE 17.00 PER LAVORI DI RIPRISTINO MANTO STRADALE C/ENEL. RICHIEDENTE: ENEL DISTRIBUZIONE S.P.A. DITTA ESECUTRICE: NORD COSTRUZIONI GENERALI SRL<br><br>Istituzione temporanea del divieto di sosta e fermata con rimozione forzata ambo i lati e il restringimento della carreggiata su: <br>via Bovio (da via F.lli Bandiera a via Trevisani), <br>via Libertà (da via Bovio a via Pricipe Amedeo),<br> via E. Fieramosca (da via Bovio a via Dante Alighieri) <br>via Trevisani (da via Calefati a via Dante Alighieri) <br>via Dante Alighieri (da via Trevisani a via Sagarriga Visconti)<br> via Calefati (da via Trevisani a via Manzoni) <br><br>La graduazione della velocità in avvicinamento per metri 100 all’area del lavori con limite pari a 20 km/h.<br>Durante l’esecuzione dei lavori dovrà essere garantito l’accesso/uscita in zona ai residenti e mezzi di soccorso e/o polizia e dovrà essere prevista la presenza di movieri, dotati di idoneo equipaggiamento, che dovranno sovraintendere alle esigenze della circolazione stradale visto il restringimento della carreggiata e del senso unico alternato, con particolare attenzione al transito pedonale e alle persone con ridotte capacità motorie. A tal fine dovrà permanere transitabile e sgombra da ogni mezzo e materiale una corsia di larghezza non inferiore a metri 3.50. Dovranno essere inoltre assicurati gli accessi privati. Tutti i provvedimenti in contrasto con la presente sono momentaneamente e provvisoriamente sospesi e divengono nuovamente efficaci all’esaurimento dei termini previsti dal presente disposto.<br><br>Durata e tempistiche: 16/02/2026 - 13/03/2026 07:00-17:00]]></description>
      <styleUrl>#icon-1541-E65100</styleUrl>
      <Point>
        <coordinates>
          16.8597266,41.1227192,0
        </coordinates>
      </Point>
    </Placemark>
    <Placemark>
      <name>Via Marchese Di Montrone/Via Alessandro Maria Calefati</name>
      <description><![CDATA[2026/00673 <br><br>https://drive.google.com/file/d/12VcoP9HZlaybll3EITyDv77EJFoRb3R_/view<br><br>INTEGRATA: 2026/00703<br>https://drive.google.com/file/d/1mQbnkCVVuIsKdkMbUUWvp-pVwXnCd1zZ/view<br>*aggiunta dicitura:CON RIMOZIONE FORZATA AMBO I LATI<br><br>ORDINANZA PER ISTITUIRE TEMPORANEAMENTE UN DIVIETO DI SOSTA E RESTRINGIMENTO CARREGGIATA SU VIA MARCHESE DI MONTRONE DAL CIVICO 43 A VIA ALESSANDRO MARIA CALEFATI, VIA ALESSANDRO MARIA CALEFATI DA VIA MARCHESE DI MONTRONE AL CIVICO 110 DAL 23 FEBBRAIO 2026 AL 30 APRILE 2026 DALLE ORE 07:00 ALLE ORE 12:00 PER LAVORI DI SCAVO PER LA POSA CAVI MT. IMPRESA: DMF COSTRUZIONI S.R.L. ISTANTE: LOSACCO LUIGI (LEGALE RAPPRESENTANTE DELLA DMF COSTRUZIONI S.R.L.) <br><br>L’istituzione temporanea del divieto di sosta ambo i lati e restringimento carreggiata su <br>• Via Marchese Di Montrone: dal civico 43 a Via Alessandro Maria Calefati <br>• Via Alessandro Maria Calefati: Da via Marchese di Montrone al civico 110 <br><br>Durante l’esecuzione dei lavori dovrà essere garantito l’accesso/uscita in zona ai residenti e mezzi di soccorso e/o polizia e, nello specifico, la circolazione stradale dovrà essere regolamentata da movieri dotati di idoneo equipaggiamento e l’utilizzo delle transenne modulari (di dimensioni 3,00 x 2,00) per la delimitazione diurna e notturna del cantiere; Attenzione dovrà essere posta al transito dei pedoni e, in particolare, a quelli con ridotte capacità di deambulazione;<br><br>Durata e tempistiche: 23/02/2026 - 30/04/2026 07:00-12 .00]]></description>
      <styleUrl>#line-E65100-5263</styleUrl>
      <LineString>
        <tessellate>1</tessellate>
        <coordinates>
          16.8663953,41.124468,0
          16.8664811,41.1238619,0
          16.8677203,41.1239346,0
        </coordinates>
      </LineString>
    </Placemark>
    <Placemark>
      <name>restringimento carreggiata / divieto di sosta</name>
      <description><![CDATA[2026/00673<br><br>https://drive.google.com/file/d/12VcoP9HZlaybll3EITyDv77EJFoRb3R_/view<br><br>INTEGRATA: 2026/00703<br>https://drive.google.com/file/d/1mQbnkCVVuIsKdkMbUUWvp-pVwXnCd1zZ/view<br>*aggiunta dicitura:CON RIMOZIONE FORZATA AMBO I LATI<br><br>ORDINANZA PER ISTITUIRE TEMPORANEAMENTE UN DIVIETO DI SOSTA E RESTRINGIMENTO CARREGGIATA SU VIA MARCHESE DI MONTRONE DAL CIVICO 43 A VIA ALESSANDRO MARIA CALEFATI, VIA ALESSANDRO MARIA CALEFATI DA VIA MARCHESE DI MONTRONE AL CIVICO 110 DAL 23 FEBBRAIO 2026 AL 30 APRILE 2026 DALLE ORE 07:00 ALLE ORE 12:00 PER LAVORI DI SCAVO PER LA POSA CAVI MT. IMPRESA: DMF COSTRUZIONI S.R.L. ISTANTE: LOSACCO LUIGI (LEGALE RAPPRESENTANTE DELLA DMF COSTRUZIONI S.R.L.) <br><br>L’istituzione temporanea del divieto di sosta ambo i lati e restringimento carreggiata su <br>• Via Marchese Di Montrone: dal civico 43 a Via Alessandro Maria Calefati <br>• Via Alessandro Maria Calefati: Da via Marchese di Montrone al civico 110 <br><br>Durante l’esecuzione dei lavori dovrà essere garantito l’accesso/uscita in zona ai residenti e mezzi di soccorso e/o polizia e, nello specifico, la circolazione stradale dovrà essere regolamentata da movieri dotati di idoneo equipaggiamento e l’utilizzo delle transenne modulari (di dimensioni 3,00 x 2,00) per la delimitazione diurna e notturna del cantiere; Attenzione dovrà essere posta al transito dei pedoni e, in particolare, a quelli con ridotte capacità di deambulazione;<br><br>Durata e tempistiche: 23/02/2026 - 30/04/2026 07:00-12 .00]]></description>
      <styleUrl>#icon-1541-E65100</styleUrl>
      <Point>
        <coordinates>
          16.866583,41.1239912,0
        </coordinates>
      </Point>
    </Placemark>
    <Placemark>
      <name>via nicolai</name>
      <description><![CDATA[2026/00674 <br><br>https://drive.google.com/file/d/1SX0dH5DKcDqC7SpIC0CJ1JZKhy2CYhlW/view<br><br>PROCEDURA NEGOZIATA PN23023 PER LA CONCLUSIONE DI UN ACCORDO QUADRO QUADRIENNALE PER L'AFFIDAMENTO CONGIUNTO DI PROGETTAZIONE ESECUTIVA ED ESECUZIONE DEI "LAVORI DI RIQUALIFICAZIONE DI VIA MANZONI" – ACCORDO QUADRO CIG: 9934949346 1° CONTRATTO ATTUATIVO CUP: J91B21001180001 – CIG: A065861BA9 2° CONTRATTO ATTUATIVO CUP: J98E22000030003 – CIG: A06586D592 RICHIESTA ORDINANZA PER DIVIETO DI SOSTA E FERMATA AMBO I LATI CON RIMOZIONE, SU VIA NICOLAI DAL CIVICO 211 AL CIVICO 219 E DAL CIVICO 170 AL CIVICO 182, PER OPERAZIONI DI UTILIZZO DEI MATERIALI DI CANTIERE STOCCATI E DA STOCCARE, DALLA DATA DI EMANAZIONE DELLA PRESENTE ORDINANZA AL 31/03/2026 IMPRESA ESECUTRICE: SOCIETÀ DROMOS APPALTI S.P.A. CON SEDE LEGALE IN VIA PO N. 31<br><br>1) divieto di sosta e fermata con rimozione, su <br>via NICOLAI dal civico 211 al civico 219 e dal civico 170 al civico 182. <br>L’ entrata in vigore della presente ordinanza è subordinata all’ apposizione della prescritta segnaletica secondo la tempistica e le modalità di cui al punto III del presente dispositivo;<br><br>Durata e tempistiche: 10/02/2026 - 31/03/2026 ]]></description>
      <styleUrl>#line-E65100-5650</styleUrl>
      <LineString>
        <tessellate>1</tessellate>
        <coordinates>
          16.8621262,41.1209083,0
          16.8608159,41.1208325,0
        </coordinates>
      </LineString>
    </Placemark>
    <Placemark>
      <name>Divieto di sosta e fermata</name>
      <description><![CDATA[2026/00674 <br><br>https://drive.google.com/file/d/1SX0dH5DKcDqC7SpIC0CJ1JZKhy2CYhlW/view<br><br>PROCEDURA NEGOZIATA PN23023 PER LA CONCLUSIONE DI UN ACCORDO QUADRO QUADRIENNALE PER L'AFFIDAMENTO CONGIUNTO DI PROGETTAZIONE ESECUTIVA ED ESECUZIONE DEI "LAVORI DI RIQUALIFICAZIONE DI VIA MANZONI" – ACCORDO QUADRO CIG: 9934949346 1° CONTRATTO ATTUATIVO CUP: J91B21001180001 – CIG: A065861BA9 2° CONTRATTO ATTUATIVO CUP: J98E22000030003 – CIG: A06586D592 RICHIESTA ORDINANZA PER DIVIETO DI SOSTA E FERMATA AMBO I LATI CON RIMOZIONE, SU VIA NICOLAI DAL CIVICO 211 AL CIVICO 219 E DAL CIVICO 170 AL CIVICO 182, PER OPERAZIONI DI UTILIZZO DEI MATERIALI DI CANTIERE STOCCATI E DA STOCCARE, DALLA DATA DI EMANAZIONE DELLA PRESENTE ORDINANZA AL 31/03/2026 IMPRESA ESECUTRICE: SOCIETÀ DROMOS APPALTI S.P.A. CON SEDE LEGALE IN VIA PO N. 31<br><br>1) divieto di sosta e fermata con rimozione, su <br>via NICOLAI dal civico 211 al civico 219 e dal civico 170 al civico 182. <br>L’ entrata in vigore della presente ordinanza è subordinata all’ apposizione della prescritta segnaletica secondo la tempistica e le modalità di cui al punto III del presente dispositivo;<br><br>Durata e tempistiche: 10/02/2026 - 31/03/2026 ]]></description>
      <styleUrl>#icon-1541-E65100</styleUrl>
      <Point>
        <coordinates>
          16.8615892,41.1208606,0
        </coordinates>
      </Point>
    </Placemark>
    <Placemark>
      <name>DIVIETO DI SOSTA E FERMATA</name>
      <description><![CDATA[https://drive.google.com/file/d/1qQ6KgQ-VMuwoJlXvAh6Eptg83eV4KOR9/view<br><br>2026/00676<br><br>ISTITUZIONE TEMPORANEA DEL DIVIETO DI SOSTA E FERMATA CON<br>RIMOZIONE FORZATA AMBO I LATI E RESTRINGIMENTO DI CARREGGIATA<br>IN VIA TREVISANI (DA VIA A. GIMMA A VIA F. CRISPI) E VIA F. CRISPI (DA VIA<br>A. GIMMA AL CIV 74) DAL GIORNO 13 FEBBRAIO 2026 AL GIORNO 27<br>FEBBRAIO 2026 DALLE ORE 07.00 ALLE ORE 17.00 PER LAVORI DI<br>RIPRISTINO MANTO STRADALE C/ENEL.<br>RICHIEDENTE: ENEL DISTRIBUZIONE S.P.A.<br>DITTA ESECUTRICE: NORD COSTRUZIONI GENERALI SRL<br>d dal giorno 13 Febbraio 2026 al giorno 27 Febbraio 2026 dalle ore 07.00 alle ore 17.00 istituzione temporanea<br>del divieto di sosta e fermata con rimozione forzata ambo i lati e il restringimento della carreggiata su:<br> via Trevisani (da via A. Gimma a via F. Crispi)<br> via F. Crispi (da via A. Gimma al civ 74)<br>La graduazione della velocità in avvicinamento per metri 100 all’area del lavori con limite pari a 20 km/h.<br>Durante l’esecuzione dei lavori dovrà essere garantito l’accesso/uscita in zona ai residenti e mezzi di soccorso e/o polizia<br>e dovrà essere prevista la presenza di movieri, dotati di idoneo equipaggiamento, che dovranno sovraintendere alle<br>esigenze della circolazione stradale visto il restringimento della carreggiata e del senso unico alternato, con particolare<br>attenzione al transito pedonale e alle persone con ridotte capacità motorie.<br>A tal fine dovrà permanere transitabile e sgombra da ogni mezzo e materiale una corsia di larghezza non inferiore a<br>metri 3.50.<br>Dovranno essere inoltre assicurati gli accessi privati.<br>Tutti i provvedimenti in contrasto con la presente sono momentaneamente e provvisoriamente sospesi e divengono<br>nuovamente efficaci all’esaurimento dei termini previsti dal presente disposto.<br>TERMINE E DURATA: DAL 13/02/2026 AL 27/02/2026 ORE 07:00-17:00 ]]></description>
      <styleUrl>#line-E65100-3906</styleUrl>
      <LineString>
        <tessellate>1</tessellate>
        <coordinates>
          16.860956,41.124172,0
          16.8681717,41.1245995,0
        </coordinates>
      </LineString>
    </Placemark>
    <Placemark>
      <name>DIVIETO DI SOSTA E FERMATA</name>
      <description><![CDATA[https://drive.google.com/file/d/1qQ6KgQ-VMuwoJlXvAh6Eptg83eV4KOR9/view<br><br>2026/00676<br><br>ISTITUZIONE TEMPORANEA DEL DIVIETO DI SOSTA E FERMATA CON<br>RIMOZIONE FORZATA AMBO I LATI E RESTRINGIMENTO DI CARREGGIATA<br>IN VIA TREVISANI (DA VIA A. GIMMA A VIA F. CRISPI) E VIA F. CRISPI (DA VIA<br>A. GIMMA AL CIV 74) DAL GIORNO 13 FEBBRAIO 2026 AL GIORNO 27<br>FEBBRAIO 2026 DALLE ORE 07.00 ALLE ORE 17.00 PER LAVORI DI<br>RIPRISTINO MANTO STRADALE C/ENEL.<br>RICHIEDENTE: ENEL DISTRIBUZIONE S.P.A.<br>DITTA ESECUTRICE: NORD COSTRUZIONI GENERALI SRL<br>d dal giorno 13 Febbraio 2026 al giorno 27 Febbraio 2026 dalle ore 07.00 alle ore 17.00 istituzione temporanea<br>del divieto di sosta e fermata con rimozione forzata ambo i lati e il restringimento della carreggiata su:<br> via Trevisani (da via A. Gimma a via F. Crispi)<br> via F. Crispi (da via A. Gimma al civ 74)<br>La graduazione della velocità in avvicinamento per metri 100 all’area del lavori con limite pari a 20 km/h.<br>Durante l’esecuzione dei lavori dovrà essere garantito l’accesso/uscita in zona ai residenti e mezzi di soccorso e/o polizia<br>e dovrà essere prevista la presenza di movieri, dotati di idoneo equipaggiamento, che dovranno sovraintendere alle<br>esigenze della circolazione stradale visto il restringimento della carreggiata e del senso unico alternato, con particolare<br>attenzione al transito pedonale e alle persone con ridotte capacità motorie.<br>A tal fine dovrà permanere transitabile e sgombra da ogni mezzo e materiale una corsia di larghezza non inferiore a<br>metri 3.50.<br>Dovranno essere inoltre assicurati gli accessi privati.<br>Tutti i provvedimenti in contrasto con la presente sono momentaneamente e provvisoriamente sospesi e divengono<br>nuovamente efficaci all’esaurimento dei termini previsti dal presente disposto.<br>TERMINE E DURATA: DAL 13/02/2026 AL 27/02/2026 ORE 07:00-17:00 ]]></description>
      <styleUrl>#icon-1541-E65100</styleUrl>
      <Point>
        <coordinates>
          16.8681717,41.1245995,0
        </coordinates>
      </Point>
    </Placemark>
    <Placemark>
      <name>DIVIETO DI SOSTA E
RESTRINGIMENTO CARREGGIATA </name>
      <description><![CDATA[2026/00677<br><br>https://drive.google.com/file/d/1wRpxanmthWtOhE11Cyeo59LIPeD6i1mk/view<br><br>INTEGRATA:2026/00702<br>https://drive.google.com/file/d/1KO1wk104CB5ovrJlR39WQH0buNZh-0lL/view<br>Aggiunta dicitura: con rimozione forzata ambo i lati<br><br>ORDINANZA PER ISTITUIRE TEMPORANEAMENTE UN DIVIETO DI SOSTA E<br>RESTRINGIMENTO CARREGGIATA SU VIA GIULIO PETRONI DAL CIVICO<br>90/A A VIA CAGNAZZI,VIA CAGNAZZI DA VIA G. PETRONI AL CIVICO 2/E DI<br>VIA CAGNAZZI, VIA GIULIO PETRONI DA VIA CAGNAZZI A VIA MONTE<br>SAN MICHELE, VIA MONTE SAN MICHELE DA VIA G. PETRONI A CORSO<br>ALCIDE DE GASPERI, CORSO ALCIDE DE GASPERI DA VIA SAN<br>MICHELE A VIA CARLO BORSANI, VIALE DELLA COSTITUENTE DA VIA<br>CARLO BORSANI A VIA JACINI, VIA STEFANO JACINI DA VIALE DELLA<br>COSTITUENTE AL CIVICO 148 DI VIA DELLA RESISTENZA, DAL 16 FEBBRAIO<br>2026 AL 30 APRILE 2026 DALLE ORE 07:00 ALLE ORE 12:00 PER LAVORI DI<br>SCAVO PER LA POSA CAVI MT.<br>IMPRESA: DMF COSTRUZIONI S.R.L<br>Per tutto quanto espresso nelle premesse e nelle motivazioni, che qui s’intendo ribadite<br>integralmente:<br>dal 16 Febbraio 2026 al 30 Aprile 2026 dalle ore 07:00 alle ore 12:00<br>L’istituzione temporanea del divieto di sosta ambo i lati e restringimento carreggiata su:<br>• Via Giulio Petroni: Dal civico 90/A a Via Cagnazzi<br>• Via Cagnazzi: Da Via G. Petroni al civico 2/E di Via Cagnazzi<br>• Via Giulio Petroni: Da Via Cagnazzi a Via Monte San Michele<br>• Via Monte San Michele: Da Via G. Petroni a Corso Alcide De Gasperi<br>• Corso Alcide de Gasperi: Da Via San Michele a Via Carlo Borsani<br>• Viale Della Costituente: Da Via Carlo Borsani a Via Jacini<br>• Via Stefano Jacini: Da Viale Della Costituente al civico 148 di Via Della Resistenza<br>TERMINE E DURATA : DAL 16/02/2026 AL 30/04/2026 ORE 07:00-12:00]]></description>
      <styleUrl>#line-E65100-3906</styleUrl>
      <LineString>
        <tessellate>1</tessellate>
        <coordinates>
          16.8676924,41.1065663,0
          16.8673866,41.1049333,0
        </coordinates>
      </LineString>
    </Placemark>
    <Placemark>
      <name>DIVIETO DI SOSTA E
RESTRINGIMENTO CARREGGIATA</name>
      <description><![CDATA[2026/00677<br>https://drive.google.com/file/d/1wRpxanmthWtOhE11Cyeo59LIPeD6i1mk/view<br><br>INTEGRATA:2026/00702<br>https://drive.google.com/file/d/1KO1wk104CB5ovrJlR39WQH0buNZh-0lL/view<br>Aggiunta dicitura: con rimozione forzata ambo i lati<br><br>ORDINANZA PER ISTITUIRE TEMPORANEAMENTE UN DIVIETO DI SOSTA E<br>RESTRINGIMENTO CARREGGIATA SU VIA GIULIO PETRONI DAL CIVICO<br>90/A A VIA CAGNAZZI,VIA CAGNAZZI DA VIA G. PETRONI AL CIVICO 2/E DI<br>VIA CAGNAZZI, VIA GIULIO PETRONI DA VIA CAGNAZZI A VIA MONTE<br>SAN MICHELE, VIA MONTE SAN MICHELE DA VIA G. PETRONI A CORSO<br>ALCIDE DE GASPERI, CORSO ALCIDE DE GASPERI DA VIA SAN<br>MICHELE A VIA CARLO BORSANI, VIALE DELLA COSTITUENTE DA VIA<br>CARLO BORSANI A VIA JACINI, VIA STEFANO JACINI DA VIALE DELLA<br>COSTITUENTE AL CIVICO 148 DI VIA DELLA RESISTENZA, DAL 16 FEBBRAIO<br>2026 AL 30 APRILE 2026 DALLE ORE 07:00 ALLE ORE 12:00 PER LAVORI DI<br>SCAVO PER LA POSA CAVI MT.<br>IMPRESA: DMF COSTRUZIONI S.R.L<br>Per tutto quanto espresso nelle premesse e nelle motivazioni, che qui s’intendo ribadite<br>integralmente:<br>dal 16 Febbraio 2026 al 30 Aprile 2026 dalle ore 07:00 alle ore 12:00<br>L’istituzione temporanea del divieto di sosta ambo i lati e restringimento carreggiata su:<br>• Via Giulio Petroni: Dal civico 90/A a Via Cagnazzi<br>• Via Cagnazzi: Da Via G. Petroni al civico 2/E di Via Cagnazzi<br>• Via Giulio Petroni: Da Via Cagnazzi a Via Monte San Michele<br>• Via Monte San Michele: Da Via G. Petroni a Corso Alcide De Gasperi<br>• Corso Alcide de Gasperi: Da Via San Michele a Via Carlo Borsani<br>• Viale Della Costituente: Da Via Carlo Borsani a Via Jacini<br>• Via Stefano Jacini: Da Viale Della Costituente al civico 148 di Via Della Resistenza<br>TERMINE E DURATA : DAL 16/02/2026 AL 30/04/2026 ORE 07:00-12:00]]></description>
      <styleUrl>#icon-1541-E65100</styleUrl>
      <Point>
        <coordinates>
          16.8677031,41.1064652,0
        </coordinates>
      </Point>
    </Placemark>
    <Placemark>
      <name>DIVIETO DI SOSTA E
RESTRINGIMENTO CARREGGIATA</name>
      <description><![CDATA[2026/00677<br>https://drive.google.com/file/d/1wRpxanmthWtOhE11Cyeo59LIPeD6i1mk/view<br><br>INTEGRATA:2026/00702<br>https://drive.google.com/file/d/1KO1wk104CB5ovrJlR39WQH0buNZh-0lL/view<br>Aggiunta dicitura: con rimozione forzata ambo i lati<br>ORDINANZA PER ISTITUIRE TEMPORANEAMENTE UN DIVIETO DI SOSTA E<br>RESTRINGIMENTO CARREGGIATA SU VIA GIULIO PETRONI DAL CIVICO<br>90/A A VIA CAGNAZZI,VIA CAGNAZZI DA VIA G. PETRONI AL CIVICO 2/E DI<br>VIA CAGNAZZI, VIA GIULIO PETRONI DA VIA CAGNAZZI A VIA MONTE<br>SAN MICHELE, VIA MONTE SAN MICHELE DA VIA G. PETRONI A CORSO<br>ALCIDE DE GASPERI, CORSO ALCIDE DE GASPERI DA VIA SAN<br>MICHELE A VIA CARLO BORSANI, VIALE DELLA COSTITUENTE DA VIA<br>CARLO BORSANI A VIA JACINI, VIA STEFANO JACINI DA VIALE DELLA<br>COSTITUENTE AL CIVICO 148 DI VIA DELLA RESISTENZA, DAL 16 FEBBRAIO<br>2026 AL 30 APRILE 2026 DALLE ORE 07:00 ALLE ORE 12:00 PER LAVORI DI<br>SCAVO PER LA POSA CAVI MT.<br>IMPRESA: DMF COSTRUZIONI S.R.L<br>Per tutto quanto espresso nelle premesse e nelle motivazioni, che qui s’intendo ribadite<br>integralmente:<br>dal 16 Febbraio 2026 al 30 Aprile 2026 dalle ore 07:00 alle ore 12:00<br>L’istituzione temporanea del divieto di sosta ambo i lati e restringimento carreggiata su:<br>• Via Giulio Petroni: Dal civico 90/A a Via Cagnazzi<br>• Via Cagnazzi: Da Via G. Petroni al civico 2/E di Via Cagnazzi<br>• Via Giulio Petroni: Da Via Cagnazzi a Via Monte San Michele<br>• Via Monte San Michele: Da Via G. Petroni a Corso Alcide De Gasperi<br>• Corso Alcide de Gasperi: Da Via San Michele a Via Carlo Borsani<br>• Viale Della Costituente: Da Via Carlo Borsani a Via Jacini<br>• Via Stefano Jacini: Da Viale Della Costituente al civico 148 di Via Della Resistenza<br>TERMINE E DURATA : DAL 16/02/2026 AL 30/04/2026 ORE 07:00-12:00]]></description>
      <styleUrl>#line-E65100-4294</styleUrl>
      <LineString>
        <tessellate>1</tessellate>
        <coordinates>
          16.8685321,41.1154244,0
          16.8673866,41.1049333,0
        </coordinates>
      </LineString>
    </Placemark>
    <Placemark>
      <name>Da Via G. Petroni al civico 2/E di Via Cagnazzi
</name>
      <description><![CDATA[2026/00677<br>https://drive.google.com/file/d/1wRpxanmthWtOhE11Cyeo59LIPeD6i1mk/view<br><br>INTEGRATA:2026/00702<br>https://drive.google.com/file/d/1KO1wk104CB5ovrJlR39WQH0buNZh-0lL/view<br>Aggiunta dicitura: con rimozione forzata ambo i lati<br><br>ORDINANZA PER ISTITUIRE TEMPORANEAMENTE UN DIVIETO DI SOSTA E<br>RESTRINGIMENTO CARREGGIATA SU VIA GIULIO PETRONI DAL CIVICO<br>90/A A VIA CAGNAZZI,VIA CAGNAZZI DA VIA G. PETRONI AL CIVICO 2/E DI<br>VIA CAGNAZZI, VIA GIULIO PETRONI DA VIA CAGNAZZI A VIA MONTE<br>SAN MICHELE, VIA MONTE SAN MICHELE DA VIA G. PETRONI A CORSO<br>ALCIDE DE GASPERI, CORSO ALCIDE DE GASPERI DA VIA SAN<br>MICHELE A VIA CARLO BORSANI, VIALE DELLA COSTITUENTE DA VIA<br>CARLO BORSANI A VIA JACINI, VIA STEFANO JACINI DA VIALE DELLA<br>COSTITUENTE AL CIVICO 148 DI VIA DELLA RESISTENZA, DAL 16 FEBBRAIO<br>2026 AL 30 APRILE 2026 DALLE ORE 07:00 ALLE ORE 12:00 PER LAVORI DI<br>SCAVO PER LA POSA CAVI MT.<br>IMPRESA: DMF COSTRUZIONI S.R.L<br>Per tutto quanto espresso nelle premesse e nelle motivazioni, che qui s’intendo ribadite<br>integralmente:<br>dal 16 Febbraio 2026 al 30 Aprile 2026 dalle ore 07:00 alle ore 12:00<br>L’istituzione temporanea del divieto di sosta ambo i lati e restringimento carreggiata su:<br>• Via Giulio Petroni: Dal civico 90/A a Via Cagnazzi<br>• Via Cagnazzi: Da Via G. Petroni al civico 2/E di Via Cagnazzi<br>• Via Giulio Petroni: Da Via Cagnazzi a Via Monte San Michele<br>• Via Monte San Michele: Da Via G. Petroni a Corso Alcide De Gasperi<br>• Corso Alcide de Gasperi: Da Via San Michele a Via Carlo Borsani<br>• Viale Della Costituente: Da Via Carlo Borsani a Via Jacini<br>• Via Stefano Jacini: Da Viale Della Costituente al civico 148 di Via Della Resistenza<br>TERMINE E DURATA : DAL 16/02/2026 AL 30/04/2026 ORE 07:00-12:00]]></description>
      <styleUrl>#icon-1541-E65100</styleUrl>
      <Point>
        <coordinates>
          16.8685965,41.1145012,0
        </coordinates>
      </Point>
    </Placemark>
    <Placemark>
      <name>DIVIETO DI SOSTA E
RESTRINGIMENTO CARREGGIATA</name>
      <description><![CDATA[2026/00677<br>https://drive.google.com/file/d/1wRpxanmthWtOhE11Cyeo59LIPeD6i1mk/view<br><br>INTEGRATA:2026/00702<br>https://drive.google.com/file/d/1KO1wk104CB5ovrJlR39WQH0buNZh-0lL/view<br>Aggiunta dicitura: con rimozione forzata ambo i lati<br><br>ORDINANZA PER ISTITUIRE TEMPORANEAMENTE UN DIVIETO DI SOSTA E<br>RESTRINGIMENTO CARREGGIATA SU VIA GIULIO PETRONI DAL CIVICO<br>90/A A VIA CAGNAZZI,VIA CAGNAZZI DA VIA G. PETRONI AL CIVICO 2/E DI<br>VIA CAGNAZZI, VIA GIULIO PETRONI DA VIA CAGNAZZI A VIA MONTE<br>SAN MICHELE, VIA MONTE SAN MICHELE DA VIA G. PETRONI A CORSO<br>ALCIDE DE GASPERI, CORSO ALCIDE DE GASPERI DA VIA SAN<br>MICHELE A VIA CARLO BORSANI, VIALE DELLA COSTITUENTE DA VIA<br>CARLO BORSANI A VIA JACINI, VIA STEFANO JACINI DA VIALE DELLA<br>COSTITUENTE AL CIVICO 148 DI VIA DELLA RESISTENZA, DAL 16 FEBBRAIO<br>2026 AL 30 APRILE 2026 DALLE ORE 07:00 ALLE ORE 12:00 PER LAVORI DI<br>SCAVO PER LA POSA CAVI MT.<br>IMPRESA: DMF COSTRUZIONI S.R.L<br>Per tutto quanto espresso nelle premesse e nelle motivazioni, che qui s’intendo ribadite<br>integralmente:<br>dal 16 Febbraio 2026 al 30 Aprile 2026 dalle ore 07:00 alle ore 12:00<br>L’istituzione temporanea del divieto di sosta ambo i lati e restringimento carreggiata su:<br>• Via Giulio Petroni: Dal civico 90/A a Via Cagnazzi<br>• Via Cagnazzi: Da Via G. Petroni al civico 2/E di Via Cagnazzi<br>• Via Giulio Petroni: Da Via Cagnazzi a Via Monte San Michele<br>• Via Monte San Michele: Da Via G. Petroni a Corso Alcide De Gasperi<br>• Corso Alcide de Gasperi: Da Via San Michele a Via Carlo Borsani<br>• Viale Della Costituente: Da Via Carlo Borsani a Via Jacini<br>• Via Stefano Jacini: Da Viale Della Costituente al civico 148 di Via Della Resistenza<br>TERMINE E DURATA : DAL 16/02/2026 AL 30/04/2026 ORE 07:00-12:00]]></description>
      <styleUrl>#line-E65100-4875</styleUrl>
      <LineString>
        <tessellate>1</tessellate>
        <coordinates>
          16.8672661,41.1048331,0
          16.8671803,41.1041217,0
        </coordinates>
      </LineString>
    </Placemark>
    <Placemark>
      <name>Da Via Cagnazzi a Via Monte San Michele</name>
      <description><![CDATA[2026/00677<br>https://drive.google.com/file/d/1wRpxanmthWtOhE11Cyeo59LIPeD6i1mk/view<br><br>INTEGRATA:2026/00702<br>https://drive.google.com/file/d/1KO1wk104CB5ovrJlR39WQH0buNZh-0lL/view<br>Aggiunta dicitura: con rimozione forzata ambo i lati<br><br>ORDINANZA PER ISTITUIRE TEMPORANEAMENTE UN DIVIETO DI SOSTA E<br>RESTRINGIMENTO CARREGGIATA SU VIA GIULIO PETRONI DAL CIVICO<br>90/A A VIA CAGNAZZI,VIA CAGNAZZI DA VIA G. PETRONI AL CIVICO 2/E DI<br>VIA CAGNAZZI, VIA GIULIO PETRONI DA VIA CAGNAZZI A VIA MONTE<br>SAN MICHELE, VIA MONTE SAN MICHELE DA VIA G. PETRONI A CORSO<br>ALCIDE DE GASPERI, CORSO ALCIDE DE GASPERI DA VIA SAN<br>MICHELE A VIA CARLO BORSANI, VIALE DELLA COSTITUENTE DA VIA<br>CARLO BORSANI A VIA JACINI, VIA STEFANO JACINI DA VIALE DELLA<br>COSTITUENTE AL CIVICO 148 DI VIA DELLA RESISTENZA, DAL 16 FEBBRAIO<br>2026 AL 30 APRILE 2026 DALLE ORE 07:00 ALLE ORE 12:00 PER LAVORI DI<br>SCAVO PER LA POSA CAVI MT.<br>IMPRESA: DMF COSTRUZIONI S.R.L<br>Per tutto quanto espresso nelle premesse e nelle motivazioni, che qui s’intendo ribadite<br>integralmente:<br>dal 16 Febbraio 2026 al 30 Aprile 2026 dalle ore 07:00 alle ore 12:00<br>L’istituzione temporanea del divieto di sosta ambo i lati e restringimento carreggiata su:<br>• Via Giulio Petroni: Dal civico 90/A a Via Cagnazzi<br>• Via Cagnazzi: Da Via G. Petroni al civico 2/E di Via Cagnazzi<br>• Via Giulio Petroni: Da Via Cagnazzi a Via Monte San Michele<br>• Via Monte San Michele: Da Via G. Petroni a Corso Alcide De Gasperi<br>• Corso Alcide de Gasperi: Da Via San Michele a Via Carlo Borsani<br>• Viale Della Costituente: Da Via Carlo Borsani a Via Jacini<br>• Via Stefano Jacini: Da Viale Della Costituente al civico 148 di Via Della Resistenza<br>TERMINE E DURATA : DAL 16/02/2026 AL 30/04/2026 ORE 07:00-12:00]]></description>
      <styleUrl>#icon-1541-E65100</styleUrl>
      <Point>
        <coordinates>
          16.8672876,41.1044289,0
        </coordinates>
      </Point>
    </Placemark>
    <Placemark>
      <name>DIVIETO DI SOSTA E
RESTRINGIMENTO CARREGGIATA</name>
      <description><![CDATA[2026/00677<br>https://drive.google.com/file/d/1wRpxanmthWtOhE11Cyeo59LIPeD6i1mk/view<br><br>INTEGRATA:2026/00702<br>https://drive.google.com/file/d/1KO1wk104CB5ovrJlR39WQH0buNZh-0lL/view<br>Aggiunta dicitura: con rimozione forzata ambo i lati<br><br>ORDINANZA PER ISTITUIRE TEMPORANEAMENTE UN DIVIETO DI SOSTA E<br>RESTRINGIMENTO CARREGGIATA SU VIA GIULIO PETRONI DAL CIVICO<br>90/A A VIA CAGNAZZI,VIA CAGNAZZI DA VIA G. PETRONI AL CIVICO 2/E DI<br>VIA CAGNAZZI, VIA GIULIO PETRONI DA VIA CAGNAZZI A VIA MONTE<br>SAN MICHELE, VIA MONTE SAN MICHELE DA VIA G. PETRONI A CORSO<br>ALCIDE DE GASPERI, CORSO ALCIDE DE GASPERI DA VIA SAN<br>MICHELE A VIA CARLO BORSANI, VIALE DELLA COSTITUENTE DA VIA<br>CARLO BORSANI A VIA JACINI, VIA STEFANO JACINI DA VIALE DELLA<br>COSTITUENTE AL CIVICO 148 DI VIA DELLA RESISTENZA, DAL 16 FEBBRAIO<br>2026 AL 30 APRILE 2026 DALLE ORE 07:00 ALLE ORE 12:00 PER LAVORI DI<br>SCAVO PER LA POSA CAVI MT.<br>IMPRESA: DMF COSTRUZIONI S.R.L<br>Per tutto quanto espresso nelle premesse e nelle motivazioni, che qui s’intendo ribadite<br>integralmente:<br>dal 16 Febbraio 2026 al 30 Aprile 2026 dalle ore 07:00 alle ore 12:00<br>L’istituzione temporanea del divieto di sosta ambo i lati e restringimento carreggiata su:<br>• Via Giulio Petroni: Dal civico 90/A a Via Cagnazzi<br>• Via Cagnazzi: Da Via G. Petroni al civico 2/E di Via Cagnazzi<br>• Via Giulio Petroni: Da Via Cagnazzi a Via Monte San Michele<br>• Via Monte San Michele: Da Via G. Petroni a Corso Alcide De Gasperi<br>• Corso Alcide de Gasperi: Da Via San Michele a Via Carlo Borsani<br>• Viale Della Costituente: Da Via Carlo Borsani a Via Jacini<br>• Via Stefano Jacini: Da Viale Della Costituente al civico 148 di Via Della Resistenza<br>TERMINE E DURATA : DAL 16/02/2026 AL 30/04/2026 ORE 07:00-12:00]]></description>
      <styleUrl>#line-E65100-3325</styleUrl>
      <LineString>
        <tessellate>1</tessellate>
        <coordinates>
          16.8671803,41.1041217,0
          16.8718085,41.1037356,0
        </coordinates>
      </LineString>
    </Placemark>
    <Placemark>
      <name>Da Via G. Petroni a Corso Alcide De Gasperi
</name>
      <description><![CDATA[2026/00677<br>https://drive.google.com/file/d/1wRpxanmthWtOhE11Cyeo59LIPeD6i1mk/view<br><br>INTEGRATA:2026/00702<br>https://drive.google.com/file/d/1KO1wk104CB5ovrJlR39WQH0buNZh-0lL/view<br>Aggiunta dicitura: con rimozione forzata ambo i lati<br><br>ORDINANZA PER ISTITUIRE TEMPORANEAMENTE UN DIVIETO DI SOSTA E<br>RESTRINGIMENTO CARREGGIATA SU VIA GIULIO PETRONI DAL CIVICO<br>90/A A VIA CAGNAZZI,VIA CAGNAZZI DA VIA G. PETRONI AL CIVICO 2/E DI<br>VIA CAGNAZZI, VIA GIULIO PETRONI DA VIA CAGNAZZI A VIA MONTE<br>SAN MICHELE, VIA MONTE SAN MICHELE DA VIA G. PETRONI A CORSO<br>ALCIDE DE GASPERI, CORSO ALCIDE DE GASPERI DA VIA SAN<br>MICHELE A VIA CARLO BORSANI, VIALE DELLA COSTITUENTE DA VIA<br>CARLO BORSANI A VIA JACINI, VIA STEFANO JACINI DA VIALE DELLA<br>COSTITUENTE AL CIVICO 148 DI VIA DELLA RESISTENZA, DAL 16 FEBBRAIO<br>2026 AL 30 APRILE 2026 DALLE ORE 07:00 ALLE ORE 12:00 PER LAVORI DI<br>SCAVO PER LA POSA CAVI MT.<br>IMPRESA: DMF COSTRUZIONI S.R.L<br>Per tutto quanto espresso nelle premesse e nelle motivazioni, che qui s’intendo ribadite<br>integralmente:<br>dal 16 Febbraio 2026 al 30 Aprile 2026 dalle ore 07:00 alle ore 12:00<br>L’istituzione temporanea del divieto di sosta ambo i lati e restringimento carreggiata su:<br>• Via Giulio Petroni: Dal civico 90/A a Via Cagnazzi<br>• Via Cagnazzi: Da Via G. Petroni al civico 2/E di Via Cagnazzi<br>• Via Giulio Petroni: Da Via Cagnazzi a Via Monte San Michele<br>• Via Monte San Michele: Da Via G. Petroni a Corso Alcide De Gasperi<br>• Corso Alcide de Gasperi: Da Via San Michele a Via Carlo Borsani<br>• Viale Della Costituente: Da Via Carlo Borsani a Via Jacini<br>• Via Stefano Jacini: Da Viale Della Costituente al civico 148 di Via Della Resistenza<br>TERMINE E DURATA : DAL 16/02/2026 AL 30/04/2026 ORE 07:00-12:00]]></description>
      <styleUrl>#icon-1541-E65100</styleUrl>
      <Point>
        <coordinates>
          16.8704352,41.1039044,0
        </coordinates>
      </Point>
    </Placemark>
    <Placemark>
      <name>DIVIETO DI SOSTA E
RESTRINGIMENTO CARREGGIATA</name>
      <description><![CDATA[2026/00677<br>https://drive.google.com/file/d/1wRpxanmthWtOhE11Cyeo59LIPeD6i1mk/view<br><br>INTEGRATA:2026/00702<br>https://drive.google.com/file/d/1KO1wk104CB5ovrJlR39WQH0buNZh-0lL/view<br>Aggiunta dicitura: con rimozione forzata ambo i lati<br><br>ORDINANZA PER ISTITUIRE TEMPORANEAMENTE UN DIVIETO DI SOSTA E<br>RESTRINGIMENTO CARREGGIATA SU VIA GIULIO PETRONI DAL CIVICO<br>90/A A VIA CAGNAZZI,VIA CAGNAZZI DA VIA G. PETRONI AL CIVICO 2/E DI<br>VIA CAGNAZZI, VIA GIULIO PETRONI DA VIA CAGNAZZI A VIA MONTE<br>SAN MICHELE, VIA MONTE SAN MICHELE DA VIA G. PETRONI A CORSO<br>ALCIDE DE GASPERI, CORSO ALCIDE DE GASPERI DA VIA SAN<br>MICHELE A VIA CARLO BORSANI, VIALE DELLA COSTITUENTE DA VIA<br>CARLO BORSANI A VIA JACINI, VIA STEFANO JACINI DA VIALE DELLA<br>COSTITUENTE AL CIVICO 148 DI VIA DELLA RESISTENZA, DAL 16 FEBBRAIO<br>2026 AL 30 APRILE 2026 DALLE ORE 07:00 ALLE ORE 12:00 PER LAVORI DI<br>SCAVO PER LA POSA CAVI MT.<br>IMPRESA: DMF COSTRUZIONI S.R.L<br>Per tutto quanto espresso nelle premesse e nelle motivazioni, che qui s’intendo ribadite<br>integralmente:<br>dal 16 Febbraio 2026 al 30 Aprile 2026 dalle ore 07:00 alle ore 12:00<br>L’istituzione temporanea del divieto di sosta ambo i lati e restringimento carreggiata su:<br>• Via Giulio Petroni: Dal civico 90/A a Via Cagnazzi<br>• Via Cagnazzi: Da Via G. Petroni al civico 2/E di Via Cagnazzi<br>• Via Giulio Petroni: Da Via Cagnazzi a Via Monte San Michele<br>• Via Monte San Michele: Da Via G. Petroni a Corso Alcide De Gasperi<br>• Corso Alcide de Gasperi: Da Via San Michele a Via Carlo Borsani<br>• Viale Della Costituente: Da Via Carlo Borsani a Via Jacini<br>• Via Stefano Jacini: Da Viale Della Costituente al civico 148 di Via Della Resistenza<br>TERMINE E DURATA : DAL 16/02/2026 AL 30/04/2026 ORE 07:00-12:00]]></description>
      <styleUrl>#line-E65100-4875</styleUrl>
      <LineString>
        <tessellate>1</tessellate>
        <coordinates>
          16.8716755,41.1036889,0
          16.8716541,41.1033089,0
        </coordinates>
      </LineString>
    </Placemark>
    <Placemark>
      <name>Da Via San Michele a Via Carlo Borsani</name>
      <description><![CDATA[2026/00677<br>https://drive.google.com/file/d/1wRpxanmthWtOhE11Cyeo59LIPeD6i1mk/view<br><br>INTEGRATA:2026/00702<br>https://drive.google.com/file/d/1KO1wk104CB5ovrJlR39WQH0buNZh-0lL/view<br>Aggiunta dicitura: con rimozione forzata ambo i lati<br>ORDINANZA PER ISTITUIRE TEMPORANEAMENTE UN DIVIETO DI SOSTA E<br>RESTRINGIMENTO CARREGGIATA SU VIA GIULIO PETRONI DAL CIVICO<br>90/A A VIA CAGNAZZI,VIA CAGNAZZI DA VIA G. PETRONI AL CIVICO 2/E DI<br>VIA CAGNAZZI, VIA GIULIO PETRONI DA VIA CAGNAZZI A VIA MONTE<br>SAN MICHELE, VIA MONTE SAN MICHELE DA VIA G. PETRONI A CORSO<br>ALCIDE DE GASPERI, CORSO ALCIDE DE GASPERI DA VIA SAN<br>MICHELE A VIA CARLO BORSANI, VIALE DELLA COSTITUENTE DA VIA<br>CARLO BORSANI A VIA JACINI, VIA STEFANO JACINI DA VIALE DELLA<br>COSTITUENTE AL CIVICO 148 DI VIA DELLA RESISTENZA, DAL 16 FEBBRAIO<br>2026 AL 30 APRILE 2026 DALLE ORE 07:00 ALLE ORE 12:00 PER LAVORI DI<br>SCAVO PER LA POSA CAVI MT.<br>IMPRESA: DMF COSTRUZIONI S.R.L<br>Per tutto quanto espresso nelle premesse e nelle motivazioni, che qui s’intendo ribadite<br>integralmente:<br>dal 16 Febbraio 2026 al 30 Aprile 2026 dalle ore 07:00 alle ore 12:00<br>L’istituzione temporanea del divieto di sosta ambo i lati e restringimento carreggiata su:<br>• Via Giulio Petroni: Dal civico 90/A a Via Cagnazzi<br>• Via Cagnazzi: Da Via G. Petroni al civico 2/E di Via Cagnazzi<br>• Via Giulio Petroni: Da Via Cagnazzi a Via Monte San Michele<br>• Via Monte San Michele: Da Via G. Petroni a Corso Alcide De Gasperi<br>• Corso Alcide de Gasperi: Da Via San Michele a Via Carlo Borsani<br>• Viale Della Costituente: Da Via Carlo Borsani a Via Jacini<br>• Via Stefano Jacini: Da Viale Della Costituente al civico 148 di Via Della Resistenza<br>TERMINE E DURATA : DAL 16/02/2026 AL 30/04/2026 ORE 07:00-12:00]]></description>
      <styleUrl>#icon-1541-E65100</styleUrl>
      <Point>
        <coordinates>
          16.8717506,41.103507,0
        </coordinates>
      </Point>
    </Placemark>
    <Placemark>
      <name>Viale Della Costituente: Da Via Carlo Borsani a Via Jacini
• Via Stefano Jacini: Da Viale Della Costituente al civico 148 di Via Della Resistenza
</name>
      <description><![CDATA[2026/00677<br>https://drive.google.com/file/d/1wRpxanmthWtOhE11Cyeo59LIPeD6i1mk/view<br><br>INTEGRATA:2026/00702<br>https://drive.google.com/file/d/1KO1wk104CB5ovrJlR39WQH0buNZh-0lL/view<br>Aggiunta dicitura: con rimozione forzata ambo i lati<br><br>ORDINANZA PER ISTITUIRE TEMPORANEAMENTE UN DIVIETO DI SOSTA E<br>RESTRINGIMENTO CARREGGIATA SU VIA GIULIO PETRONI DAL CIVICO<br>90/A A VIA CAGNAZZI,VIA CAGNAZZI DA VIA G. PETRONI AL CIVICO 2/E DI<br>VIA CAGNAZZI, VIA GIULIO PETRONI DA VIA CAGNAZZI A VIA MONTE<br>SAN MICHELE, VIA MONTE SAN MICHELE DA VIA G. PETRONI A CORSO<br>ALCIDE DE GASPERI, CORSO ALCIDE DE GASPERI DA VIA SAN<br>MICHELE A VIA CARLO BORSANI, VIALE DELLA COSTITUENTE DA VIA<br>CARLO BORSANI A VIA JACINI, VIA STEFANO JACINI DA VIALE DELLA<br>COSTITUENTE AL CIVICO 148 DI VIA DELLA RESISTENZA, DAL 16 FEBBRAIO<br>2026 AL 30 APRILE 2026 DALLE ORE 07:00 ALLE ORE 12:00 PER LAVORI DI<br>SCAVO PER LA POSA CAVI MT.<br>IMPRESA: DMF COSTRUZIONI S.R.L<br>Per tutto quanto espresso nelle premesse e nelle motivazioni, che qui s’intendo ribadite<br>integralmente:<br>dal 16 Febbraio 2026 al 30 Aprile 2026 dalle ore 07:00 alle ore 12:00<br>L’istituzione temporanea del divieto di sosta ambo i lati e restringimento carreggiata su:<br>• Via Giulio Petroni: Dal civico 90/A a Via Cagnazzi<br>• Via Cagnazzi: Da Via G. Petroni al civico 2/E di Via Cagnazzi<br>• Via Giulio Petroni: Da Via Cagnazzi a Via Monte San Michele<br>• Via Monte San Michele: Da Via G. Petroni a Corso Alcide De Gasperi<br>• Corso Alcide de Gasperi: Da Via San Michele a Via Carlo Borsani<br>• Viale Della Costituente: Da Via Carlo Borsani a Via Jacini<br>• Via Stefano Jacini: Da Viale Della Costituente al civico 148 di Via Della Resistenza<br>TERMINE E DURATA : DAL 16/02/2026 AL 30/04/2026 ORE 07:00-12:00]]></description>
      <styleUrl>#line-E65100-4681</styleUrl>
      <LineString>
        <tessellate>1</tessellate>
        <coordinates>
          16.8735945,41.1032613,0
          16.873573,41.1038919,0
          16.8754291,41.1039647,0
          16.8756669,41.1031729,0
        </coordinates>
      </LineString>
    </Placemark>
    <Placemark>
      <name>Viale Della Costituente: Da Via Carlo Borsani a Via Jacini
• Via Stefano Jacini: Da Viale Della Costituente al civico 148 di Via Della Resistenza</name>
      <description><![CDATA[2026/00677<br>https://drive.google.com/file/d/1wRpxanmthWtOhE11Cyeo59LIPeD6i1mk/view<br><br>INTEGRATA:2026/00702<br>https://drive.google.com/file/d/1KO1wk104CB5ovrJlR39WQH0buNZh-0lL/view<br>Aggiunta dicitura: con rimozione forzata ambo i lati<br><br>ORDINANZA PER ISTITUIRE TEMPORANEAMENTE UN DIVIETO DI SOSTA E<br>RESTRINGIMENTO CARREGGIATA SU VIA GIULIO PETRONI DAL CIVICO<br>90/A A VIA CAGNAZZI,VIA CAGNAZZI DA VIA G. PETRONI AL CIVICO 2/E DI<br>VIA CAGNAZZI, VIA GIULIO PETRONI DA VIA CAGNAZZI A VIA MONTE<br>SAN MICHELE, VIA MONTE SAN MICHELE DA VIA G. PETRONI A CORSO<br>ALCIDE DE GASPERI, CORSO ALCIDE DE GASPERI DA VIA SAN<br>MICHELE A VIA CARLO BORSANI, VIALE DELLA COSTITUENTE DA VIA<br>CARLO BORSANI A VIA JACINI, VIA STEFANO JACINI DA VIALE DELLA<br>COSTITUENTE AL CIVICO 148 DI VIA DELLA RESISTENZA, DAL 16 FEBBRAIO<br>2026 AL 30 APRILE 2026 DALLE ORE 07:00 ALLE ORE 12:00 PER LAVORI DI<br>SCAVO PER LA POSA CAVI MT.<br>IMPRESA: DMF COSTRUZIONI S.R.L<br>Per tutto quanto espresso nelle premesse e nelle motivazioni, che qui s’intendo ribadite<br>integralmente:<br>dal 16 Febbraio 2026 al 30 Aprile 2026 dalle ore 07:00 alle ore 12:00<br>L’istituzione temporanea del divieto di sosta ambo i lati e restringimento carreggiata su:<br>• Via Giulio Petroni: Dal civico 90/A a Via Cagnazzi<br>• Via Cagnazzi: Da Via G. Petroni al civico 2/E di Via Cagnazzi<br>• Via Giulio Petroni: Da Via Cagnazzi a Via Monte San Michele<br>• Via Monte San Michele: Da Via G. Petroni a Corso Alcide De Gasperi<br>• Corso Alcide de Gasperi: Da Via San Michele a Via Carlo Borsani<br>• Viale Della Costituente: Da Via Carlo Borsani a Via Jacini<br>• Via Stefano Jacini: Da Viale Della Costituente al civico 148 di Via Della Resistenza<br>TERMINE E DURATA : DAL 16/02/2026 AL 30/04/2026 ORE 07:00-12:00]]></description>
      <styleUrl>#icon-1541-E65100</styleUrl>
      <Point>
        <coordinates>
          16.8744375,41.1040253,0
        </coordinates>
      </Point>
    </Placemark>
    <Placemark>
      <name>Via trevisani/Via Crispi</name>
      <description><![CDATA[https://drive.google.com/file/d/1qQ6KgQ-VMuwoJlXvAh6Eptg83eV4KOR9/view<br><br>2026/00676<br><br>ISTITUZIONE TEMPORANEA DEL DIVIETO DI SOSTA E FERMATA CON<br>RIMOZIONE FORZATA AMBO I LATI E RESTRINGIMENTO DI CARREGGIATA<br>IN VIA TREVISANI (DA VIA A. GIMMA A VIA F. CRISPI) E VIA F. CRISPI (DA VIA<br>A. GIMMA AL CIV 74) DAL GIORNO 13 FEBBRAIO 2026 AL GIORNO 27<br>FEBBRAIO 2026 DALLE ORE 07.00 ALLE ORE 17.00 PER LAVORI DI<br>RIPRISTINO MANTO STRADALE C/ENEL.<br>RICHIEDENTE: ENEL DISTRIBUZIONE S.P.A.<br>DITTA ESECUTRICE: NORD COSTRUZIONI GENERALI SRL<br>d dal giorno 13 Febbraio 2026 al giorno 27 Febbraio 2026 dalle ore 07.00 alle ore 17.00 istituzione temporanea<br>del divieto di sosta e fermata con rimozione forzata ambo i lati e il restringimento della carreggiata su:<br> via Trevisani (da via A. Gimma a via F. Crispi)<br> via F. Crispi (da via A. Gimma al civ 74)<br>La graduazione della velocità in avvicinamento per metri 100 all’area del lavori con limite pari a 20 km/h.<br>Durante l’esecuzione dei lavori dovrà essere garantito l’accesso/uscita in zona ai residenti e mezzi di soccorso e/o polizia<br>e dovrà essere prevista la presenza di movieri, dotati di idoneo equipaggiamento, che dovranno sovraintendere alle<br>esigenze della circolazione stradale visto il restringimento della carreggiata e del senso unico alternato, con particolare<br>attenzione al transito pedonale e alle persone con ridotte capacità motorie.<br>A tal fine dovrà permanere transitabile e sgombra da ogni mezzo e materiale una corsia di larghezza non inferiore a<br>metri 3.50.<br>Dovranno essere inoltre assicurati gli accessi privati.<br>Tutti i provvedimenti in contrasto con la presente sono momentaneamente e provvisoriamente sospesi e divengono<br>nuovamente efficaci all’esaurimento dei termini previsti dal presente disposto.<br>TERMINE E DURATA: DAL 13/02/2026 AL 27/02/2026 ORE 07:00-17:00 ]]></description>
      <styleUrl>#line-E65100-4681</styleUrl>
      <LineString>
        <tessellate>1</tessellate>
        <coordinates>
          16.8597226,41.1240907,0
          16.8596529,41.1249454,0
          16.8580436,41.1243292,0
        </coordinates>
      </LineString>
    </Placemark>
    <Placemark>
      <name>restringimento carreggiata/divieto di sosta e fermata</name>
      <description><![CDATA[https://drive.google.com/file/d/1qQ6KgQ-VMuwoJlXvAh6Eptg83eV4KOR9/view<br><br>2026/00676<br><br>ISTITUZIONE TEMPORANEA DEL DIVIETO DI SOSTA E FERMATA CON<br>RIMOZIONE FORZATA AMBO I LATI E RESTRINGIMENTO DI CARREGGIATA<br>IN VIA TREVISANI (DA VIA A. GIMMA A VIA F. CRISPI) E VIA F. CRISPI (DA VIA<br>A. GIMMA AL CIV 74) DAL GIORNO 13 FEBBRAIO 2026 AL GIORNO 27<br>FEBBRAIO 2026 DALLE ORE 07.00 ALLE ORE 17.00 PER LAVORI DI<br>RIPRISTINO MANTO STRADALE C/ENEL.<br>RICHIEDENTE: ENEL DISTRIBUZIONE S.P.A.<br>DITTA ESECUTRICE: NORD COSTRUZIONI GENERALI SRL<br>d dal giorno 13 Febbraio 2026 al giorno 27 Febbraio 2026 dalle ore 07.00 alle ore 17.00 istituzione temporanea<br>del divieto di sosta e fermata con rimozione forzata ambo i lati e il restringimento della carreggiata su:<br> via Trevisani (da via A. Gimma a via F. Crispi)<br> via F. Crispi (da via A. Gimma al civ 74)<br>La graduazione della velocità in avvicinamento per metri 100 all’area del lavori con limite pari a 20 km/h.<br>Durante l’esecuzione dei lavori dovrà essere garantito l’accesso/uscita in zona ai residenti e mezzi di soccorso e/o polizia<br>e dovrà essere prevista la presenza di movieri, dotati di idoneo equipaggiamento, che dovranno sovraintendere alle<br>esigenze della circolazione stradale visto il restringimento della carreggiata e del senso unico alternato, con particolare<br>attenzione al transito pedonale e alle persone con ridotte capacità motorie.<br>A tal fine dovrà permanere transitabile e sgombra da ogni mezzo e materiale una corsia di larghezza non inferiore a<br>metri 3.50.<br>Dovranno essere inoltre assicurati gli accessi privati.<br>Tutti i provvedimenti in contrasto con la presente sono momentaneamente e provvisoriamente sospesi e divengono<br>nuovamente efficaci all’esaurimento dei termini previsti dal presente disposto.<br>TERMINE E DURATA: DAL 13/02/2026 AL 27/02/2026 ORE 07:00-17:00 ]]></description>
      <styleUrl>#icon-1541-E65100</styleUrl>
      <Point>
        <coordinates>
          16.8595961,41.1248225,0
        </coordinates>
      </Point>
    </Placemark>
    <Placemark>
      <name><![CDATA[Trasferimento del mercato settimanale di via Portoghese nel park&ride di via Brigata Regina]]></name>
      <description><![CDATA[COMUNICATO 10/02/2026:<br>https://www.comune.bari.it/-/trasferimento-del-mercato-settimanale-di-via-portoghese-nel-park-ride-di-via-brigata-regina<br><br>Il mercato settimanale di via Portoghese sarà presto trasferito nell’area adibita a park&ride di via Brigata Regina, ad angolo con corso Vittorio Veneto. È quanto emerso nella giornata di ieri a seguito dell’incontro che l’assessore allo Sviluppo locale Pietro Petruzzelli ha tenuto con gli operatori mercatali, condividendo l’ipotesi di un trasferimento temporaneo del mercato, attualmente in programma ogni lunedì nei pressi dello Stadio del Nuoto.<br><br>Pertanto, l’appuntamento con il mercato settimanale di San Girolamo si terrà quanto prima nell’area parcheggio del quartiere Libertà, che però non è sufficientemente ampia per ospitare gli oltre 200 stalli presenti in via Portoghese: su impulso degli stessi operatori, perciò, si è stabilito di organizzare gli stalli in due turni mensili, in modo da consentire ai commercianti di partecipare al mercato ogni due settimane.<br><br>Gli utenti, inoltre, avranno la possibilità di parcheggiare la propria auto nell’area di sosta in via Verdi, accanto alla Fiera del Levante: a tal fine i cittadini potranno usufruire del servizio di trasporto della navetta A, a cura di Amtab, che proseguirà la corsa fino in via Verdi.<br><br>Il trasferimento si è reso necessario per permettere il completamento dei lavori in via di Maratona, dove è in corso il cantiere per la realizzazione del primo del tratto della corsia delle linee Verde e Blu, con relativo hub del servizio.<br><br>“Si tratta di una sperimentazione che vogliamo avviare il prima possibile, nelle more che venga realizzato il park&ride in via Tommaso Fiore dove i mercatali si trasferiranno definitivamente - commenta Pietro Petruzzelli -. Proprio a seguito di una serie di interlocuzioni con loro abbiamo deciso insieme di trasferire il mercato del lunedì in un’area viva e urbanizzata del quartiere Libertà, dove la spesa al mercato rappresenta anche un rito settimanale. Sono stati gli stessi commercianti a suggerire questa ipotesi, dopo aver preso in considerazione quella in via Verdi, che diventerà capolinea del Brt e quindi è già allestita come area di sosta di prossimità ed è più adeguata a ospitare le auto. In questo modo offriamo ai mercatali la possibilità di svolgere il proprio lavoro con maggiore serenità e, contemporaneamente, al cantiere per il Brt di proseguire senza intoppi”.]]></description>
      <styleUrl>#icon-1685-006064</styleUrl>
      <Point>
        <coordinates>
          16.8520757,41.1282585,0
        </coordinates>
      </Point>
    </Placemark>
    <Placemark>
      <name>BRT: Rotatoria Via Magna Grecia/Via Caldarola</name>
      <description><![CDATA[Ordinanza: 2026/00687<br><br>http://drive.google.com/file/d/1jBxJXH4I3656QAFf-5a8n8jRG3xHSzfi/view<br><br>LAVORI DI REALIZZAZIONE DI UN SISTEMA BRT PER LA CITTÀ DI BARI -<br>FINANZIATO DALLA UNIONE EUROPEA NEXT GENERATION EU -<br>TRASPORTO RAPIDO DI MASSA - MISURA M2C2 - INV 4.2 DEL PNRR - CUP:<br>J91B21002850001<br>REGOLAMENTAZIONE TEMPORANEA DELLA CIRCOLAZIONE STRADALE<br>SULLA ROTATORIA TRA VIA CALDAROLA E VIA MAGNA GRECIA <br>IMPRESA ESECUTRICE: R.T.I. COBAR S.P.A. - MER MEC STE S.R.L.<br><br>Nello specifico:<br>L’istituzione del restringimento di carreggiata a tutti i veicoli sulla rotatoria tra via Caldarola e via Magna Grecia<br><br>Durata e Tempistiche: 11/02/2026 - 11/03/2026]]></description>
      <styleUrl>#icon-1541-E65100</styleUrl>
      <Point>
        <coordinates>
          16.8904465,41.1101201,0
        </coordinates>
      </Point>
    </Placemark>
    <Placemark>
      <name>Restingimento carreggiata/divieto di fermata</name>
      <description><![CDATA[2026/00686<br>https://drive.google.com/file/d/1Zl2WOrQqael15Y09BWpFEMa9cM3IKfkx/view?usp=sharing<br><br> LAVORI DI REALIZZAZIONE DI UN SISTEMA BRT PER LA CITTÀ DI BARI - FINANZIATO DALLA UNIONE EUROPEA NEXT GENERATION EU - TRASPORTO RAPIDO DI MASSA - MISURA M2C2 - INV 4.2 DEL PNRR - CUP: J91B21002850001<br>REGOLAMENTAZIONE TEMPORANEA DELLA CIRCOLAZIONE STRADALE SU<br>VIA CALDAROLA NEL TRATTO STRADALE COMPRESO TRA VIA CAVALIERI DI VITTORIO VENETO E VIALE ARCHIMEDE DAL GIORNO 12.02.2026 AL GIORNO 12.03.2026<br>IMPRESA ESECUTRICE: R.T.I. COBAR S.P.A. - MER MEC STE S.R.L.<br><br>1) Dal giorno 12.02.2026 al giorno 12.03.2026 sono istituiti i seguenti provvedimenti temporanei di circolazione:<br>a) L’istituzione del restringimento di carreggiata a tutti i veicoli su:<br>i) via Caldarola nel tratto stradale compreso tra via Cavalieri di Vittorio Veneto e viale Archimede, su entrambe le carreggiate.<br>b) L’istituzione del divieto di fermata a tutti i veicoli su:<br>i) via Caldarola nel tratto stradale compreso tra via Cavalieri di Vittorio Veneto e viale Archimede, su entrambe le carreggiate.<br>2) Dagli obblighi e divieti di cui al punto 1) sono esclusi:<br>i) i veicoli al servizio, ovvero di proprietà dell’impresa esecutrice dei lavori e sue subappaltatrici;<br>ii) i veicoli delle forze dell’ordine, dei vigili del fuoco e delle ambulanze durante l’espletamento di servizi d’istituto e di soccorso pubblico e d’emergenza;<br><br>Durata e tempistiche: 12.02.2026 -  12.03.2026]]></description>
      <styleUrl>#icon-1541-E65100</styleUrl>
      <Point>
        <coordinates>
          16.8972471,41.1071584,0
        </coordinates>
      </Point>
    </Placemark>
    <Placemark>
      <name>via caldarola</name>
      <description><![CDATA[2026/00686<br>https://drive.google.com/file/d/1Zl2WOrQqael15Y09BWpFEMa9cM3IKfkx/view?usp=sharing<br><br> LAVORI DI REALIZZAZIONE DI UN SISTEMA BRT PER LA CITTÀ DI BARI - FINANZIATO DALLA UNIONE EUROPEA NEXT GENERATION EU - TRASPORTO RAPIDO DI MASSA - MISURA M2C2 - INV 4.2 DEL PNRR - CUP: J91B21002850001<br>REGOLAMENTAZIONE TEMPORANEA DELLA CIRCOLAZIONE STRADALE SU<br>VIA CALDAROLA NEL TRATTO STRADALE COMPRESO TRA VIA CAVALIERI DI VITTORIO VENETO E VIALE ARCHIMEDE DAL GIORNO 12.02.2026 AL GIORNO 12.03.2026<br>IMPRESA ESECUTRICE: R.T.I. COBAR S.P.A. - MER MEC STE S.R.L.<br><br>1) Dal giorno 12.02.2026 al giorno 12.03.2026 sono istituiti i seguenti provvedimenti temporanei di circolazione:<br>a) L’istituzione del restringimento di carreggiata a tutti i veicoli su:<br>i) via Caldarola nel tratto stradale compreso tra via Cavalieri di Vittorio Veneto e viale Archimede, su entrambe le carreggiate.<br>b) L’istituzione del divieto di fermata a tutti i veicoli su:<br>i) via Caldarola nel tratto stradale compreso tra via Cavalieri di Vittorio Veneto e viale Archimede, su entrambe le carreggiate.<br>2) Dagli obblighi e divieti di cui al punto 1) sono esclusi:<br>i) i veicoli al servizio, ovvero di proprietà dell’impresa esecutrice dei lavori e sue subappaltatrici;<br>ii) i veicoli delle forze dell’ordine, dei vigili del fuoco e delle ambulanze durante l’espletamento di servizi d’istituto e di soccorso pubblico e d’emergenza;<br><br>Durata e tempistiche: 12.02.2026 - 12.03.2026]]></description>
      <styleUrl>#line-E65100-5844</styleUrl>
      <LineString>
        <tessellate>1</tessellate>
        <coordinates>
          16.8955233,41.107985,0
          16.899779,41.106198,0
        </coordinates>
      </LineString>
    </Placemark>
    <Placemark>
      <name>Corso Alcide de Gasperi 453</name>
      <description><![CDATA[proroga: 2026/00691<br><br>https://drive.google.com/file/d/1W_00bXS_3ViFvxsJtAOm3FP6uj-9l0fC/view<br>2025/03910<br><br>https://drive.google.com/file/d/1L0f3dV0T81m-ZajwZJ7E6PhIpRJ43Ybc/view<br><br>ORDINANZA PER ISTITUIRE TEMPORANEAMENTE UN DIVIETO DI SOSTA<br>AMBO I LATI DELLA CARREGGIATA CON RESTRINGIMENTO CARREGGIATA<br>SU CORSO ALCIDE DE GASPERI CIVICO 453 FINO A VIA AVVOCATO<br>ONOFRIO LATTANZIO, PER LAVORI DI SCAVO PER LA POSA CAVI MT DAL<br>09/12/2025 AL 31/01/2026.<br>IMPRESA: DMF COSTRUZIONI S.R.L.<br>ISTANTE: LOSACCO LUIGI (LEGALE RAPPRESENTANTE DELLA DMF<br>COSTRUZIONI S.R.L.)<br><br>1. L’istituzione temporanea del divieto di sosta ambo i lati della carreggiata con restringimento carreggiata<br>su Corso Alcide de Gasperi civico 453 fino a via Avvocato Onofrio Lattanzio, per lavori di scavo per la<br>posa cavi MT;<br>2. Al fine della sicurezza pedonale e veicolare, verranno utilizzati i movieri per la gestione della mobilità e<br>l’utilizzo di transenne metalliche modulari (di dimensioni 3,00 x 2,00) per la delimitazione diurna e<br>notturna del cantiere;<br><br>3. Tutti i provvedimenti in contrasto con la presente sono momentaneamente e provvisoriamente sospesi e<br>divengono nuovamente efficaci all’esaurimento dei termini previsti dal presente disposto;<br><br>Durata e tempistiche: dal 09/12/2025 al 31/01/2026<br>Prorogata: fino al 31/03/2026]]></description>
      <styleUrl>#line-E65100-4681</styleUrl>
      <LineString>
        <tessellate>1</tessellate>
        <coordinates>
          16.8695872,41.0891101,0
          16.8699177,41.0908262,0
        </coordinates>
      </LineString>
    </Placemark>
    <Placemark>
      <name>DIVIETO DI SOSTA
AMBO I LATI CON RESTRINGIMENTO CARREGGIATA</name>
      <description><![CDATA[proroga: 2026/00691<br><br>https://drive.google.com/file/d/1W_00bXS_3ViFvxsJtAOm3FP6uj-9l0fC/view<br><br>2025/03910<br><br>https://drive.google.com/file/d/1L0f3dV0T81m-ZajwZJ7E6PhIpRJ43Ybc/view<br><br>ORDINANZA PER ISTITUIRE TEMPORANEAMENTE UN DIVIETO DI SOSTA<br>AMBO I LATI DELLA CARREGGIATA CON RESTRINGIMENTO CARREGGIATA<br>SU CORSO ALCIDE DE GASPERI CIVICO 453 FINO A VIA AVVOCATO<br>ONOFRIO LATTANZIO, PER LAVORI DI SCAVO PER LA POSA CAVI MT DAL<br>09/12/2025 AL 31/01/2026.<br>IMPRESA: DMF COSTRUZIONI S.R.L.<br>ISTANTE: LOSACCO LUIGI (LEGALE RAPPRESENTANTE DELLA DMF<br>COSTRUZIONI S.R.L.)<br><br>1. L’istituzione temporanea del divieto di sosta ambo i lati della carreggiata con restringimento carreggiata<br>su Corso Alcide de Gasperi civico 453 fino a via Avvocato Onofrio Lattanzio, per lavori di scavo per la<br>posa cavi MT;<br>2. Al fine della sicurezza pedonale e veicolare, verranno utilizzati i movieri per la gestione della mobilità e<br>l’utilizzo di transenne metalliche modulari (di dimensioni 3,00 x 2,00) per la delimitazione diurna e<br>notturna del cantiere;<br><br>3. Tutti i provvedimenti in contrasto con la presente sono momentaneamente e provvisoriamente sospesi e<br>divengono nuovamente efficaci all’esaurimento dei termini previsti dal presente disposto;<br><br>Durata e tempistiche: dal 09/12/2025 al 31/01/2026<br>Prorogata: fino al 31/03/2026]]></description>
      <styleUrl>#icon-1541-E65100</styleUrl>
      <Point>
        <coordinates>
          16.8686752,41.0891954,0
        </coordinates>
      </Point>
    </Placemark>
    <Placemark>
      <name><![CDATA[corso Alcide De Gasperi/via Geremia d'Erasmo]]></name>
      <description><![CDATA[PROROGA: 2026/00692<br>https://drive.google.com/file/d/1W1XO9wvOx6csRDNbREF2tohoopKqOFWu/view?usp=sharing<br><br>2025/03881<br>https://drive.google.com/file/d/1ebs16qlg1SdmD1fHZN1_Zm_FIo0BOsKC/view<br><br>Proroga all’Ordinanza Dirigenziale n. 2025/02831 del 26/09/2025<br><br>PROROGA ORDINANZA DIRIGENZIALE N. 2025/02831 DEL 26/09/2025. ORDINANZA PER ISTITUIRE TEMPORANEAMENTE UN DIVIETO DI SOSTA AMBO I LATI DELLA CARREGGIATA CON RESTRINGIMENTO CARREGGIATA SU CORSO ARCIDE DE GASPERI DAL CIV. 453 A VIA GEREMIA D’ERASMO E SU VIA D’ERASMO DA CORSO ARCIDE DE GASPERI FINO AL CIVICO 2, PER LAVORI DI SCAVO PER LA POSA CAVI MT DAL 01/12/2025 AL 31/01/2026. IMPRESA: DMF COSTRUZIONI S.R.L. ISTANTE: LOSACCO LUIGI (LEGALE RAPPRESENTANTE DELLA DMF COSTRUZIONI S.R.L.)<br><br>1. L’istituzione temporanea del divieto di sosta ambo i lati della carreggiata con restringimento carreggiata su corso Alcide de Gasperi dal civ. 453 a via Geremia d’Erasmo e su via D’Erasmo da Corso Arcide de Gasperi fino al civico 2; <br><br>Durata e tempistiche: 01/12/2025 - 31/01/2026<br>Proroga: SINO AL 31/03/2026.]]></description>
      <styleUrl>#line-E65100-6425</styleUrl>
      <LineString>
        <tessellate>1</tessellate>
        <coordinates>
          16.8695617,41.0889843,0
          16.8691111,41.0863158,0
          16.8687785,41.0852727,0
          16.8690896,41.0831539,0
          16.8693042,41.0809785,0
          16.8685102,41.0808976,0
        </coordinates>
      </LineString>
    </Placemark>
    <Placemark>
      <name>Via Ospedale Di venere</name>
      <description><![CDATA[2026/00688<br>https://drive.google.com/file/d/1rwBIhTXHYngedo-ihUEmUyiW005Wn5Ez/view?usp=sharing<br><br>P1557 LOTTO 1. ORDINANZA PER ISTITUIRE TEMPORANEAMENTE UN DIVIETO DI SOSTA, DI FERMATA AMBO I LATI CON RESTRINGIMENTO<br>CARREGGIATA SU VIA OSPEDALE DI VENERE, STR. DELLA VELA, VIA BONIFACIO, VIA GIUSEPPE MASSARI, CORSO VITTORIO EMANUELE, CONTRADA FERRIGNI, VIA VITTORIO VENETO, VIA UGO FOSCOLO, VIA<br>ZARA, VIA GRADISCA, P.ZZA UMBERTO I (MUNICIPIO 4), PER INTERVENTI MIRATI A CONSEGUIRE LA DISTRETTUALIZZAZIONE, IL CONTROLLO DELLE PRESSIONI ED IL MONITORAGGIO DELLE GRANDEZZE IDRAULICHE NELLE RETI IDRICHE E SOSTITUZIONE DEI TRONCHI VETUSTI ED AMMALORATI DAL 11/02/2026 AL 23/03/2026 E COMUNQUE FINO A FINE LAVORI.<br>SOCIETÀ: ACCIONA AGUA S.A.<br>Durata e tempistiche: 11/02/2026 - 27/03/2026]]></description>
      <styleUrl>#line-E65100-3713</styleUrl>
      <LineString>
        <tessellate>1</tessellate>
        <coordinates>
          16.8619419,41.077466,0
          16.8646885,41.0764874,0
        </coordinates>
      </LineString>
    </Placemark>
    <Placemark>
      <name>DIVIETO DI SOSTA, DI FERMATA AMBO I LATI CON RESTINGIMENTO CARREGGIATA</name>
      <description><![CDATA[2026/00688<br>https://drive.google.com/file/d/1rwBIhTXHYngedo-ihUEmUyiW005Wn5Ez/view?usp=sharing<br><br>P1557 LOTTO 1. ORDINANZA PER ISTITUIRE TEMPORANEAMENTE UN DIVIETO DI SOSTA, DI FERMATA AMBO I LATI CON RESTRINGIMENTO<br>CARREGGIATA SU VIA OSPEDALE DI VENERE, STR. DELLA VELA, VIA BONIFACIO, VIA GIUSEPPE MASSARI, CORSO VITTORIO EMANUELE, CONTRADA FERRIGNI, VIA VITTORIO VENETO, VIA UGO FOSCOLO, VIA<br>ZARA, VIA GRADISCA, P.ZZA UMBERTO I (MUNICIPIO 4), PER INTERVENTI MIRATI A CONSEGUIRE LA DISTRETTUALIZZAZIONE, IL CONTROLLO DELLE PRESSIONI ED IL MONITORAGGIO DELLE GRANDEZZE IDRAULICHE NELLE RETI IDRICHE E SOSTITUZIONE DEI TRONCHI VETUSTI ED AMMALORATI DAL 11/02/2026 AL 23/03/2026 E COMUNQUE FINO A FINE LAVORI.<br>SOCIETÀ: ACCIONA AGUA S.A.<br>Durata e tempistiche: dal 11/02/2026 al 27/03/2026]]></description>
      <styleUrl>#icon-1541-E65100</styleUrl>
      <Point>
        <coordinates>
          16.864364,41.0766255,0
        </coordinates>
      </Point>
    </Placemark>
    <Placemark>
      <name>Strada della Vela </name>
      <description><![CDATA[2026/00688<br>https://drive.google.com/file/d/1rwBIhTXHYngedo-ihUEmUyiW005Wn5Ez/view?usp=sharing<br><br>P1557 LOTTO 1. ORDINANZA PER ISTITUIRE TEMPORANEAMENTE UN DIVIETO DI SOSTA, DI FERMATA AMBO I LATI CON RESTRINGIMENTO<br>CARREGGIATA SU VIA OSPEDALE DI VENERE, STR. DELLA VELA, VIA BONIFACIO, VIA GIUSEPPE MASSARI, CORSO VITTORIO EMANUELE, CONTRADA FERRIGNI, VIA VITTORIO VENETO, VIA UGO FOSCOLO, VIA<br>ZARA, VIA GRADISCA, P.ZZA UMBERTO I (MUNICIPIO 4), PER INTERVENTI MIRATI A CONSEGUIRE LA DISTRETTUALIZZAZIONE, IL CONTROLLO DELLE PRESSIONI ED IL MONITORAGGIO DELLE GRANDEZZE IDRAULICHE NELLE RETI IDRICHE E SOSTITUZIONE DEI TRONCHI VETUSTI ED AMMALORATI DAL 11/02/2026 AL 23/03/2026 E COMUNQUE FINO A FINE LAVORI.<br>SOCIETÀ: ACCIONA AGUA S.A.<br>Durata e tempistiche: 11/02/2026 - 27/03/2026]]></description>
      <styleUrl>#line-E65100-3325</styleUrl>
      <LineString>
        <tessellate>1</tessellate>
        <coordinates>
          16.8722351,41.0740475,0
          16.8733616,41.0742255,0
          16.8744452,41.0745571,0
          16.8753143,41.074921,0
          16.8757649,41.0750909,0
          16.8760009,41.0750019,0
          16.8763764,41.0752446,0
          16.8770738,41.0754387,0
          16.8784256,41.0756732,0
          16.879638,41.0761019,0
          16.8806465,41.0766599,0
          16.8809791,41.0768257,0
          16.8817355,41.0769147,0
          16.8820252,41.0769713,0
          16.8831517,41.0773433,0
          16.8841817,41.0775213,0
          16.8852009,41.077679,0
        </coordinates>
      </LineString>
    </Placemark>
    <Placemark>
      <name>DIVIETO DI SOSTA, DI FERMATA AMBO I LATI CON RESTINGIMENTO CARREGGIATA</name>
      <description><![CDATA[2026/00688<br>https://drive.google.com/file/d/1rwBIhTXHYngedo-ihUEmUyiW005Wn5Ez/view?usp=sharing<br><br>P1557 LOTTO 1. ORDINANZA PER ISTITUIRE TEMPORANEAMENTE UN DIVIETO DI SOSTA, DI FERMATA AMBO I LATI CON RESTRINGIMENTO<br>CARREGGIATA SU VIA OSPEDALE DI VENERE, STR. DELLA VELA, VIA BONIFACIO, VIA GIUSEPPE MASSARI, CORSO VITTORIO EMANUELE, CONTRADA FERRIGNI, VIA VITTORIO VENETO, VIA UGO FOSCOLO, VIA<br>ZARA, VIA GRADISCA, P.ZZA UMBERTO I (MUNICIPIO 4), PER INTERVENTI MIRATI A CONSEGUIRE LA DISTRETTUALIZZAZIONE, IL CONTROLLO DELLE PRESSIONI ED IL MONITORAGGIO DELLE GRANDEZZE IDRAULICHE NELLE RETI IDRICHE E SOSTITUZIONE DEI TRONCHI VETUSTI ED AMMALORATI DAL 11/02/2026 AL 23/03/2026 E COMUNQUE FINO A FINE LAVORI.<br>SOCIETÀ: ACCIONA AGUA S.A.<br>Durata e tempistiche: dal 11/02/2026 al 27/03/2026]]></description>
      <styleUrl>#icon-1541-E65100</styleUrl>
      <Point>
        <coordinates>
          16.8788631,41.0758669,0
        </coordinates>
      </Point>
    </Placemark>
    <Placemark>
      <name>Via Bonifacio</name>
      <description><![CDATA[2026/00688<br>https://drive.google.com/file/d/1rwBIhTXHYngedo-ihUEmUyiW005Wn5Ez/view?usp=sharing<br><br>P1557 LOTTO 1. ORDINANZA PER ISTITUIRE TEMPORANEAMENTE UN DIVIETO DI SOSTA, DI FERMATA AMBO I LATI CON RESTRINGIMENTO<br>CARREGGIATA SU VIA OSPEDALE DI VENERE, STR. DELLA VELA, VIA BONIFACIO, VIA GIUSEPPE MASSARI, CORSO VITTORIO EMANUELE, CONTRADA FERRIGNI, VIA VITTORIO VENETO, VIA UGO FOSCOLO, VIA<br>ZARA, VIA GRADISCA, P.ZZA UMBERTO I (MUNICIPIO 4), PER INTERVENTI MIRATI A CONSEGUIRE LA DISTRETTUALIZZAZIONE, IL CONTROLLO DELLE PRESSIONI ED IL MONITORAGGIO DELLE GRANDEZZE IDRAULICHE NELLE RETI IDRICHE E SOSTITUZIONE DEI TRONCHI VETUSTI ED AMMALORATI DAL 11/02/2026 AL 23/03/2026 E COMUNQUE FINO A FINE LAVORI.<br>SOCIETÀ: ACCIONA AGUA S.A.<br>Durata e tempistiche: 11/02/2026 - 27/03/2026]]></description>
      <styleUrl>#line-E65100-3906</styleUrl>
      <LineString>
        <tessellate>1</tessellate>
        <coordinates>
          16.8651048,41.069173,0
          16.8660543,41.0709808,0
          16.8667088,41.0722749,0
          16.8671111,41.0730757,0
        </coordinates>
      </LineString>
    </Placemark>
    <Placemark>
      <name>DIVIETO DI SOSTA, DI FERMATA AMBO I LATI CON RESTINGIMENTO CARREGGIATA</name>
      <description><![CDATA[2026/00688<br>https://drive.google.com/file/d/1rwBIhTXHYngedo-ihUEmUyiW005Wn5Ez/view?usp=sharing<br><br>P1557 LOTTO 1. ORDINANZA PER ISTITUIRE TEMPORANEAMENTE UN DIVIETO DI SOSTA, DI FERMATA AMBO I LATI CON RESTRINGIMENTO<br>CARREGGIATA SU VIA OSPEDALE DI VENERE, STR. DELLA VELA, VIA BONIFACIO, VIA GIUSEPPE MASSARI, CORSO VITTORIO EMANUELE, CONTRADA FERRIGNI, VIA VITTORIO VENETO, VIA UGO FOSCOLO, VIA<br>ZARA, VIA GRADISCA, P.ZZA UMBERTO I (MUNICIPIO 4), PER INTERVENTI MIRATI A CONSEGUIRE LA DISTRETTUALIZZAZIONE, IL CONTROLLO DELLE PRESSIONI ED IL MONITORAGGIO DELLE GRANDEZZE IDRAULICHE NELLE RETI IDRICHE E SOSTITUZIONE DEI TRONCHI VETUSTI ED AMMALORATI DAL 11/02/2026 AL 23/03/2026 E COMUNQUE FINO A FINE LAVORI.<br>SOCIETÀ: ACCIONA AGUA S.A.<br>Durata e tempistiche: dal 11/02/2026 al 27/03/2026]]></description>
      <styleUrl>#icon-1541-E65100</styleUrl>
      <Point>
        <coordinates>
          16.8660892,41.0710374,0
        </coordinates>
      </Point>
    </Placemark>
    <Placemark>
      <name>Via G. Massari</name>
      <description><![CDATA[2026/00688<br>https://drive.google.com/file/d/1rwBIhTXHYngedo-ihUEmUyiW005Wn5Ez/view?usp=sharing<br><br>P1557 LOTTO 1. ORDINANZA PER ISTITUIRE TEMPORANEAMENTE UN DIVIETO DI SOSTA, DI FERMATA AMBO I LATI CON RESTRINGIMENTO<br>CARREGGIATA SU VIA OSPEDALE DI VENERE, STR. DELLA VELA, VIA BONIFACIO, VIA GIUSEPPE MASSARI, CORSO VITTORIO EMANUELE, CONTRADA FERRIGNI, VIA VITTORIO VENETO, VIA UGO FOSCOLO, VIA<br>ZARA, VIA GRADISCA, P.ZZA UMBERTO I (MUNICIPIO 4), PER INTERVENTI MIRATI A CONSEGUIRE LA DISTRETTUALIZZAZIONE, IL CONTROLLO DELLE PRESSIONI ED IL MONITORAGGIO DELLE GRANDEZZE IDRAULICHE NELLE RETI IDRICHE E SOSTITUZIONE DEI TRONCHI VETUSTI ED AMMALORATI DAL 11/02/2026 AL 23/03/2026 E COMUNQUE FINO A FINE LAVORI.<br>SOCIETÀ: ACCIONA AGUA S.A.<br>Durata e tempistiche: 11/02/2026 - 27/03/2026]]></description>
      <styleUrl>#line-E65100-4488</styleUrl>
      <LineString>
        <tessellate>1</tessellate>
        <coordinates>
          16.8691926,41.0714057,0
          16.869493,41.0718314,0
        </coordinates>
      </LineString>
    </Placemark>
    <Placemark>
      <name>DIVIETO DI SOSTA, DI FERMATA AMBO I LATI CON RESTINGIMENTO CARREGGIATA</name>
      <description><![CDATA[2026/00688<br>https://drive.google.com/file/d/1rwBIhTXHYngedo-ihUEmUyiW005Wn5Ez/view?usp=sharing<br><br>P1557 LOTTO 1. ORDINANZA PER ISTITUIRE TEMPORANEAMENTE UN DIVIETO DI SOSTA, DI FERMATA AMBO I LATI CON RESTRINGIMENTO<br>CARREGGIATA SU VIA OSPEDALE DI VENERE, STR. DELLA VELA, VIA BONIFACIO, VIA GIUSEPPE MASSARI, CORSO VITTORIO EMANUELE, CONTRADA FERRIGNI, VIA VITTORIO VENETO, VIA UGO FOSCOLO, VIA<br>ZARA, VIA GRADISCA, P.ZZA UMBERTO I (MUNICIPIO 4), PER INTERVENTI MIRATI A CONSEGUIRE LA DISTRETTUALIZZAZIONE, IL CONTROLLO DELLE PRESSIONI ED IL MONITORAGGIO DELLE GRANDEZZE IDRAULICHE NELLE RETI IDRICHE E SOSTITUZIONE DEI TRONCHI VETUSTI ED AMMALORATI DAL 11/02/2026 AL 23/03/2026 E COMUNQUE FINO A FINE LAVORI.<br>SOCIETÀ: ACCIONA AGUA S.A.<br>Durata e tempistiche: dal 11/02/2026 al 27/03/2026]]></description>
      <styleUrl>#icon-1541-E65100</styleUrl>
      <Point>
        <coordinates>
          16.8693567,41.0716416,0
        </coordinates>
      </Point>
    </Placemark>
    <Placemark>
      <name>Corso Vittorio Emanuele</name>
      <description><![CDATA[2026/00688<br>https://drive.google.com/file/d/1rwBIhTXHYngedo-ihUEmUyiW005Wn5Ez/view?usp=sharing<br><br>P1557 LOTTO 1. ORDINANZA PER ISTITUIRE TEMPORANEAMENTE UN DIVIETO DI SOSTA, DI FERMATA AMBO I LATI CON RESTRINGIMENTO<br>CARREGGIATA SU VIA OSPEDALE DI VENERE, STR. DELLA VELA, VIA BONIFACIO, VIA GIUSEPPE MASSARI, CORSO VITTORIO EMANUELE, CONTRADA FERRIGNI, VIA VITTORIO VENETO, VIA UGO FOSCOLO, VIA<br>ZARA, VIA GRADISCA, P.ZZA UMBERTO I (MUNICIPIO 4), PER INTERVENTI MIRATI A CONSEGUIRE LA DISTRETTUALIZZAZIONE, IL CONTROLLO DELLE PRESSIONI ED IL MONITORAGGIO DELLE GRANDEZZE IDRAULICHE NELLE RETI IDRICHE E SOSTITUZIONE DEI TRONCHI VETUSTI ED AMMALORATI DAL 11/02/2026 AL 23/03/2026 E COMUNQUE FINO A FINE LAVORI.<br>SOCIETÀ: ACCIONA AGUA S.A.<br>Durata e tempistiche: 11/02/2026 - 27/03/2026]]></description>
      <styleUrl>#line-E65100-3713</styleUrl>
      <LineString>
        <tessellate>1</tessellate>
        <coordinates>
          16.8715756,41.0712078,0
          16.8699019,41.0722634,0
          16.8702466,41.073427,0
        </coordinates>
      </LineString>
    </Placemark>
    <Placemark>
      <name>DIVIETO DI SOSTA, DI FERMATA AMBO I LATI CON RESTINGIMENTO CARREGGIATA</name>
      <description><![CDATA[2026/00688<br>https://drive.google.com/file/d/1rwBIhTXHYngedo-ihUEmUyiW005Wn5Ez/view?usp=sharing<br><br>P1557 LOTTO 1. ORDINANZA PER ISTITUIRE TEMPORANEAMENTE UN DIVIETO DI SOSTA, DI FERMATA AMBO I LATI CON RESTRINGIMENTO<br>CARREGGIATA SU VIA OSPEDALE DI VENERE, STR. DELLA VELA, VIA BONIFACIO, VIA GIUSEPPE MASSARI, CORSO VITTORIO EMANUELE, CONTRADA FERRIGNI, VIA VITTORIO VENETO, VIA UGO FOSCOLO, VIA<br>ZARA, VIA GRADISCA, P.ZZA UMBERTO I (MUNICIPIO 4), PER INTERVENTI MIRATI A CONSEGUIRE LA DISTRETTUALIZZAZIONE, IL CONTROLLO DELLE PRESSIONI ED IL MONITORAGGIO DELLE GRANDEZZE IDRAULICHE NELLE RETI IDRICHE E SOSTITUZIONE DEI TRONCHI VETUSTI ED AMMALORATI DAL 11/02/2026 AL 23/03/2026 E COMUNQUE FINO A FINE LAVORI.<br>SOCIETÀ: ACCIONA AGUA S.A.<br>Durata e tempistiche: dal 11/02/2026 al 27/03/2026]]></description>
      <styleUrl>#icon-1541-E65100</styleUrl>
      <Point>
        <coordinates>
          16.8699815,41.07222,0
        </coordinates>
      </Point>
    </Placemark>
    <Placemark>
      <name>Contrada Ferrigni</name>
      <description><![CDATA[2026/00688<br>https://drive.google.com/file/d/1rwBIhTXHYngedo-ihUEmUyiW005Wn5Ez/view?usp=sharing<br><br>P1557 LOTTO 1. ORDINANZA PER ISTITUIRE TEMPORANEAMENTE UN DIVIETO DI SOSTA, DI FERMATA AMBO I LATI CON RESTRINGIMENTO<br>CARREGGIATA SU VIA OSPEDALE DI VENERE, STR. DELLA VELA, VIA BONIFACIO, VIA GIUSEPPE MASSARI, CORSO VITTORIO EMANUELE, CONTRADA FERRIGNI, VIA VITTORIO VENETO, VIA UGO FOSCOLO, VIA<br>ZARA, VIA GRADISCA, P.ZZA UMBERTO I (MUNICIPIO 4), PER INTERVENTI MIRATI A CONSEGUIRE LA DISTRETTUALIZZAZIONE, IL CONTROLLO DELLE PRESSIONI ED IL MONITORAGGIO DELLE GRANDEZZE IDRAULICHE NELLE RETI IDRICHE E SOSTITUZIONE DEI TRONCHI VETUSTI ED AMMALORATI DAL 11/02/2026 AL 23/03/2026 E COMUNQUE FINO A FINE LAVORI.<br>SOCIETÀ: ACCIONA AGUA S.A.<br>Durata e tempistiche: 11/02/2026 - 27/03/2026]]></description>
      <styleUrl>#line-E65100-4488</styleUrl>
      <LineString>
        <tessellate>1</tessellate>
        <coordinates>
          16.8541106,41.0753274,0
          16.8542233,41.0742113,0
          16.8544486,41.0741668,0
          16.8555912,41.0742356,0
          16.8560901,41.0742032,0
          16.8566212,41.0741203,0
          16.8568465,41.074088,0
        </coordinates>
      </LineString>
    </Placemark>
    <Placemark>
      <name>DIVIETO DI SOSTA, DI FERMATA AMBO I LATI CON RESTINGIMENTO CARREGGIATA
</name>
      <description><![CDATA[DIVIETO DI SOSTA, DI FERMATA AMBO I LATI CON RESTINGIMENTO CARREGGIATA<br>2026/00688<br>https://drive.google.com/file/d/1rwBIhTXHYngedo-ihUEmUyiW005Wn5Ez/view?usp=sharing<br><br>P1557 LOTTO 1. ORDINANZA PER ISTITUIRE TEMPORANEAMENTE UN DIVIETO DI SOSTA, DI FERMATA AMBO I LATI CON RESTRINGIMENTO<br>CARREGGIATA SU VIA OSPEDALE DI VENERE, STR. DELLA VELA, VIA BONIFACIO, VIA GIUSEPPE MASSARI, CORSO VITTORIO EMANUELE, CONTRADA FERRIGNI, VIA VITTORIO VENETO, VIA UGO FOSCOLO, VIA<br>ZARA, VIA GRADISCA, P.ZZA UMBERTO I (MUNICIPIO 4), PER INTERVENTI MIRATI A CONSEGUIRE LA DISTRETTUALIZZAZIONE, IL CONTROLLO DELLE PRESSIONI ED IL MONITORAGGIO DELLE GRANDEZZE IDRAULICHE NELLE RETI IDRICHE E SOSTITUZIONE DEI TRONCHI VETUSTI ED AMMALORATI DAL 11/02/2026 AL 23/03/2026 E COMUNQUE FINO A FINE LAVORI.<br>SOCIETÀ: ACCIONA AGUA S.A.<br>Durata e tempistiche: dal 11/02/2026 al 27/03/2026]]></description>
      <styleUrl>#icon-1541-E65100</styleUrl>
      <Point>
        <coordinates>
          16.8556725,41.0742568,0
        </coordinates>
      </Point>
    </Placemark>
    <Placemark>
      <name>Via Vittorio Veneto</name>
      <description><![CDATA[2026/00688<br>https://drive.google.com/file/d/1rwBIhTXHYngedo-ihUEmUyiW005Wn5Ez/view?usp=sharing<br><br>P1557 LOTTO 1. ORDINANZA PER ISTITUIRE TEMPORANEAMENTE UN DIVIETO DI SOSTA, DI FERMATA AMBO I LATI CON RESTRINGIMENTO<br>CARREGGIATA SU VIA OSPEDALE DI VENERE, STR. DELLA VELA, VIA BONIFACIO, VIA GIUSEPPE MASSARI, CORSO VITTORIO EMANUELE, CONTRADA FERRIGNI, VIA VITTORIO VENETO, VIA UGO FOSCOLO, VIA<br>ZARA, VIA GRADISCA, P.ZZA UMBERTO I (MUNICIPIO 4), PER INTERVENTI MIRATI A CONSEGUIRE LA DISTRETTUALIZZAZIONE, IL CONTROLLO DELLE PRESSIONI ED IL MONITORAGGIO DELLE GRANDEZZE IDRAULICHE NELLE RETI IDRICHE E SOSTITUZIONE DEI TRONCHI VETUSTI ED AMMALORATI DAL 11/02/2026 AL 23/03/2026 E COMUNQUE FINO A FINE LAVORI.<br>SOCIETÀ: ACCIONA AGUA S.A.<br>Durata e tempistiche: 11/02/2026 - 27/03/2026]]></description>
      <styleUrl>#line-E65100-3519</styleUrl>
      <LineString>
        <tessellate>1</tessellate>
        <coordinates>
          16.8707753,41.073365,0
          16.8716979,41.0714805,0
          16.8711347,41.0702753,0
          16.8707431,41.0695999,0
          16.8697078,41.0679013,0
        </coordinates>
      </LineString>
    </Placemark>
    <Placemark>
      <name>DIVIETO DI SOSTA, DI FERMATA AMBO I LATI CON RESTINGIMENTO CARREGGIATA
</name>
      <description><![CDATA[2026/00688<br>https://drive.google.com/file/d/1rwBIhTXHYngedo-ihUEmUyiW005Wn5Ez/view?usp=sharing<br><br>P1557 LOTTO 1. ORDINANZA PER ISTITUIRE TEMPORANEAMENTE UN DIVIETO DI SOSTA, DI FERMATA AMBO I LATI CON RESTRINGIMENTO<br>CARREGGIATA SU VIA OSPEDALE DI VENERE, STR. DELLA VELA, VIA BONIFACIO, VIA GIUSEPPE MASSARI, CORSO VITTORIO EMANUELE, CONTRADA FERRIGNI, VIA VITTORIO VENETO, VIA UGO FOSCOLO, VIA<br>ZARA, VIA GRADISCA, P.ZZA UMBERTO I (MUNICIPIO 4), PER INTERVENTI MIRATI A CONSEGUIRE LA DISTRETTUALIZZAZIONE, IL CONTROLLO DELLE PRESSIONI ED IL MONITORAGGIO DELLE GRANDEZZE IDRAULICHE NELLE RETI IDRICHE E SOSTITUZIONE DEI TRONCHI VETUSTI ED AMMALORATI DAL 11/02/2026 AL 23/03/2026 E COMUNQUE FINO A FINE LAVORI.<br>SOCIETÀ: ACCIONA AGUA S.A.<br>Durata e tempistiche: dal 11/02/2026 al 27/03/2026]]></description>
      <styleUrl>#icon-1541-E65100</styleUrl>
      <Point>
        <coordinates>
          16.8710337,41.0701058,0
        </coordinates>
      </Point>
    </Placemark>
    <Placemark>
      <name>Via Ugo Foscolo</name>
      <description><![CDATA[2026/00688<br>https://drive.google.com/file/d/1rwBIhTXHYngedo-ihUEmUyiW005Wn5Ez/view?usp=sharing<br><br>P1557 LOTTO 1. ORDINANZA PER ISTITUIRE TEMPORANEAMENTE UN DIVIETO DI SOSTA, DI FERMATA AMBO I LATI CON RESTRINGIMENTO<br>CARREGGIATA SU VIA OSPEDALE DI VENERE, STR. DELLA VELA, VIA BONIFACIO, VIA GIUSEPPE MASSARI, CORSO VITTORIO EMANUELE, CONTRADA FERRIGNI, VIA VITTORIO VENETO, VIA UGO FOSCOLO, VIA<br>ZARA, VIA GRADISCA, P.ZZA UMBERTO I (MUNICIPIO 4), PER INTERVENTI MIRATI A CONSEGUIRE LA DISTRETTUALIZZAZIONE, IL CONTROLLO DELLE PRESSIONI ED IL MONITORAGGIO DELLE GRANDEZZE IDRAULICHE NELLE RETI IDRICHE E SOSTITUZIONE DEI TRONCHI VETUSTI ED AMMALORATI DAL 11/02/2026 AL 23/03/2026 E COMUNQUE FINO A FINE LAVORI.<br>SOCIETÀ: ACCIONA AGUA S.A.<br>Durata e tempistiche: 11/02/2026 - 27/03/2026]]></description>
      <styleUrl>#line-E65100-2938</styleUrl>
      <LineString>
        <tessellate>1</tessellate>
        <coordinates>
          16.8656212,41.0683085,0
          16.8659216,41.0687777,0
          16.8664902,41.0694329,0
          16.8672359,41.0701568,0
          16.8677938,41.0709656,0
          16.8681693,41.0716046,0
          16.8687111,41.0726359,0
          16.8690866,41.0732223,0
          16.8694246,41.0736226,0
        </coordinates>
      </LineString>
    </Placemark>
    <Placemark>
      <name>DIVIETO DI SOSTA, DI FERMATA AMBO I LATI CON RESTINGIMENTO CARREGGIATA
</name>
      <description><![CDATA[2026/00688<br>https://drive.google.com/file/d/1rwBIhTXHYngedo-ihUEmUyiW005Wn5Ez/view?usp=sharing<br><br>P1557 LOTTO 1. ORDINANZA PER ISTITUIRE TEMPORANEAMENTE UN DIVIETO DI SOSTA, DI FERMATA AMBO I LATI CON RESTRINGIMENTO<br>CARREGGIATA SU VIA OSPEDALE DI VENERE, STR. DELLA VELA, VIA BONIFACIO, VIA GIUSEPPE MASSARI, CORSO VITTORIO EMANUELE, CONTRADA FERRIGNI, VIA VITTORIO VENETO, VIA UGO FOSCOLO, VIA<br>ZARA, VIA GRADISCA, P.ZZA UMBERTO I (MUNICIPIO 4), PER INTERVENTI MIRATI A CONSEGUIRE LA DISTRETTUALIZZAZIONE, IL CONTROLLO DELLE PRESSIONI ED IL MONITORAGGIO DELLE GRANDEZZE IDRAULICHE NELLE RETI IDRICHE E SOSTITUZIONE DEI TRONCHI VETUSTI ED AMMALORATI DAL 11/02/2026 AL 23/03/2026 E COMUNQUE FINO A FINE LAVORI.<br>SOCIETÀ: ACCIONA AGUA S.A.<br>Durata e tempistiche: dal 11/02/2026 al 27/03/2026]]></description>
      <styleUrl>#icon-1541-E65100</styleUrl>
      <Point>
        <coordinates>
          16.8676121,41.0707102,0
        </coordinates>
      </Point>
    </Placemark>
    <Placemark>
      <name>Via Zara</name>
      <description><![CDATA[2026/00688<br>https://drive.google.com/file/d/1rwBIhTXHYngedo-ihUEmUyiW005Wn5Ez/view?usp=sharing<br><br>P1557 LOTTO 1. ORDINANZA PER ISTITUIRE TEMPORANEAMENTE UN DIVIETO DI SOSTA, DI FERMATA AMBO I LATI CON RESTRINGIMENTO<br>CARREGGIATA SU VIA OSPEDALE DI VENERE, STR. DELLA VELA, VIA BONIFACIO, VIA GIUSEPPE MASSARI, CORSO VITTORIO EMANUELE, CONTRADA FERRIGNI, VIA VITTORIO VENETO, VIA UGO FOSCOLO, VIA<br>ZARA, VIA GRADISCA, P.ZZA UMBERTO I (MUNICIPIO 4), PER INTERVENTI MIRATI A CONSEGUIRE LA DISTRETTUALIZZAZIONE, IL CONTROLLO DELLE PRESSIONI ED IL MONITORAGGIO DELLE GRANDEZZE IDRAULICHE NELLE RETI IDRICHE E SOSTITUZIONE DEI TRONCHI VETUSTI ED AMMALORATI DAL 11/02/2026 AL 23/03/2026 E COMUNQUE FINO A FINE LAVORI.<br>SOCIETÀ: ACCIONA AGUA S.A.<br>Durata e tempistiche: 11/02/2026 - 27/03/2026]]></description>
      <styleUrl>#line-E65100-4681</styleUrl>
      <LineString>
        <tessellate>1</tessellate>
        <coordinates>
          16.8678173,41.0773488,0
          16.8701776,41.0773447,0
        </coordinates>
      </LineString>
    </Placemark>
    <Placemark>
      <name>DIVIETO DI SOSTA, DI FERMATA AMBO I LATI CON RESTINGIMENTO CARREGGIATA
</name>
      <description><![CDATA[2026/00688<br>https://drive.google.com/file/d/1rwBIhTXHYngedo-ihUEmUyiW005Wn5Ez/view?usp=sharing<br><br>P1557 LOTTO 1. ORDINANZA PER ISTITUIRE TEMPORANEAMENTE UN DIVIETO DI SOSTA, DI FERMATA AMBO I LATI CON RESTRINGIMENTO<br>CARREGGIATA SU VIA OSPEDALE DI VENERE, STR. DELLA VELA, VIA BONIFACIO, VIA GIUSEPPE MASSARI, CORSO VITTORIO EMANUELE, CONTRADA FERRIGNI, VIA VITTORIO VENETO, VIA UGO FOSCOLO, VIA<br>ZARA, VIA GRADISCA, P.ZZA UMBERTO I (MUNICIPIO 4), PER INTERVENTI MIRATI A CONSEGUIRE LA DISTRETTUALIZZAZIONE, IL CONTROLLO DELLE PRESSIONI ED IL MONITORAGGIO DELLE GRANDEZZE IDRAULICHE NELLE RETI IDRICHE E SOSTITUZIONE DEI TRONCHI VETUSTI ED AMMALORATI DAL 11/02/2026 AL 23/03/2026 E COMUNQUE FINO A FINE LAVORI.<br>SOCIETÀ: ACCIONA AGUA S.A.<br>Durata e tempistiche: dal 11/02/2026 al 27/03/2026]]></description>
      <styleUrl>#icon-1541-E65100</styleUrl>
      <Point>
        <coordinates>
          16.8686319,41.0773518,0
        </coordinates>
      </Point>
    </Placemark>
    <Placemark>
      <name>Via Gradisca</name>
      <description><![CDATA[2026/00688<br>https://drive.google.com/file/d/1rwBIhTXHYngedo-ihUEmUyiW005Wn5Ez/view?usp=sharing<br><br>P1557 LOTTO 1. ORDINANZA PER ISTITUIRE TEMPORANEAMENTE UN DIVIETO DI SOSTA, DI FERMATA AMBO I LATI CON RESTRINGIMENTO<br>CARREGGIATA SU VIA OSPEDALE DI VENERE, STR. DELLA VELA, VIA BONIFACIO, VIA GIUSEPPE MASSARI, CORSO VITTORIO EMANUELE, CONTRADA FERRIGNI, VIA VITTORIO VENETO, VIA UGO FOSCOLO, VIA<br>ZARA, VIA GRADISCA, P.ZZA UMBERTO I (MUNICIPIO 4), PER INTERVENTI MIRATI A CONSEGUIRE LA DISTRETTUALIZZAZIONE, IL CONTROLLO DELLE PRESSIONI ED IL MONITORAGGIO DELLE GRANDEZZE IDRAULICHE NELLE RETI IDRICHE E SOSTITUZIONE DEI TRONCHI VETUSTI ED AMMALORATI DAL 11/02/2026 AL 23/03/2026 E COMUNQUE FINO A FINE LAVORI.<br>SOCIETÀ: ACCIONA AGUA S.A.<br>Durata e tempistiche: 11/02/2026 - 27/03/2026]]></description>
      <styleUrl>#line-E65100-4681</styleUrl>
      <LineString>
        <tessellate>1</tessellate>
        <coordinates>
          16.8655242,41.075745,0
          16.8651567,41.0758603,0
          16.86491,41.0752739,0
        </coordinates>
      </LineString>
    </Placemark>
    <Placemark>
      <name>DIVIETO DI SOSTA, DI FERMATA AMBO I LATI CON RESTINGIMENTO CARREGGIATA
</name>
      <description><![CDATA[2026/00688<br>https://drive.google.com/file/d/1rwBIhTXHYngedo-ihUEmUyiW005Wn5Ez/view?usp=sharing<br><br>P1557 LOTTO 1. ORDINANZA PER ISTITUIRE TEMPORANEAMENTE UN DIVIETO DI SOSTA, DI FERMATA AMBO I LATI CON RESTRINGIMENTO<br>CARREGGIATA SU VIA OSPEDALE DI VENERE, STR. DELLA VELA, VIA BONIFACIO, VIA GIUSEPPE MASSARI, CORSO VITTORIO EMANUELE, CONTRADA FERRIGNI, VIA VITTORIO VENETO, VIA UGO FOSCOLO, VIA<br>ZARA, VIA GRADISCA, P.ZZA UMBERTO I (MUNICIPIO 4), PER INTERVENTI MIRATI A CONSEGUIRE LA DISTRETTUALIZZAZIONE, IL CONTROLLO DELLE PRESSIONI ED IL MONITORAGGIO DELLE GRANDEZZE IDRAULICHE NELLE RETI IDRICHE E SOSTITUZIONE DEI TRONCHI VETUSTI ED AMMALORATI DAL 11/02/2026 AL 23/03/2026 E COMUNQUE FINO A FINE LAVORI.<br>SOCIETÀ: ACCIONA AGUA S.A.<br>Durata e tempistiche: dal 11/02/2026 al 27/03/2026]]></description>
      <styleUrl>#icon-1541-E65100</styleUrl>
      <Point>
        <coordinates>
          16.8650281,41.0755757,0
        </coordinates>
      </Point>
    </Placemark>
    <Placemark>
      <name>P.zza Umberto</name>
      <description><![CDATA[2026/00688<br>https://drive.google.com/file/d/1rwBIhTXHYngedo-ihUEmUyiW005Wn5Ez/view?usp=sharing<br><br>P1557 LOTTO 1. ORDINANZA PER ISTITUIRE TEMPORANEAMENTE UN DIVIETO DI SOSTA, DI FERMATA AMBO I LATI CON RESTRINGIMENTO<br>CARREGGIATA SU VIA OSPEDALE DI VENERE, STR. DELLA VELA, VIA BONIFACIO, VIA GIUSEPPE MASSARI, CORSO VITTORIO EMANUELE, CONTRADA FERRIGNI, VIA VITTORIO VENETO, VIA UGO FOSCOLO, VIA<br>ZARA, VIA GRADISCA, P.ZZA UMBERTO I (MUNICIPIO 4), PER INTERVENTI MIRATI A CONSEGUIRE LA DISTRETTUALIZZAZIONE, IL CONTROLLO DELLE PRESSIONI ED IL MONITORAGGIO DELLE GRANDEZZE IDRAULICHE NELLE RETI IDRICHE E SOSTITUZIONE DEI TRONCHI VETUSTI ED AMMALORATI DAL 11/02/2026 AL 23/03/2026 E COMUNQUE FINO A FINE LAVORI.<br>SOCIETÀ: ACCIONA AGUA S.A.<br>Durata e tempistiche: 11/02/2026 - 27/03/2026]]></description>
      <styleUrl>#line-E65100-4100</styleUrl>
      <LineString>
        <tessellate>1</tessellate>
        <coordinates>
          16.8700105,41.0745508,0
          16.8695894,41.073924,0
          16.869466,41.0736631,0
          16.8701124,41.0735195,0
          16.8707615,41.0733901,0
          16.8712685,41.0738714,0
          16.8715256,41.0741439,0
          16.8713945,41.0742717,0
          16.870496,41.0744679,0
          16.8700668,41.0745609,0
        </coordinates>
      </LineString>
    </Placemark>
    <Placemark>
      <name>DIVIETO DI SOSTA, DI FERMATA AMBO I LATI CON RESTRINGIMENTO CARREGGIATA</name>
      <description><![CDATA[2026/00688<br>https://drive.google.com/file/d/1rwBIhTXHYngedo-ihUEmUyiW005Wn5Ez/view?usp=sharing<br><br>P1557 LOTTO 1. ORDINANZA PER ISTITUIRE TEMPORANEAMENTE UN DIVIETO DI SOSTA, DI FERMATA AMBO I LATI CON RESTRINGIMENTO<br>CARREGGIATA SU VIA OSPEDALE DI VENERE, STR. DELLA VELA, VIA BONIFACIO, VIA GIUSEPPE MASSARI, CORSO VITTORIO EMANUELE, CONTRADA FERRIGNI, VIA VITTORIO VENETO, VIA UGO FOSCOLO, VIA<br>ZARA, VIA GRADISCA, P.ZZA UMBERTO I (MUNICIPIO 4), PER INTERVENTI MIRATI A CONSEGUIRE LA DISTRETTUALIZZAZIONE, IL CONTROLLO DELLE PRESSIONI ED IL MONITORAGGIO DELLE GRANDEZZE IDRAULICHE NELLE RETI IDRICHE E SOSTITUZIONE DEI TRONCHI VETUSTI ED AMMALORATI DAL 11/02/2026 AL 23/03/2026 E COMUNQUE FINO A FINE LAVORI.<br>SOCIETÀ: ACCIONA AGUA S.A.<br>Durata e tempistiche: dal 11/02/2026 al 27/03/2026]]></description>
      <styleUrl>#icon-1541-E65100</styleUrl>
      <Point>
        <coordinates>
          16.8700929,41.0744406,0
        </coordinates>
      </Point>
    </Placemark>
    <Placemark>
      <name>VIA DE ANGELIS/VIA PEPE</name>
      <description><![CDATA[2026/00694 <br><br>https://drive.google.com/file/d/1tpqtvVKagxNq_H0geT5473x2vE47XDUx/view<br><br>ORDINANZA PER ISTITUIRE TEMPORANEAMENTE UN DIVIETO DI SOSTA AMBO I LATI DELLA CARREGGIATA CON RESTRINGIMENTO CARREGGIATA SU VIA DE ANGELIS DA VIA LOQUERCIO A VIA PEPE E SU VIA PEPE DA VIA DE ANGELIS A TRAVERSA VIA PEPE E SU TRAVERSA VIA PEPE DA VIA PEPE A FINE STRADA PER LAVORI DI SCAVO PER LA POSA CAVI MT DALL’ESECUTIVITÀ DELL’ATTO SINO AL 31/03/2026. IMPRESA: DMF COSTRUZIONI S.R.L. ISTANTE: LOSACCO LUIGI (LEGALE RAPPRESENTANTE DELLA DMF COSTRUZIONI S.R.L.)<br><br>1. L’istituzione temporanea del divieto di sosta ambo i lati della carreggiata con restringimento carreggiata su via De Angelis da via Loquercio a via Pepe e su via Pepe da via De Angelis a Traversa via Pepe e su Traversa via Pepe da via Pepe a fine strada per proseguire con i lavori di scavo per la posa cavi MT; <br>2. Al fine della sicurezza pedonale e veicolare, verranno utilizzati i movieri per la gestione della mobilità e l’utilizzo di transenne metalliche modulari (di dimensioni 3,00 x 2,00) per la delimitazione diurna e notturna del cantiere; <br>3. Tutti i provvedimenti in contrasto con la presente sono momentaneamente e provvisoriamente sospesi e divengono nuovamente efficaci all’esaurimento dei termini previsti dal presente disposto;<br><br>Durata e tempistiche: 12/02/2026 - 31/03/2026 <br><br>2025/03813<br>https://drive.google.com/file/d/1tWxVKas3FXqwr7T79PZNhUuA_Lk2Mn9q/view<br><br>ORDINANZA PER ISTITUIRE TEMPORANEAMENTE UN DIVIETO DI SOSTA<br>AMBO I LATI DELLA CARREGGIATA CON RESTRINGIMENTO CARREGGIATA<br>SU VIA DE ANGELIS DA VIA LOQUERCIO A VIA PEPE E SU VIA PEPE DA VIA<br>DE ANGELIS A TRAVERSA VIA PEPE E SU TRAVERSA VIA PEPE DA VIA<br>PEPE A FINE STRADA PER LAVORI DI SCAVO PER LA POSA CAVI MT DAL<br>01/12/2025 AL 30/01/2026.<br>IMPRESA: DMF COSTRUZIONI S.R.L.<br>ISTANTE: LOSACCO LUIGI (LEGALE RAPPRESENTANTE DELLA DMF<br>COSTRUZIONI S.R.L.)<br><br><br>1. L’istituzione temporanea del divieto di sosta ambo i lati della carreggiata con restringimento carreggiata su via De Angelis da via Loquercio a via Pepe e su via Pepe da via De Angelis a Traversa via Pepe e su Traversa via Pepe da via Pepe a fine strada per lavori di scavo per la posa cavi MT;<br>2. Al fine della sicurezza pedonale e veicolare, verranno utilizzati i movieri per la gestione della mobilità e l’utilizzo di transenne metalliche modulari (di dimensioni 3,00 x 2,00) per la delimitazione diurna e notturna del cantiere;<br>3. Tutti i provvedimenti in contrasto con la presente sono momentaneamente e provvisoriamente sospesi e divengono nuovamente efficaci all’esaurimento dei termini previsti dal presente disposto;<br><br><br>Durata e tempistiche: 01/12/2025 - 30/01/2026]]></description>
      <styleUrl>#line-E65100-3131</styleUrl>
      <LineString>
        <tessellate>1</tessellate>
        <coordinates>
          16.8672163,41.0778203,0
          16.8659959,41.0779659,0
          16.8658323,41.0771774,0
          16.8659369,41.0770156,0
          16.8670125,41.0768963,0
        </coordinates>
      </LineString>
    </Placemark>
    <Placemark>
      <name>divieto di sosta/restringimento carreggiata</name>
      <description><![CDATA[2026/00694 <br><br>https://drive.google.com/file/d/1tpqtvVKagxNq_H0geT5473x2vE47XDUx/view<br><br>ORDINANZA PER ISTITUIRE TEMPORANEAMENTE UN DIVIETO DI SOSTA AMBO I LATI DELLA CARREGGIATA CON RESTRINGIMENTO CARREGGIATA SU VIA DE ANGELIS DA VIA LOQUERCIO A VIA PEPE E SU VIA PEPE DA VIA DE ANGELIS A TRAVERSA VIA PEPE E SU TRAVERSA VIA PEPE DA VIA PEPE A FINE STRADA PER LAVORI DI SCAVO PER LA POSA CAVI MT DALL’ESECUTIVITÀ DELL’ATTO SINO AL 31/03/2026. IMPRESA: DMF COSTRUZIONI S.R.L. ISTANTE: LOSACCO LUIGI (LEGALE RAPPRESENTANTE DELLA DMF COSTRUZIONI S.R.L.)<br><br>1. L’istituzione temporanea del divieto di sosta ambo i lati della carreggiata con restringimento carreggiata su via De Angelis da via Loquercio a via Pepe e su via Pepe da via De Angelis a Traversa via Pepe e su Traversa via Pepe da via Pepe a fine strada per proseguire con i lavori di scavo per la posa cavi MT; <br>2. Al fine della sicurezza pedonale e veicolare, verranno utilizzati i movieri per la gestione della mobilità e l’utilizzo di transenne metalliche modulari (di dimensioni 3,00 x 2,00) per la delimitazione diurna e notturna del cantiere; <br>3. Tutti i provvedimenti in contrasto con la presente sono momentaneamente e provvisoriamente sospesi e divengono nuovamente efficaci all’esaurimento dei termini previsti dal presente disposto;<br><br>Durata e tempistiche: 12/02/2026 - 31/03/2026 <br><br>2025/03813<br>https://drive.google.com/file/d/1tWxVKas3FXqwr7T79PZNhUuA_Lk2Mn9q/view<br><br>ORDINANZA PER ISTITUIRE TEMPORANEAMENTE UN DIVIETO DI SOSTA<br>AMBO I LATI DELLA CARREGGIATA CON RESTRINGIMENTO CARREGGIATA<br>SU VIA DE ANGELIS DA VIA LOQUERCIO A VIA PEPE E SU VIA PEPE DA VIA<br>DE ANGELIS A TRAVERSA VIA PEPE E SU TRAVERSA VIA PEPE DA VIA<br>PEPE A FINE STRADA PER LAVORI DI SCAVO PER LA POSA CAVI MT DAL<br>01/12/2025 AL 30/01/2026.<br>IMPRESA: DMF COSTRUZIONI S.R.L.<br>ISTANTE: LOSACCO LUIGI (LEGALE RAPPRESENTANTE DELLA DMF<br>COSTRUZIONI S.R.L.)<br><br>1. L’istituzione temporanea del divieto di sosta ambo i lati della carreggiata con restringimento carreggiata su via De Angelis da via Loquercio a via Pepe e su via Pepe da via De Angelis a Traversa via Pepe e su Traversa via Pepe da via Pepe a fine strada per lavori di scavo per la posa cavi MT;<br>2. Al fine della sicurezza pedonale e veicolare, verranno utilizzati i movieri per la gestione della mobilità e l’utilizzo di transenne metalliche modulari (di dimensioni 3,00 x 2,00) per la delimitazione diurna e notturna del cantiere;<br>3. Tutti i provvedimenti in contrasto con la presente sono momentaneamente e provvisoriamente sospesi e divengono nuovamente efficaci all’esaurimento dei termini previsti dal presente disposto;<br><br><br>Durata e tempistiche: 01/12/2025 - 30/01/2026]]></description>
      <styleUrl>#icon-1541-E65100</styleUrl>
      <Point>
        <coordinates>
          16.8661286,41.0778765,0
        </coordinates>
      </Point>
    </Placemark>
    <Placemark>
      <name>Via Sparano 135/143</name>
      <description><![CDATA[Ordinanza: 2026/00707<br><br>https://drive.google.com/file/d/19lCJFhAn8yOty7yZfAQcWKPW9SxGosZ-/view<br><br>AUTORIZZAZIONE TEMPORANEA AL TRANSITO E ALLA SOSTA SU VIA<br>SPARANO DAL CIVICO 135 AL CIVICO 143/A PER I MEZZI AL SERVIZIO DEL<br>SIG.RA MUSCIACCHIA REBECCA PER POSIZIONAMENTO DI AUTOSCALA E<br>AUTOCARRO PER IL GIORNO 19/02/2026<br>RICHIEDENTE: SIG.RA MUSCIACCHIA REBECCA<br><br>Durata e tempistiche: 19/02/2026 - 19/02/2026]]></description>
      <styleUrl>#line-E65100-3713</styleUrl>
      <LineString>
        <tessellate>1</tessellate>
        <coordinates>
          16.8699261,41.1197781,0
          16.8699462,41.119567,0
        </coordinates>
      </LineString>
    </Placemark>
    <Placemark>
      <name>AUTORIZZAZIONE TEMPORANEA AL TRANSITO E ALLA SOSTA</name>
      <description><![CDATA[Ordinanza: 2026/00707<br><br>https://drive.google.com/file/d/19lCJFhAn8yOty7yZfAQcWKPW9SxGosZ-/view<br><br>AUTORIZZAZIONE TEMPORANEA AL TRANSITO E ALLA SOSTA SU VIA<br>SPARANO DAL CIVICO 135 AL CIVICO 143/A PER I MEZZI AL SERVIZIO DEL<br>SIG.RA MUSCIACCHIA REBECCA PER POSIZIONAMENTO DI AUTOSCALA E<br>AUTOCARRO PER IL GIORNO 19/02/2026<br>RICHIEDENTE: SIG.RA MUSCIACCHIA REBECCA<br><br>Durata e tempistiche: 19/02/2026 - 19/02/2026]]></description>
      <styleUrl>#icon-1541-E65100</styleUrl>
      <Point>
        <coordinates>
          16.8699704,41.1197722,0
        </coordinates>
      </Point>
    </Placemark>
    <Placemark>
      <name>Via Benedetto Petrone</name>
      <description><![CDATA[2026/00695<br><br>https://drive.google.com/file/d/13AQGxYhnnwjgeN7MxTL3mk4c2MgOCvsj/view<br><br>AUTORIZZAZIONE TEMPORANEA AL TRANSITO E ALLA SOSTA IN DEROGA ALL’ORDINANZA N. 2025/03876 DEL 28.11.2025 D’ISTITUZIONE DELLA ZTL AI VEICOLI AL SERVIZIO DEL SIG. PALMIERI EMANUELE, RESTRINGIMENTO DI CARREGGIATA ,DIVIETO DI SOSTA CON RIMOZIONE FORZATA SU VIA BENEDETTO PETRONE CIV.13 PER LO STAZIONAMENTO DEGLI AUTOMEZZI UTILIZZATI AL FINE DI SVOLGERE LAVORI DI MANUTENZIONE DAL 19/02/26 AL 19/04/26. RICHIEDENTE: SIG. PALMIERI EMANUELE<br><br>Restringimento di carreggiata su via Benedetto Petrone civ 13 e per un’estensione di circa 10m <br>Divieto di sosta con rimozione forzata su via Benedetto Petrone civ 13 e per un’estensione di circa 10m <br>Dal suddetto divieto sono esclusi i veicoli a servizio della ditta esecutrice dei lavori , i veicoli della polizia municipale, delle forze dell’ordine, degli enti di soccorso pubblico e privato e dei vigili del fuoco, durante l’espletamento dei propri compiti istituzionali in servizio d’emergenza, dei residenti, frontisti , delle aree riservate ai diversamente abili e passi carrabili . - le targhe dei veicoli che dovranno entrare nella ZTL dovranno essere comunicate preventivamente a mezzo mail all’ Amtab: segreteria@amtab.it – info@pec.amtabservizi.it e al Comando di Polizia Municipale all’ indirizzo: salaoperativa@comune.bari.it<br><br>Durata e tempistiche: 19/02/2026 - 19/04/2026]]></description>
      <styleUrl>#line-E65100-3131</styleUrl>
      <LineString>
        <tessellate>1</tessellate>
        <coordinates>
          16.8693026,41.1265502,0
          16.8692436,41.126528,0
          16.869257,41.1264361,0
        </coordinates>
      </LineString>
    </Placemark>
    <Placemark>
      <name>restringimento carreggiata/divieto di sosta</name>
      <description><![CDATA[2026/00695<br><br>https://drive.google.com/file/d/13AQGxYhnnwjgeN7MxTL3mk4c2MgOCvsj/view<br><br>AUTORIZZAZIONE TEMPORANEA AL TRANSITO E ALLA SOSTA IN DEROGA ALL’ORDINANZA N. 2025/03876 DEL 28.11.2025 D’ISTITUZIONE DELLA ZTL AI VEICOLI AL SERVIZIO DEL SIG. PALMIERI EMANUELE, RESTRINGIMENTO DI CARREGGIATA ,DIVIETO DI SOSTA CON RIMOZIONE FORZATA SU VIA BENEDETTO PETRONE CIV.13 PER LO STAZIONAMENTO DEGLI AUTOMEZZI UTILIZZATI AL FINE DI SVOLGERE LAVORI DI MANUTENZIONE DAL 19/02/26 AL 19/04/26. RICHIEDENTE: SIG. PALMIERI EMANUELE<br><br>Restringimento di carreggiata su via Benedetto Petrone civ 13 e per un’estensione di circa 10m <br>Divieto di sosta con rimozione forzata su via Benedetto Petrone civ 13 e per un’estensione di circa 10m <br>Dal suddetto divieto sono esclusi i veicoli a servizio della ditta esecutrice dei lavori , i veicoli della polizia municipale, delle forze dell’ordine, degli enti di soccorso pubblico e privato e dei vigili del fuoco, durante l’espletamento dei propri compiti istituzionali in servizio d’emergenza, dei residenti, frontisti , delle aree riservate ai diversamente abili e passi carrabili . - le targhe dei veicoli che dovranno entrare nella ZTL dovranno essere comunicate preventivamente a mezzo mail all’ Amtab: segreteria@amtab.it – info@pec.amtabservizi.it e al Comando di Polizia Municipale all’ indirizzo: salaoperativa@comune.bari.it<br><br>Durata e tempistiche: 19/02/2026 - 19/04/2026]]></description>
      <styleUrl>#icon-1899-E65100</styleUrl>
      <Point>
        <coordinates>
          16.8692873,41.1265148,0
        </coordinates>
      </Point>
    </Placemark>
    <Placemark>
      <name>Via amendola 136-138</name>
      <description><![CDATA[Ordinanza: 2026/00706<br><br>https://drive.google.com/file/d/1OsSJzW-NZPZaIgfi3uuCuEBVKj7-RVph/view<br><br>ISTITUZIONE TEMPORANEA DEL RESTRINGIMENTO DI CARREGGIATA E<br>DIVIETO DI SOSTA CON RIMOZIONE FORZATA SU VIA STOPPELLI 8 – 8/B E<br>VIA AMENDOLA 136-138PER IL POSIZIONAMENTO DI CASSONE SCARRABILE<br>RICHIEDENTE: SIG./SIG.RA DE MARCO PASQUALE<br><br>Durata e Tempistiche: 25/02/2026 - 24/06/2026]]></description>
      <styleUrl>#icon-1541-E65100</styleUrl>
      <Point>
        <coordinates>
          16.8848315,41.1086788,0
        </coordinates>
      </Point>
    </Placemark>
    <Placemark>
      <name>Via Stoppelli 8 - 8/B</name>
      <description><![CDATA[Ordinanza: 2026/00706<br><br>https://drive.google.com/file/d/1OsSJzW-NZPZaIgfi3uuCuEBVKj7-RVph/view<br><br>ISTITUZIONE TEMPORANEA DEL RESTRINGIMENTO DI CARREGGIATA E<br>DIVIETO DI SOSTA CON RIMOZIONE FORZATA SU VIA STOPPELLI 8 – 8/B E<br>VIA AMENDOLA 136-138PER IL POSIZIONAMENTO DI CASSONE SCARRABILE<br>RICHIEDENTE: SIG./SIG.RA DE MARCO PASQUALE<br><br>Durata e Tempistiche: 25/02/2026 - 24/06/2026]]></description>
      <styleUrl>#icon-1541-E65100</styleUrl>
      <Point>
        <coordinates>
          16.8865655,41.1078495,0
        </coordinates>
      </Point>
    </Placemark>
    <Placemark>
      <name>VIA B.BUOZZI</name>
      <description><![CDATA[proroga<br>2026/00696<br><br>https://drive.google.com/file/d/18B-xRwWnyHYOs1V3IrffW2Kk7TRn5H3g/view<br><br> ORDINANZA PER ISTITUIRE TEMPORANEAMENTE UN DIVIETO DI SOSTA AMBO I LATI DELLA CARREGGIATA CON RESTRINGIMENTO CARREGGIATA SU VIA BRUNO BUOZZI DA VIALE EUROPA A VIA GIOVANNI LARICCHIA, PER TERMINARE I LAVORI DI SCAVO PER LA POSA CAVI MT DALL’ESECUTIVITÀ DELL’ATTO SINO AL 31/03/2026. IMPRESA: DMF COSTRUZIONI S.R.L. ISTANTE: LOSACCO LUIGI (LEGALE RAPPRESENTANTE DELLA DMF COSTRUZIONI S.R.L.)<br><br>1. Istituzione temporanea del divieto di sosta ambo i lati della carreggiata con restringimento carreggiata su via Bruno Buozzi da viale Europa a via Giovanni Laricchia, per terminare i lavori di scavo per la posa cavi MT; <br>2. Tutti i provvedimenti in contrasto con la presente sono momentaneamente e provvisoriamente sospesi e divengono nuovamente efficaci all’esaurimento dei termini previsti dal presente disposto;<br><br>Durata e tempistiche: 12/02/2026 - 31/03/2026<br><br>https://drive.google.com/file/d/1pP5YD1wowTvu55c9EesQXUdSCwo7iFd6/view<br><br>ORDINANZA PER ISTITUIRE TEMPORANEAMENTE UN DIVIETO DI SOSTA AMBO I LATI DELLA CARREGGIATA CON RESTRINGIMENTO CARREGGIATA SU VIA BRUNO BUOZZI DA VIALE EUROPA A VIA GIOVANNI LARICCHIA, PER LAVORI DI SCAVO PER LA POSA CAVI MT. PROROGA ORDINANZA DIRIGENZIALE N. 2025/02843 – 2025/185/01343 DEL 26/09/2025 DAL. IMPRESA: DMF COSTRUZIONI S.R.L. ISTANTE: LOSACCO LUIGI (LEGALE RAPPRESENTANTE DELLA DMF COSTRUZIONI S.R.L.)<br>Durata e tempistiche: 01/11/2025 - 31/01/2026]]></description>
      <styleUrl>#line-E65100-4875</styleUrl>
      <LineString>
        <tessellate>1</tessellate>
        <coordinates>
          16.8403243,41.1176719,0
          16.8417512,41.1182053,0
          16.8440686,41.1191065,0
        </coordinates>
      </LineString>
    </Placemark>
    <Placemark>
      <name>DIVIETO DI SOSTA E RESTRINGIMENTO</name>
      <description><![CDATA[proroga<br>2026/00696<br><br>https://drive.google.com/file/d/18B-xRwWnyHYOs1V3IrffW2Kk7TRn5H3g/view<br><br> ORDINANZA PER ISTITUIRE TEMPORANEAMENTE UN DIVIETO DI SOSTA AMBO I LATI DELLA CARREGGIATA CON RESTRINGIMENTO CARREGGIATA SU VIA BRUNO BUOZZI DA VIALE EUROPA A VIA GIOVANNI LARICCHIA, PER TERMINARE I LAVORI DI SCAVO PER LA POSA CAVI MT DALL’ESECUTIVITÀ DELL’ATTO SINO AL 31/03/2026. IMPRESA: DMF COSTRUZIONI S.R.L. ISTANTE: LOSACCO LUIGI (LEGALE RAPPRESENTANTE DELLA DMF COSTRUZIONI S.R.L.)<br><br>1. Istituzione temporanea del divieto di sosta ambo i lati della carreggiata con restringimento carreggiata su via Bruno Buozzi da viale Europa a via Giovanni Laricchia, per terminare i lavori di scavo per la posa cavi MT; <br>2. Tutti i provvedimenti in contrasto con la presente sono momentaneamente e provvisoriamente sospesi e divengono nuovamente efficaci all’esaurimento dei termini previsti dal presente disposto;<br><br>Durata e tempistiche: 12/02/2026 - 31/03/2026<br><br>Ordinanza: 2025/03320<br><br>https://drive.google.com/file/d/1pP5YD1wowTvu55c9EesQXUdSCwo7iFd6/view<br><br>ORDINANZA PER ISTITUIRE TEMPORANEAMENTE UN DIVIETO DI SOSTA AMBO I LATI DELLA CARREGGIATA CON RESTRINGIMENTO CARREGGIATA SU VIA BRUNO BUOZZI DA VIALE EUROPA A VIA GIOVANNI LARICCHIA, PER LAVORI DI SCAVO PER LA POSA CAVI MT. PROROGA ORDINANZA DIRIGENZIALE N. 2025/02843 – 2025/185/01343 DEL 26/09/2025 DAL. IMPRESA: DMF COSTRUZIONI S.R.L. ISTANTE: LOSACCO LUIGI (LEGALE RAPPRESENTANTE DELLA DMF COSTRUZIONI S.R.L.)<br>Durata e tempistiche: 01/11/2025 - 31/01/2026]]></description>
      <styleUrl>#icon-1541-E65100</styleUrl>
      <Point>
        <coordinates>
          16.8439613,41.1191792,0
        </coordinates>
      </Point>
    </Placemark>
    <Placemark>
      <name>Corso Benedetto Croce</name>
      <description><![CDATA[Ordinanza: 2026/00705<br><br>https://drive.google.com/file/d/1mMtyzCo6jTlai0BHXRZZpUUGNgu9ezmS/view<br><br>ISTITUZIONE TEMPORANEA DEL RESTRINGIMENTO DI CARREGGIATA<br>CORSO BENEDETTO CROCE CIV 46 NEL TRATTO COMPRESO TRA LARGO<br>CIAIA E VIA CAPUZZI PER IL POSIZIONAMENTO DI PIATTAFORMA AEREA<br>DAL GIORNI 30 MARZO 2026 AL 31 MARZO 2026 ORE: 07-15.<br>RICHIEDENTE: SIG. TRAVERSA GIUSEPPE<br><br>Durata e Tempistiche: 30/03/2026 - 31/03/2026]]></description>
      <styleUrl>#line-E65100-3906</styleUrl>
      <LineString>
        <tessellate>1</tessellate>
        <coordinates>
          16.8723192,41.1153317,0
          16.8721261,41.116439,0
          16.8720402,41.1171342,0
        </coordinates>
      </LineString>
    </Placemark>
    <Placemark>
      <name>RESTRINGIMENTO DI CARREGGIATA</name>
      <description><![CDATA[Ordinanza: 2026/00705<br><br>https://drive.google.com/file/d/1mMtyzCo6jTlai0BHXRZZpUUGNgu9ezmS/view<br><br>ISTITUZIONE TEMPORANEA DEL RESTRINGIMENTO DI CARREGGIATA<br>CORSO BENEDETTO CROCE CIV 46 NEL TRATTO COMPRESO TRA LARGO<br>CIAIA E VIA CAPUZZI PER IL POSIZIONAMENTO DI PIATTAFORMA AEREA<br>DAL GIORNI 30 MARZO 2026 AL 31 MARZO 2026 ORE: 07-15.<br>RICHIEDENTE: SIG. TRAVERSA GIUSEPPE<br><br>Durata e Tempistiche: 30/03/2026 - 31/03/2026]]></description>
      <styleUrl>#icon-1541-E65100</styleUrl>
      <Point>
        <coordinates>
          16.8721436,41.1170533,0
        </coordinates>
      </Point>
    </Placemark>
    <Placemark>
      <name>Restringimento carreggiata/divieto di sosta: via de bernardis</name>
      <description><![CDATA[2026/00697 <br><br>https://drive.google.com/file/d/1488VyPRBzRCk_hf_pXlNTXj-fIC8-mCc/view<br><br>AUTORIZZAZIONE TEMPORANEA AL TRANSITO DEI MEZZI SUPERIORI AI 35 Q.LI, IN DEROGA ALL’ORDINANZA SINDACALE N. 2322 DEL 20.3.1991, AI VEICOLI AL SERVIZIO DEL SIG. CARLONE VITO ISTITUZIONE TEMPORANEA CHIUSURA AL TRANSITO VEICOLARE CON DIVIETO DI SOSTA ZONA RIMOZIONE SU VIA DE BERNADIS DAL CIVICO 69 AL 79 TRATTO COMPRESO TRA VIA C BUX E VIA VALDOCCO PER POSIZIONAMENTO AUTOMEZZO GETTO CEMENTO PER IL GIORNO 19/02/2026 RICHIEDENTE : SIG. CARLONE VITO<br><br>2. Istituzione temporanea di chiusura al transito veicolare su via De Bernadis dal civico 69 al 79 tratto compreso tra via C Bux e via Valdocco; 3. Istituzione temporanea del divieto di sosta con rimozione forzata ambo i lati su via De Bernadis dal civico 69 al 79 tratto compreso tra via C Bux e via Valdocco;<br><br>Durata e tempistiche: 19/02/2026 - 19/02/2026]]></description>
      <styleUrl>#icon-1541-E65100</styleUrl>
      <Point>
        <coordinates>
          16.8532823,41.118873,0
        </coordinates>
      </Point>
    </Placemark>
    <Placemark>
      <name>VIA CALACE</name>
      <description><![CDATA[proroga<br>2026/00698 <br><br>https://drive.google.com/file/d/1Q3DKkCeyNv-Mci8N8EDDJTqKd4bmUgKD/view<br><br> ORDINANZA PER ISTITUIRE TEMPORANEAMENTE UN DIVIETO DI SOSTA AMBO I LATI DELLA CARREGGIATA CON RESTRINGIMENTO CARREGGIATA DEL TRATTO INTERESSATO DAI LAVORI NELLE VIE CALACE- BUOZZI E VIALE EUROPA PER LAVORI DI SCAVO PER LA POSA CAVI MT DALL’ESECUTIVITÀ DELL’ATTO SINO AL 31/03/2026. IMPRESA: DMF COSTRUZIONI S.R.L. ISTANTE: LOSACCO LUIGI (LEGALE RAPPRESENTANTE DELLA DMF COSTRUZIONI S.R.L.<br><br>1. Istituzione temporanea del divieto di sosta ambo i lati della carreggiata con restringimento carreggiata del tratto interessato dai lavori nelle vie Calace- Buozzi e Viale Europa, per terminare lo scavo per posa cavi MT; <br>2. Tutti i provvedimenti in contrasto con la presente sono momentaneamente e provvisoriamente sospesi e divengono nuovamente efficaci all’esaurimento dei termini previsti dal presente disposto;<br><br>Durata e tempistiche: 12/02/2026 - 31/03/2026<br><br>https://drive.google.com/file/d/1rMfyXIaAgfXExSnZ1Rrv_Id6O-n4sJwg/view<br><br>ORDINANZA PER ISTITUIRE TEMPORANEAMENTE UN DIVIETO DI SOSTA AMBO I LATI DELLA CARREGGIATA CON RESTRINGIMENTO CARREGGIATA DEL TRATTO INTERESSATO DAI LAVORI NELLE VIE CALACE- BUOZZI E VIALE EUROPA PER LAVORI DI SCAVO PER LA POSA CAVI MT. PROROGA ORDINANZA DIRIGENZIALE N. 2025/02841 DEL 26/09/2025. IMPRESA: DMF COSTRUZIONI S.R.L. ISTANTE: LOSACCO LUIGI (LEGALE RAPPRESENTANTE DELLA DMF COSTRUZIONI S.R.L.)<br>Durata e tempistiche: 01/11/2025 - 31/01/2026]]></description>
      <styleUrl>#line-E65100-4681</styleUrl>
      <LineString>
        <tessellate>1</tessellate>
        <coordinates>
          16.8366296,41.1181698,0
          16.8376864,41.1166704,0
          16.8394996,41.1173454,0
        </coordinates>
      </LineString>
    </Placemark>
    <Placemark>
      <name>DIVIETO DI SOSTA E RESTRINGIMENTO</name>
      <description><![CDATA[proroga<br>2026/00698 <br><br>https://drive.google.com/file/d/1Q3DKkCeyNv-Mci8N8EDDJTqKd4bmUgKD/view<br><br> ORDINANZA PER ISTITUIRE TEMPORANEAMENTE UN DIVIETO DI SOSTA AMBO I LATI DELLA CARREGGIATA CON RESTRINGIMENTO CARREGGIATA DEL TRATTO INTERESSATO DAI LAVORI NELLE VIE CALACE- BUOZZI E VIALE EUROPA PER LAVORI DI SCAVO PER LA POSA CAVI MT DALL’ESECUTIVITÀ DELL’ATTO SINO AL 31/03/2026. IMPRESA: DMF COSTRUZIONI S.R.L. ISTANTE: LOSACCO LUIGI (LEGALE RAPPRESENTANTE DELLA DMF COSTRUZIONI S.R.L.<br><br>1. Istituzione temporanea del divieto di sosta ambo i lati della carreggiata con restringimento carreggiata del tratto interessato dai lavori nelle vie Calace- Buozzi e Viale Europa, per terminare lo scavo per posa cavi MT; <br>2. Tutti i provvedimenti in contrasto con la presente sono momentaneamente e provvisoriamente sospesi e divengono nuovamente efficaci all’esaurimento dei termini previsti dal presente disposto;<br><br>Durata e tempistiche: 12/02/2026 - 31/03/2026<br><br>2025/03321<br>https://drive.google.com/file/d/1rMfyXIaAgfXExSnZ1Rrv_Id6O-n4sJwg/view<br><br>ORDINANZA PER ISTITUIRE TEMPORANEAMENTE UN DIVIETO DI SOSTA AMBO I LATI DELLA CARREGGIATA CON RESTRINGIMENTO CARREGGIATA DEL TRATTO INTERESSATO DAI LAVORI NELLE VIE CALACE- BUOZZI E VIALE EUROPA PER LAVORI DI SCAVO PER LA POSA CAVI MT. PROROGA ORDINANZA DIRIGENZIALE N. 2025/02841 DEL 26/09/2025. IMPRESA: DMF COSTRUZIONI S.R.L. ISTANTE: LOSACCO LUIGI (LEGALE RAPPRESENTANTE DELLA DMF COSTRUZIONI S.R.L.)<br>Durata e tempistiche: 01/11/2025 - 31/01/2026]]></description>
      <styleUrl>#icon-1541-E65100</styleUrl>
      <Point>
        <coordinates>
          16.8376972,41.1167998,0
        </coordinates>
      </Point>
    </Placemark>
    <Placemark>
      <name>viale Vittorio Emanuele Orlando/Corso Vittorio Veneto</name>
      <description><![CDATA[2026/00699 <br><br>https://drive.google.com/file/d/1Wj8VoRa_LyvxsIs_El0xy3gdmDO9tKps/view<br><br>ORDINANZA PER ISTITUIRE TEMPORANEAMENTE UN DIVIETO DI SOSTA AMBO I LATI DELLA CARREGGIATA CON RESTRINGIMENTO CARREGGIATA SU VIALE VITTORIO EMANUELE ORLANDO DAL CIVICO 8 A CORSO VITTORIO VENETO E SU CORSO VITTORIO VENETO PER CIRCA MT. 50 DI SCAVO DA VIA EMANUELE ORLANDO FINO A INGRESSO PORTO PER POSA CAVI MT, DAL 13/02/2026 AL 28/02/2026. IMPRESA: DMF COSTRUZIONI S.R.L. ISTANTE: LOSACCO LUIGI (LEGALE RAPPRESENTANTE DELLA DMF COSTRUZIONI S.R.L.) <br><br>1. L’istituzione temporanea del divieto di sosta ambo i lati della carreggiata con restringimento carreggiata su viale Vittorio Emanuele Orlando dal civico 8 a Corso Vittorio Veneto e su Corso Vittorio Veneto per circa mt. 50 di scavo da via Emanuele Orlando fino a ingresso Porto, per lavori di scavo per la posa cavi MT; <br>2. Al fine della sicurezza pedonale e veicolare, verranno utilizzati i movieri per la gestione della mobilità e l’utilizzo di transenne metalliche modulari (di dimensioni 3,00 x 2,00) per la delimitazione diurna e notturna del cantiere; <br>3. Tutti i provvedimenti in contrasto con la presente sono momentaneamente e provvisoriamente sospesi e divengono nuovamente efficaci all’esaurimento dei termini previsti dal presente disposto; <br><br>Durata e tempistiche: 13/02/2026 - 28/02/2026]]></description>
      <styleUrl>#line-E65100-5069</styleUrl>
      <LineString>
        <tessellate>1</tessellate>
        <coordinates>
          16.8427786,41.1336504,0
          16.8441466,41.1339655,0
          16.8449244,41.1330767,0
        </coordinates>
      </LineString>
    </Placemark>
    <Placemark>
      <name>Restringimento carreggiata/divieto di sosta</name>
      <description><![CDATA[2026/00699 <br><br>https://drive.google.com/file/d/1Wj8VoRa_LyvxsIs_El0xy3gdmDO9tKps/view<br><br>ORDINANZA PER ISTITUIRE TEMPORANEAMENTE UN DIVIETO DI SOSTA AMBO I LATI DELLA CARREGGIATA CON RESTRINGIMENTO CARREGGIATA SU VIALE VITTORIO EMANUELE ORLANDO DAL CIVICO 8 A CORSO VITTORIO VENETO E SU CORSO VITTORIO VENETO PER CIRCA MT. 50 DI SCAVO DA VIA EMANUELE ORLANDO FINO A INGRESSO PORTO PER POSA CAVI MT, DAL 13/02/2026 AL 28/02/2026. IMPRESA: DMF COSTRUZIONI S.R.L. ISTANTE: LOSACCO LUIGI (LEGALE RAPPRESENTANTE DELLA DMF COSTRUZIONI S.R.L.) <br><br>1. L’istituzione temporanea del divieto di sosta ambo i lati della carreggiata con restringimento carreggiata su viale Vittorio Emanuele Orlando dal civico 8 a Corso Vittorio Veneto e su Corso Vittorio Veneto per circa mt. 50 di scavo da via Emanuele Orlando fino a ingresso Porto, per lavori di scavo per la posa cavi MT; <br>2. Al fine della sicurezza pedonale e veicolare, verranno utilizzati i movieri per la gestione della mobilità e l’utilizzo di transenne metalliche modulari (di dimensioni 3,00 x 2,00) per la delimitazione diurna e notturna del cantiere; <br>3. Tutti i provvedimenti in contrasto con la presente sono momentaneamente e provvisoriamente sospesi e divengono nuovamente efficaci all’esaurimento dei termini previsti dal presente disposto; <br><br>Durata e tempistiche: 13/02/2026 - 28/02/2026]]></description>
      <styleUrl>#icon-1541-E65100</styleUrl>
      <Point>
        <coordinates>
          16.8438702,41.1337473,0
        </coordinates>
      </Point>
    </Placemark>
    <Placemark>
      <name>CORSO UMBERTO I ZONA MUNICIPIO 5</name>
      <description><![CDATA[proroga: 2026/00700 <br><br>https://drive.google.com/file/d/1fP-0RIbV8uC2MtRrbHo58bYj-8fMktLk/view<br><br>P1557 LOTTO 1. ORDINANZA PER ISTITUIRE TEMPORANEAMENTE UN DIVIETO DI SOSTA, DI FERMATA AMBO I LATI CON TRANSITO VEICOLARE CON SENSO UNICO ALTERNATO NONCHÈ RESTRINGIMENTO CARREGGIATA SU CORSO UMBERTO I ZONA MUNICIPIO 5, PER INTERVENTI MIRATI A CONSEGUIRE LA DISTRETTUALIZZAZIONE, IL CONTROLLO DELLE PRESSIONI ED IL MONITORAGGIO DELLE GRANDEZZE IDRAULICHE NELLE RETI IDRICHE E SOSTITUZIONE DEI TRONCHI VETUSTI ED AMMALORATI DALL’ESECUTIVITÀ DELL’ATTO SINO 29/04/2026. SOCIETÀ: ACCIONA AGUA S.A.<br><br>1. L’istituzione temporanea del divieto di sosta, di fermata ambo i lati con transito veicolare con senso unico alternato nonchè restringimento carreggiata su Corso Umberto I zona Municipio 5, per interventi mirati a conseguire la distrettualizzazione, il controllo delle pressioni ed il monitoraggio delle grandezze idrauliche nelle reti idriche e sostituzione dei tronchi vetusti ed ammalorati;<br> 2. Il cantiere sarà dinamico, ben delimitato con apposite recinzioni a protezione delle aree di lavoro, il tutto eseguito a perfetta regola d’arte; <br>3. I lavori saranno svolti nei giorni dal lunedì al venerdì, dalle ore 07.00 alle ore 17.00 e salvo urgenze e necessità anche nei giorni di sabato e domenica dalle ore 00.00 alle ore 24.00; <br>4. Tutti i provvedimenti in contrasto con la presente sono momentaneamente e provvisoriamente sospesi e divengono nuovamente efficaci all’esaurimento dei termini previsti dal presente disposto; <br><br>Durata e tempistiche: 12/02/2026 - 29/04/2026<br><br>2026/00019<br>https://drive.google.com/file/d/1H-zPhSKoJT4nox0waRkHDBjQcCZlmBpn/view?usp=sharing<br><br>P1557 LOTTO 1. ORDINANZA PER ISTITUIRE TEMPORANEAMENTE UN<br>DIVIETO DI SOSTA, DI FERMATA AMBO I LATI CON TRANSITO VEICOLARE<br>CON SENSO UNICO ALTERNATO NONCHÈ RESTRINGIMENTO<br>CARREGGIATA SU CORSO UMBERTO I ZONA MUNICIPIO 5, PER INTERVENTI<br>MIRATI A CONSEGUIRE LA DISTRETTUALIZZAZIONE, IL CONTROLLO DELLE<br>PRESSIONI ED IL MONITORAGGIO DELLE GRANDEZZE IDRAULICHE NELLE<br>RETI IDRICHE E SOSTITUZIONE DEI TRONCHI VETUSTI ED AMMALORATI<br>DAL 12/01/2026 AL 20/01/2026.<br>SOCIETÀ: ACCIONA AGUA S.A.<br><br>1. L’istituzione temporanea del divieto di sosta, di fermata ambo i lati con transito veicolare con senso unico<br>alternato nonchè restringimento carreggiata su Corso Umberto I zona Municipio 5, per interventi mirati a<br>conseguire la distrettualizzazione, il controllo delle pressioni ed il monitoraggio delle grandezze idrauliche<br>nelle reti idriche e sostituzione dei tronchi vetusti ed ammalorati;<br>2. Il cantiere sarà dinamico, ben delimitato con apposite recinzioni a protezione delle aree di lavoro, il tutto<br>eseguito a perfetta regola d’arte;<br>3. I lavori saranno svolti nei giorni dal lunedì al venerdì, dalle ore 07.00 alle ore 17.00 e salvo urgenze e<br>necessità anche nei giorni di sabato e domenica dalle ore 00.00 alle ore 24.00;<br>4. Tutti i provvedimenti in contrasto con la presente sono momentaneamente e provvisoriamente sospesi e<br>divengono nuovamente efficaci all’esaurimento dei termini previsti dal presente disposto;<br><br>Durata e tempistiche: dal 12/01/2026 al 20/01/2026]]></description>
      <styleUrl>#line-E65100-6425</styleUrl>
      <LineString>
        <tessellate>1</tessellate>
        <coordinates>
          16.751461,41.163238,0
          16.7499156,41.1594141,0
          16.7476196,41.1537677,0
        </coordinates>
      </LineString>
    </Placemark>
    <Placemark>
      <name>divieto di sosta, fermata e senso unico alternato</name>
      <description><![CDATA[Proroga: 2026/00700 <br><br>https://drive.google.com/file/d/1fP-0RIbV8uC2MtRrbHo58bYj-8fMktLk/view<br><br>P1557 LOTTO 1. ORDINANZA PER ISTITUIRE TEMPORANEAMENTE UN DIVIETO DI SOSTA, DI FERMATA AMBO I LATI CON TRANSITO VEICOLARE CON SENSO UNICO ALTERNATO NONCHÈ RESTRINGIMENTO CARREGGIATA SU CORSO UMBERTO I ZONA MUNICIPIO 5, PER INTERVENTI MIRATI A CONSEGUIRE LA DISTRETTUALIZZAZIONE, IL CONTROLLO DELLE PRESSIONI ED IL MONITORAGGIO DELLE GRANDEZZE IDRAULICHE NELLE RETI IDRICHE E SOSTITUZIONE DEI TRONCHI VETUSTI ED AMMALORATI DALL’ESECUTIVITÀ DELL’ATTO SINO 29/04/2026. SOCIETÀ: ACCIONA AGUA S.A.<br><br>1. L’istituzione temporanea del divieto di sosta, di fermata ambo i lati con transito veicolare con senso unico alternato nonchè restringimento carreggiata su Corso Umberto I zona Municipio 5, per interventi mirati a conseguire la distrettualizzazione, il controllo delle pressioni ed il monitoraggio delle grandezze idrauliche nelle reti idriche e sostituzione dei tronchi vetusti ed ammalorati;<br> 2. Il cantiere sarà dinamico, ben delimitato con apposite recinzioni a protezione delle aree di lavoro, il tutto eseguito a perfetta regola d’arte; <br>3. I lavori saranno svolti nei giorni dal lunedì al venerdì, dalle ore 07.00 alle ore 17.00 e salvo urgenze e necessità anche nei giorni di sabato e domenica dalle ore 00.00 alle ore 24.00; <br>4. Tutti i provvedimenti in contrasto con la presente sono momentaneamente e provvisoriamente sospesi e divengono nuovamente efficaci all’esaurimento dei termini previsti dal presente disposto; <br><br>Durata e tempistiche: 12/02/2026 - 29/04/2026<br><br>2026/00019<br>https://drive.google.com/file/d/1H-zPhSKoJT4nox0waRkHDBjQcCZlmBpn/view?usp=sharing<br><br>P1557 LOTTO 1. ORDINANZA PER ISTITUIRE TEMPORANEAMENTE UN<br>DIVIETO DI SOSTA, DI FERMATA AMBO I LATI CON TRANSITO VEICOLARE<br>CON SENSO UNICO ALTERNATO NONCHÈ RESTRINGIMENTO<br>CARREGGIATA SU CORSO UMBERTO I ZONA MUNICIPIO 5, PER INTERVENTI<br>MIRATI A CONSEGUIRE LA DISTRETTUALIZZAZIONE, IL CONTROLLO DELLE<br>PRESSIONI ED IL MONITORAGGIO DELLE GRANDEZZE IDRAULICHE NELLE<br>RETI IDRICHE E SOSTITUZIONE DEI TRONCHI VETUSTI ED AMMALORATI<br>DAL 12/01/2026 AL 20/01/2026.<br>SOCIETÀ: ACCIONA AGUA S.A.]]></description>
      <styleUrl>#icon-1541-E65100</styleUrl>
      <Point>
        <coordinates>
          16.7505057,41.160965,0
        </coordinates>
      </Point>
    </Placemark>
  </Document>
</kml>
